2025-04-10 14:07:08,722 [Worker-2: Loading available Gradle versions] INFO  o.e.b.c.i.u.g.PublishedGradleVersions - Gradle version information cache is not available. Remote download required.
2025-04-10 14:35:46,208 [Worker-11: Import Getting Started Content] INFO  o.e.m.c.i.l.LifecycleMappingFactory - Using org.eclipse.m2e.jdt.JarLifecycleMapping lifecycle mapping for MavenProject: com.bbva.servicioconversiondivisas:servicio-conversion-divisas:0.0.1-SNAPSHOT @ C:\Users\Rosmira\OneDrive\Documentos\PruebasBBVA\workspace\servicio-conversion-divisas\pom.xml.
2025-04-10 14:35:46,917 [Worker-11: Import Getting Started Content] INFO  o.e.m.j.i.AbstractJavaProjectConfigurator - Adding source folder /servicio-conversion-divisas/src/main/java
2025-04-10 14:35:46,919 [Worker-11: Import Getting Started Content] INFO  o.e.m.j.i.AbstractJavaProjectConfigurator - Adding resource folder /servicio-conversion-divisas/src/main/resources
2025-04-10 14:35:46,922 [Worker-11: Import Getting Started Content] INFO  o.e.m.j.i.AbstractJavaProjectConfigurator - Adding resource folder /servicio-conversion-divisas/src/main/resources
2025-04-10 14:35:46,925 [Worker-11: Import Getting Started Content] INFO  o.e.m.j.i.AbstractJavaProjectConfigurator - Adding source folder /servicio-conversion-divisas/src/test/java
2025-04-10 14:35:46,926 [Worker-11: Import Getting Started Content] INFO  o.e.m.j.i.AbstractJavaProjectConfigurator - Adding resource folder /servicio-conversion-divisas/src/test/resources
2025-04-10 14:35:47,627 [Worker-11: Import Getting Started Content] INFO  o.e.m.c.i.p.ProjectConfigurationManager - Imported and configured 1 project(s) in 3 sec
2025-04-10 14:35:47,632 [Worker-11: Import Getting Started Content] INFO  o.e.m.c.i.p.ProjectConfigurationManager - Update started
2025-04-10 14:35:47,851 [Worker-11: Import Getting Started Content] INFO  o.e.m.c.i.l.LifecycleMappingFactory - Using org.eclipse.m2e.jdt.JarLifecycleMapping lifecycle mapping for MavenProject: com.bbva.servicioconversiondivisas:servicio-conversion-divisas:0.0.1-SNAPSHOT @ C:\Users\Rosmira\OneDrive\Documentos\PruebasBBVA\workspace\servicio-conversion-divisas\pom.xml.
2025-04-10 14:35:48,099 [Worker-11: Import Getting Started Content] INFO  o.e.m.j.i.AbstractJavaProjectConfigurator - Adding source folder /servicio-conversion-divisas/src/main/java
2025-04-10 14:35:48,100 [Worker-11: Import Getting Started Content] INFO  o.e.m.j.i.AbstractJavaProjectConfigurator - Adding resource folder /servicio-conversion-divisas/src/main/resources
2025-04-10 14:35:48,101 [Worker-11: Import Getting Started Content] INFO  o.e.m.j.i.AbstractJavaProjectConfigurator - Adding resource folder /servicio-conversion-divisas/src/main/resources
2025-04-10 14:35:48,101 [Worker-11: Import Getting Started Content] INFO  o.e.m.j.i.AbstractJavaProjectConfigurator - Adding source folder /servicio-conversion-divisas/src/test/java
2025-04-10 14:35:48,102 [Worker-11: Import Getting Started Content] INFO  o.e.m.j.i.AbstractJavaProjectConfigurator - Adding resource folder /servicio-conversion-divisas/src/test/resources
2025-04-10 14:35:48,457 [Worker-11: Import Getting Started Content] INFO  o.e.m.c.i.p.ProjectConfigurationManager - Update completed for 1 poms: local refresh takes 0,00 sec, refresh facades takes 0,00 sec, update config takes 0,00 sec 
2025-04-10 14:35:49,495 [Worker-11: Building] INFO  o.a.m.s.f.DefaultMavenResourcesFiltering - Copying 1 resource from src\main\resources to target\classes
2025-04-10 14:35:49,531 [Worker-11: Building] INFO  o.a.m.s.f.DefaultMavenResourcesFiltering - Copying 0 resource from src\main\resources to target\classes
2025-04-10 14:35:49,537 [Worker-11: Building] INFO  o.a.m.s.f.DefaultMavenResourcesFiltering - skip non existing resourceDirectory C:\Users\Rosmira\OneDrive\Documentos\PruebasBBVA\workspace\servicio-conversion-divisas\src\test\resources
2025-04-10 14:45:45,377 [Worker-19: Building] INFO  o.a.m.s.f.DefaultMavenResourcesFiltering - Copying 1 resource from src\main\resources to target\classes
2025-04-10 14:45:45,386 [Worker-19: Building] INFO  o.a.m.s.f.DefaultMavenResourcesFiltering - Copying 0 resource from src\main\resources to target\classes
2025-04-10 14:45:45,391 [Worker-19: Building] INFO  o.a.m.s.f.DefaultMavenResourcesFiltering - skip non existing resourceDirectory C:\Users\Rosmira\OneDrive\Documentos\PruebasBBVA\workspace\servicio-conversion-divisas\src\test\resources
2025-04-10 14:46:29,416 [Worker-19: Building] INFO  o.a.m.s.f.DefaultMavenResourcesFiltering - Copying 1 resource from src\main\resources to target\classes
2025-04-10 14:46:29,421 [Worker-19: Building] INFO  o.a.m.s.f.DefaultMavenResourcesFiltering - Copying 0 resource from src\main\resources to target\classes
2025-04-10 14:46:29,426 [Worker-19: Building] INFO  o.a.m.s.f.DefaultMavenResourcesFiltering - skip non existing resourceDirectory C:\Users\Rosmira\OneDrive\Documentos\PruebasBBVA\workspace\servicio-conversion-divisas\src\test\resources
2025-04-10 14:46:53,603 [Worker-4: Building] INFO  o.a.m.s.f.DefaultMavenResourcesFiltering - Copying 1 resource from src\main\resources to target\classes
2025-04-10 14:46:53,609 [Worker-4: Building] INFO  o.a.m.s.f.DefaultMavenResourcesFiltering - Copying 0 resource from src\main\resources to target\classes
2025-04-10 14:46:53,613 [Worker-4: Building] INFO  o.a.m.s.f.DefaultMavenResourcesFiltering - skip non existing resourceDirectory C:\Users\Rosmira\OneDrive\Documentos\PruebasBBVA\workspace\servicio-conversion-divisas\src\test\resources
2025-04-10 14:47:38,510 [Worker-21: Building] INFO  o.a.m.s.f.DefaultMavenResourcesFiltering - Copying 1 resource from src\main\resources to target\classes
2025-04-10 14:47:38,516 [Worker-21: Building] INFO  o.a.m.s.f.DefaultMavenResourcesFiltering - Copying 0 resource from src\main\resources to target\classes
2025-04-10 14:47:38,523 [Worker-21: Building] INFO  o.a.m.s.f.DefaultMavenResourcesFiltering - skip non existing resourceDirectory C:\Users\Rosmira\OneDrive\Documentos\PruebasBBVA\workspace\servicio-conversion-divisas\src\test\resources
2025-04-10 14:48:42,218 [Worker-4: Building] INFO  o.a.m.s.f.DefaultMavenResourcesFiltering - Copying 1 resource from src\main\resources to target\classes
2025-04-10 14:48:42,222 [Worker-4: Building] INFO  o.a.m.s.f.DefaultMavenResourcesFiltering - Copying 0 resource from src\main\resources to target\classes
2025-04-10 14:48:42,227 [Worker-4: Building] INFO  o.a.m.s.f.DefaultMavenResourcesFiltering - skip non existing resourceDirectory C:\Users\Rosmira\OneDrive\Documentos\PruebasBBVA\workspace\servicio-conversion-divisas\src\test\resources
2025-04-10 14:51:01,828 [Worker-20: Building] INFO  o.a.m.s.f.DefaultMavenResourcesFiltering - Copying 1 resource from src\main\resources to target\classes
2025-04-10 14:51:01,841 [Worker-20: Building] INFO  o.a.m.s.f.DefaultMavenResourcesFiltering - Copying 0 resource from src\main\resources to target\classes
2025-04-10 14:51:01,845 [Worker-20: Building] INFO  o.a.m.s.f.DefaultMavenResourcesFiltering - skip non existing resourceDirectory C:\Users\Rosmira\OneDrive\Documentos\PruebasBBVA\workspace\servicio-conversion-divisas\src\test\resources
2025-04-10 15:10:21,526 [Worker-19: Building] INFO  o.a.m.s.f.DefaultMavenResourcesFiltering - Copying 1 resource from src\main\resources to target\classes
2025-04-10 15:10:21,540 [Worker-19: Building] INFO  o.a.m.s.f.DefaultMavenResourcesFiltering - Copying 0 resource from src\main\resources to target\classes
2025-04-10 15:10:21,543 [Worker-19: Building] INFO  o.a.m.s.f.DefaultMavenResourcesFiltering - skip non existing resourceDirectory C:\Users\Rosmira\OneDrive\Documentos\PruebasBBVA\workspace\servicio-conversion-divisas\src\test\resources
2025-04-10 15:11:10,450 [Worker-24: Building] INFO  o.a.m.s.f.DefaultMavenResourcesFiltering - Copying 1 resource from src\main\resources to target\classes
2025-04-10 15:11:10,462 [Worker-24: Building] INFO  o.a.m.s.f.DefaultMavenResourcesFiltering - Copying 0 resource from src\main\resources to target\classes
2025-04-10 15:11:10,465 [Worker-24: Building] INFO  o.a.m.s.f.DefaultMavenResourcesFiltering - skip non existing resourceDirectory C:\Users\Rosmira\OneDrive\Documentos\PruebasBBVA\workspace\servicio-conversion-divisas\src\test\resources
2025-04-10 15:11:12,518 [Worker-16: Building] INFO  o.a.m.s.f.DefaultMavenResourcesFiltering - Copying 1 resource from src\main\resources to target\classes
2025-04-10 15:11:12,529 [Worker-16: Building] INFO  o.a.m.s.f.DefaultMavenResourcesFiltering - Copying 0 resource from src\main\resources to target\classes
2025-04-10 15:11:12,530 [Worker-16: Building] INFO  o.a.m.s.f.DefaultMavenResourcesFiltering - skip non existing resourceDirectory C:\Users\Rosmira\OneDrive\Documentos\PruebasBBVA\workspace\servicio-conversion-divisas\src\test\resources
2025-04-10 15:12:24,856 [Worker-22: Building] INFO  o.a.m.s.f.DefaultMavenResourcesFiltering - Copying 1 resource from src\main\resources to target\classes
2025-04-10 15:12:24,860 [Worker-22: Building] INFO  o.a.m.s.f.DefaultMavenResourcesFiltering - Copying 0 resource from src\main\resources to target\classes
2025-04-10 15:12:24,862 [Worker-22: Building] INFO  o.a.m.s.f.DefaultMavenResourcesFiltering - skip non existing resourceDirectory C:\Users\Rosmira\OneDrive\Documentos\PruebasBBVA\workspace\servicio-conversion-divisas\src\test\resources
2025-04-10 15:12:31,451 [Worker-23: Building] INFO  o.a.m.s.f.DefaultMavenResourcesFiltering - Copying 0 resource from src\main\resources to target\classes
2025-04-10 15:12:31,452 [Worker-23: Building] INFO  o.a.m.s.f.DefaultMavenResourcesFiltering - Copying 1 resource from src\main\resources to target\classes
2025-04-10 15:12:31,456 [Worker-23: Building] INFO  o.a.m.s.f.DefaultMavenResourcesFiltering - skip non existing resourceDirectory C:\Users\Rosmira\OneDrive\Documentos\PruebasBBVA\workspace\servicio-conversion-divisas\src\test\resources
2025-04-10 15:48:41,360 [Worker-24: Building] INFO  o.a.m.s.f.DefaultMavenResourcesFiltering - Copying 0 resource from src\main\resources to target\classes
2025-04-10 15:48:41,361 [Worker-24: Building] INFO  o.a.m.s.f.DefaultMavenResourcesFiltering - Copying 1 resource from src\main\resources to target\classes
2025-04-10 15:48:41,364 [Worker-24: Building] INFO  o.a.m.s.f.DefaultMavenResourcesFiltering - skip non existing resourceDirectory C:\Users\Rosmira\OneDrive\Documentos\PruebasBBVA\workspace\servicio-conversion-divisas\src\test\resources
2025-04-10 15:48:45,327 [Worker-24: Building] INFO  o.a.m.s.f.DefaultMavenResourcesFiltering - Copying 1 resource from src\main\resources to target\classes
2025-04-10 15:48:45,337 [Worker-24: Building] INFO  o.a.m.s.f.DefaultMavenResourcesFiltering - Copying 0 resource from src\main\resources to target\classes
2025-04-10 15:48:45,339 [Worker-24: Building] INFO  o.a.m.s.f.DefaultMavenResourcesFiltering - skip non existing resourceDirectory C:\Users\Rosmira\OneDrive\Documentos\PruebasBBVA\workspace\servicio-conversion-divisas\src\test\resources
2025-04-10 15:49:18,386 [Worker-28: Building] INFO  o.a.m.s.f.DefaultMavenResourcesFiltering - Copying 1 resource from src\main\resources to target\classes
2025-04-10 15:49:18,392 [Worker-28: Building] INFO  o.a.m.s.f.DefaultMavenResourcesFiltering - Copying 1 resource from src\main\resources to target\classes
2025-04-10 15:49:18,394 [Worker-28: Building] INFO  o.a.m.s.f.DefaultMavenResourcesFiltering - skip non existing resourceDirectory C:\Users\Rosmira\OneDrive\Documentos\PruebasBBVA\workspace\servicio-conversion-divisas\src\test\resources
2025-04-10 15:58:27,608 [Worker-26: Building] INFO  o.a.m.s.f.DefaultMavenResourcesFiltering - Copying 1 resource from src\main\resources to target\classes
2025-04-10 15:58:27,620 [Worker-26: Building] INFO  o.a.m.s.f.DefaultMavenResourcesFiltering - Copying 1 resource from src\main\resources to target\classes
2025-04-10 15:58:27,622 [Worker-26: Building] INFO  o.a.m.s.f.DefaultMavenResourcesFiltering - skip non existing resourceDirectory C:\Users\Rosmira\OneDrive\Documentos\PruebasBBVA\workspace\servicio-conversion-divisas\src\test\resources
2025-04-10 16:02:50,094 [Worker-28: Building] INFO  o.a.m.s.f.DefaultMavenResourcesFiltering - Copying 1 resource from src\main\resources to target\classes
2025-04-10 16:02:50,101 [Worker-28: Building] INFO  o.a.m.s.f.DefaultMavenResourcesFiltering - Copying 1 resource from src\main\resources to target\classes
2025-04-10 16:02:50,104 [Worker-28: Building] INFO  o.a.m.s.f.DefaultMavenResourcesFiltering - skip non existing resourceDirectory C:\Users\Rosmira\OneDrive\Documentos\PruebasBBVA\workspace\servicio-conversion-divisas\src\test\resources
2025-04-10 16:28:57,835 [Worker-31: Building] INFO  o.a.m.s.f.DefaultMavenResourcesFiltering - Copying 1 resource from src\main\resources to target\classes
2025-04-10 16:28:57,845 [Worker-31: Building] INFO  o.a.m.s.f.DefaultMavenResourcesFiltering - Copying 1 resource from src\main\resources to target\classes
2025-04-10 16:28:57,848 [Worker-31: Building] INFO  o.a.m.s.f.DefaultMavenResourcesFiltering - skip non existing resourceDirectory C:\Users\Rosmira\OneDrive\Documentos\PruebasBBVA\workspace\servicio-conversion-divisas\src\test\resources
2025-04-10 16:35:05,923 [Worker-25: Building] INFO  o.a.m.s.f.DefaultMavenResourcesFiltering - Copying 1 resource from src\main\resources to target\classes
2025-04-10 16:35:05,946 [Worker-25: Building] INFO  o.a.m.s.f.DefaultMavenResourcesFiltering - Copying 1 resource from src\main\resources to target\classes
2025-04-10 16:35:05,951 [Worker-25: Building] INFO  o.a.m.s.f.DefaultMavenResourcesFiltering - skip non existing resourceDirectory C:\Users\Rosmira\OneDrive\Documentos\PruebasBBVA\workspace\servicio-conversion-divisas\src\test\resources
2025-04-10 16:51:39,200 [Worker-31: Building] INFO  o.a.m.s.f.DefaultMavenResourcesFiltering - Copying 1 resource from src\main\resources to target\classes
2025-04-10 16:51:39,219 [Worker-31: Building] INFO  o.a.m.s.f.DefaultMavenResourcesFiltering - Copying 1 resource from src\main\resources to target\classes
2025-04-10 16:51:39,223 [Worker-31: Building] INFO  o.a.m.s.f.DefaultMavenResourcesFiltering - skip non existing resourceDirectory C:\Users\Rosmira\OneDrive\Documentos\PruebasBBVA\workspace\servicio-conversion-divisas\src\test\resources
2025-04-10 16:54:45,706 [Worker-36: Building] INFO  o.a.m.s.f.DefaultMavenResourcesFiltering - Copying 1 resource from src\main\resources to target\classes
2025-04-10 16:54:45,714 [Worker-36: Building] INFO  o.a.m.s.f.DefaultMavenResourcesFiltering - Copying 1 resource from src\main\resources to target\classes
2025-04-10 16:54:45,716 [Worker-36: Building] INFO  o.a.m.s.f.DefaultMavenResourcesFiltering - skip non existing resourceDirectory C:\Users\Rosmira\OneDrive\Documentos\PruebasBBVA\workspace\servicio-conversion-divisas\src\test\resources
2025-04-10 16:57:13,765 [Worker-31: Building] INFO  o.a.m.s.f.DefaultMavenResourcesFiltering - Copying 1 resource from src\main\resources to target\classes
2025-04-10 16:57:13,772 [Worker-31: Building] INFO  o.a.m.s.f.DefaultMavenResourcesFiltering - Copying 1 resource from src\main\resources to target\classes
2025-04-10 16:57:13,775 [Worker-31: Building] INFO  o.a.m.s.f.DefaultMavenResourcesFiltering - skip non existing resourceDirectory C:\Users\Rosmira\OneDrive\Documentos\PruebasBBVA\workspace\servicio-conversion-divisas\src\test\resources
2025-04-10 16:59:51,863 [Worker-33: Building] INFO  o.a.m.s.f.DefaultMavenResourcesFiltering - Copying 1 resource from src\main\resources to target\classes
2025-04-10 16:59:51,869 [Worker-33: Building] INFO  o.a.m.s.f.DefaultMavenResourcesFiltering - Copying 1 resource from src\main\resources to target\classes
2025-04-10 16:59:51,871 [Worker-33: Building] INFO  o.a.m.s.f.DefaultMavenResourcesFiltering - skip non existing resourceDirectory C:\Users\Rosmira\OneDrive\Documentos\PruebasBBVA\workspace\servicio-conversion-divisas\src\test\resources
2025-04-10 17:00:35,622 [Worker-35: Building] INFO  o.a.m.s.f.DefaultMavenResourcesFiltering - Copying 1 resource from src\main\resources to target\classes
2025-04-10 17:00:35,636 [Worker-35: Building] INFO  o.a.m.s.f.DefaultMavenResourcesFiltering - Copying 1 resource from src\main\resources to target\classes
2025-04-10 17:00:35,645 [Worker-35: Building] INFO  o.a.m.s.f.DefaultMavenResourcesFiltering - skip non existing resourceDirectory C:\Users\Rosmira\OneDrive\Documentos\PruebasBBVA\workspace\servicio-conversion-divisas\src\test\resources
2025-04-10 17:02:19,972 [Worker-35: Building] INFO  o.a.m.s.f.DefaultMavenResourcesFiltering - Copying 1 resource from src\main\resources to target\classes
2025-04-10 17:02:19,982 [Worker-35: Building] INFO  o.a.m.s.f.DefaultMavenResourcesFiltering - Copying 1 resource from src\main\resources to target\classes
2025-04-10 17:02:19,987 [Worker-35: Building] INFO  o.a.m.s.f.DefaultMavenResourcesFiltering - skip non existing resourceDirectory C:\Users\Rosmira\OneDrive\Documentos\PruebasBBVA\workspace\servicio-conversion-divisas\src\test\resources
2025-04-10 17:03:36,245 [Worker-35: Building] INFO  o.a.m.s.f.DefaultMavenResourcesFiltering - Copying 1 resource from src\main\resources to target\classes
2025-04-10 17:03:36,248 [Worker-35: Building] INFO  o.a.m.s.f.DefaultMavenResourcesFiltering - Copying 1 resource from src\main\resources to target\classes
2025-04-10 17:03:36,250 [Worker-35: Building] INFO  o.a.m.s.f.DefaultMavenResourcesFiltering - skip non existing resourceDirectory C:\Users\Rosmira\OneDrive\Documentos\PruebasBBVA\workspace\servicio-conversion-divisas\src\test\resources
2025-04-10 17:04:37,766 [Worker-37: Building] INFO  o.a.m.s.f.DefaultMavenResourcesFiltering - Copying 1 resource from src\main\resources to target\classes
2025-04-10 17:04:37,772 [Worker-37: Building] INFO  o.a.m.s.f.DefaultMavenResourcesFiltering - Copying 1 resource from src\main\resources to target\classes
2025-04-10 17:04:37,774 [Worker-37: Building] INFO  o.a.m.s.f.DefaultMavenResourcesFiltering - skip non existing resourceDirectory C:\Users\Rosmira\OneDrive\Documentos\PruebasBBVA\workspace\servicio-conversion-divisas\src\test\resources
2025-04-10 17:09:10,870 [Worker-33: Building] INFO  o.a.m.s.f.DefaultMavenResourcesFiltering - Copying 1 resource from src\main\resources to target\classes
2025-04-10 17:09:10,877 [Worker-33: Building] INFO  o.a.m.s.f.DefaultMavenResourcesFiltering - Copying 1 resource from src\main\resources to target\classes
2025-04-10 17:09:10,880 [Worker-33: Building] INFO  o.a.m.s.f.DefaultMavenResourcesFiltering - skip non existing resourceDirectory C:\Users\Rosmira\OneDrive\Documentos\PruebasBBVA\workspace\servicio-conversion-divisas\src\test\resources
2025-04-10 17:11:11,891 [Worker-31: Building] INFO  o.a.m.s.f.DefaultMavenResourcesFiltering - Copying 1 resource from src\main\resources to target\classes
2025-04-10 17:11:11,897 [Worker-31: Building] INFO  o.a.m.s.f.DefaultMavenResourcesFiltering - Copying 1 resource from src\main\resources to target\classes
2025-04-10 17:11:11,899 [Worker-31: Building] INFO  o.a.m.s.f.DefaultMavenResourcesFiltering - skip non existing resourceDirectory C:\Users\Rosmira\OneDrive\Documentos\PruebasBBVA\workspace\servicio-conversion-divisas\src\test\resources
2025-04-10 17:12:20,498 [Worker-30: Building] INFO  o.a.m.s.f.DefaultMavenResourcesFiltering - Copying 1 resource from src\main\resources to target\classes
2025-04-10 17:12:20,502 [Worker-30: Building] INFO  o.a.m.s.f.DefaultMavenResourcesFiltering - Copying 1 resource from src\main\resources to target\classes
2025-04-10 17:12:20,505 [Worker-30: Building] INFO  o.a.m.s.f.DefaultMavenResourcesFiltering - skip non existing resourceDirectory C:\Users\Rosmira\OneDrive\Documentos\PruebasBBVA\workspace\servicio-conversion-divisas\src\test\resources
2025-04-10 17:12:43,850 [Worker-30: Building] INFO  o.a.m.s.f.DefaultMavenResourcesFiltering - Copying 1 resource from src\main\resources to target\classes
2025-04-10 17:12:43,853 [Worker-30: Building] INFO  o.a.m.s.f.DefaultMavenResourcesFiltering - Copying 1 resource from src\main\resources to target\classes
2025-04-10 17:12:43,855 [Worker-30: Building] INFO  o.a.m.s.f.DefaultMavenResourcesFiltering - skip non existing resourceDirectory C:\Users\Rosmira\OneDrive\Documentos\PruebasBBVA\workspace\servicio-conversion-divisas\src\test\resources
2025-04-10 17:12:56,087 [Worker-39: Building] INFO  o.a.m.s.f.DefaultMavenResourcesFiltering - Copying 1 resource from src\main\resources to target\classes
2025-04-10 17:12:56,091 [Worker-39: Building] INFO  o.a.m.s.f.DefaultMavenResourcesFiltering - Copying 1 resource from src\main\resources to target\classes
2025-04-10 17:12:56,094 [Worker-39: Building] INFO  o.a.m.s.f.DefaultMavenResourcesFiltering - skip non existing resourceDirectory C:\Users\Rosmira\OneDrive\Documentos\PruebasBBVA\workspace\servicio-conversion-divisas\src\test\resources
2025-04-10 17:16:10,876 [Worker-33: Building] INFO  o.a.m.s.f.DefaultMavenResourcesFiltering - Copying 1 resource from src\main\resources to target\classes
2025-04-10 17:16:10,884 [Worker-33: Building] INFO  o.a.m.s.f.DefaultMavenResourcesFiltering - Copying 1 resource from src\main\resources to target\classes
2025-04-10 17:16:10,886 [Worker-33: Building] INFO  o.a.m.s.f.DefaultMavenResourcesFiltering - skip non existing resourceDirectory C:\Users\Rosmira\OneDrive\Documentos\PruebasBBVA\workspace\servicio-conversion-divisas\src\test\resources
2025-04-10 17:18:46,170 [Worker-40: Building] INFO  o.a.m.s.f.DefaultMavenResourcesFiltering - Copying 1 resource from src\main\resources to target\classes
2025-04-10 17:18:46,177 [Worker-40: Building] INFO  o.a.m.s.f.DefaultMavenResourcesFiltering - Copying 1 resource from src\main\resources to target\classes
2025-04-10 17:18:46,179 [Worker-40: Building] INFO  o.a.m.s.f.DefaultMavenResourcesFiltering - skip non existing resourceDirectory C:\Users\Rosmira\OneDrive\Documentos\PruebasBBVA\workspace\servicio-conversion-divisas\src\test\resources
2025-04-10 17:20:59,509 [Worker-40: Building] INFO  o.a.m.s.f.DefaultMavenResourcesFiltering - Copying 1 resource from src\main\resources to target\classes
2025-04-10 17:20:59,517 [Worker-40: Building] INFO  o.a.m.s.f.DefaultMavenResourcesFiltering - Copying 1 resource from src\main\resources to target\classes
2025-04-10 17:20:59,521 [Worker-40: Building] INFO  o.a.m.s.f.DefaultMavenResourcesFiltering - skip non existing resourceDirectory C:\Users\Rosmira\OneDrive\Documentos\PruebasBBVA\workspace\servicio-conversion-divisas\src\test\resources
2025-04-10 17:21:38,195 [Worker-35: Building] INFO  o.a.m.s.f.DefaultMavenResourcesFiltering - Copying 1 resource from src\main\resources to target\classes
2025-04-10 17:21:38,199 [Worker-35: Building] INFO  o.a.m.s.f.DefaultMavenResourcesFiltering - Copying 1 resource from src\main\resources to target\classes
2025-04-10 17:21:38,201 [Worker-35: Building] INFO  o.a.m.s.f.DefaultMavenResourcesFiltering - skip non existing resourceDirectory C:\Users\Rosmira\OneDrive\Documentos\PruebasBBVA\workspace\servicio-conversion-divisas\src\test\resources
2025-04-10 17:37:32,514 [Worker-30: Building] INFO  o.a.m.s.f.DefaultMavenResourcesFiltering - Copying 1 resource from src\main\resources to target\classes
2025-04-10 17:37:32,521 [Worker-30: Building] INFO  o.a.m.s.f.DefaultMavenResourcesFiltering - Copying 1 resource from src\main\resources to target\classes
2025-04-10 17:37:32,524 [Worker-30: Building] INFO  o.a.m.s.f.DefaultMavenResourcesFiltering - skip non existing resourceDirectory C:\Users\Rosmira\OneDrive\Documentos\PruebasBBVA\workspace\servicio-conversion-divisas\src\test\resources
2025-04-10 17:38:03,082 [Worker-35: Building] INFO  o.a.m.s.f.DefaultMavenResourcesFiltering - Copying 1 resource from src\main\resources to target\classes
2025-04-10 17:38:03,088 [Worker-35: Building] INFO  o.a.m.s.f.DefaultMavenResourcesFiltering - Copying 1 resource from src\main\resources to target\classes
2025-04-10 17:38:03,090 [Worker-35: Building] INFO  o.a.m.s.f.DefaultMavenResourcesFiltering - skip non existing resourceDirectory C:\Users\Rosmira\OneDrive\Documentos\PruebasBBVA\workspace\servicio-conversion-divisas\src\test\resources
2025-04-10 17:38:19,577 [Worker-44: Building] INFO  o.a.m.s.f.DefaultMavenResourcesFiltering - Copying 1 resource from src\main\resources to target\classes
2025-04-10 17:38:19,583 [Worker-44: Building] INFO  o.a.m.s.f.DefaultMavenResourcesFiltering - Copying 1 resource from src\main\resources to target\classes
2025-04-10 17:38:19,585 [Worker-44: Building] INFO  o.a.m.s.f.DefaultMavenResourcesFiltering - skip non existing resourceDirectory C:\Users\Rosmira\OneDrive\Documentos\PruebasBBVA\workspace\servicio-conversion-divisas\src\test\resources
2025-04-10 17:40:09,928 [Worker-41: Building] INFO  o.a.m.s.f.DefaultMavenResourcesFiltering - Copying 1 resource from src\main\resources to target\classes
2025-04-10 17:40:09,932 [Worker-41: Building] INFO  o.a.m.s.f.DefaultMavenResourcesFiltering - Copying 1 resource from src\main\resources to target\classes
2025-04-10 17:40:09,933 [Worker-41: Building] INFO  o.a.m.s.f.DefaultMavenResourcesFiltering - skip non existing resourceDirectory C:\Users\Rosmira\OneDrive\Documentos\PruebasBBVA\workspace\servicio-conversion-divisas\src\test\resources
2025-04-10 17:44:05,173 [Worker-45: Building] INFO  o.a.m.s.f.DefaultMavenResourcesFiltering - Copying 1 resource from src\main\resources to target\classes
2025-04-10 17:44:05,182 [Worker-45: Building] INFO  o.a.m.s.f.DefaultMavenResourcesFiltering - Copying 1 resource from src\main\resources to target\classes
2025-04-10 17:44:05,185 [Worker-45: Building] INFO  o.a.m.s.f.DefaultMavenResourcesFiltering - skip non existing resourceDirectory C:\Users\Rosmira\OneDrive\Documentos\PruebasBBVA\workspace\servicio-conversion-divisas\src\test\resources
2025-04-10 17:47:09,851 [Worker-45: Building] INFO  o.a.m.s.f.DefaultMavenResourcesFiltering - Copying 1 resource from src\main\resources to target\classes
2025-04-10 17:47:09,857 [Worker-45: Building] INFO  o.a.m.s.f.DefaultMavenResourcesFiltering - Copying 1 resource from src\main\resources to target\classes
2025-04-10 17:47:09,858 [Worker-45: Building] INFO  o.a.m.s.f.DefaultMavenResourcesFiltering - skip non existing resourceDirectory C:\Users\Rosmira\OneDrive\Documentos\PruebasBBVA\workspace\servicio-conversion-divisas\src\test\resources
2025-04-10 17:49:19,798 [Worker-40: Building] INFO  o.a.m.s.f.DefaultMavenResourcesFiltering - Copying 1 resource from src\main\resources to target\classes
2025-04-10 17:49:19,804 [Worker-40: Building] INFO  o.a.m.s.f.DefaultMavenResourcesFiltering - Copying 1 resource from src\main\resources to target\classes
2025-04-10 17:49:19,806 [Worker-40: Building] INFO  o.a.m.s.f.DefaultMavenResourcesFiltering - skip non existing resourceDirectory C:\Users\Rosmira\OneDrive\Documentos\PruebasBBVA\workspace\servicio-conversion-divisas\src\test\resources
2025-04-10 17:54:06,024 [Worker-31: Building] INFO  o.a.m.s.f.DefaultMavenResourcesFiltering - Copying 1 resource from src\main\resources to target\classes
2025-04-10 17:54:06,033 [Worker-31: Building] INFO  o.a.m.s.f.DefaultMavenResourcesFiltering - Copying 1 resource from src\main\resources to target\classes
2025-04-10 17:54:06,035 [Worker-31: Building] INFO  o.a.m.s.f.DefaultMavenResourcesFiltering - skip non existing resourceDirectory C:\Users\Rosmira\OneDrive\Documentos\PruebasBBVA\workspace\servicio-conversion-divisas\src\test\resources
2025-04-10 17:57:35,917 [Worker-40: Building] INFO  o.a.m.s.f.DefaultMavenResourcesFiltering - Copying 1 resource from src\main\resources to target\classes
2025-04-10 17:57:35,924 [Worker-40: Building] INFO  o.a.m.s.f.DefaultMavenResourcesFiltering - Copying 1 resource from src\main\resources to target\classes
2025-04-10 17:57:35,925 [Worker-40: Building] INFO  o.a.m.s.f.DefaultMavenResourcesFiltering - skip non existing resourceDirectory C:\Users\Rosmira\OneDrive\Documentos\PruebasBBVA\workspace\servicio-conversion-divisas\src\test\resources
2025-04-10 17:59:18,128 [Worker-35: Building] INFO  o.a.m.s.f.DefaultMavenResourcesFiltering - Copying 1 resource from src\main\resources to target\classes
2025-04-10 17:59:18,134 [Worker-35: Building] INFO  o.a.m.s.f.DefaultMavenResourcesFiltering - Copying 1 resource from src\main\resources to target\classes
2025-04-10 17:59:18,136 [Worker-35: Building] INFO  o.a.m.s.f.DefaultMavenResourcesFiltering - skip non existing resourceDirectory C:\Users\Rosmira\OneDrive\Documentos\PruebasBBVA\workspace\servicio-conversion-divisas\src\test\resources
2025-04-10 18:08:17,749 [Worker-44: Building] INFO  o.a.m.s.f.DefaultMavenResourcesFiltering - Copying 1 resource from src\main\resources to target\classes
2025-04-10 18:08:17,761 [Worker-44: Building] INFO  o.a.m.s.f.DefaultMavenResourcesFiltering - Copying 1 resource from src\main\resources to target\classes
2025-04-10 18:08:17,763 [Worker-44: Building] INFO  o.a.m.s.f.DefaultMavenResourcesFiltering - skip non existing resourceDirectory C:\Users\Rosmira\OneDrive\Documentos\PruebasBBVA\workspace\servicio-conversion-divisas\src\test\resources
2025-04-10 18:10:34,754 [Worker-31: Building] INFO  o.a.m.s.f.DefaultMavenResourcesFiltering - Copying 1 resource from src\main\resources to target\classes
2025-04-10 18:10:34,761 [Worker-31: Building] INFO  o.a.m.s.f.DefaultMavenResourcesFiltering - Copying 1 resource from src\main\resources to target\classes
2025-04-10 18:10:34,763 [Worker-31: Building] INFO  o.a.m.s.f.DefaultMavenResourcesFiltering - skip non existing resourceDirectory C:\Users\Rosmira\OneDrive\Documentos\PruebasBBVA\workspace\servicio-conversion-divisas\src\test\resources
2025-04-10 18:11:26,333 [Worker-35: Building] INFO  o.a.m.s.f.DefaultMavenResourcesFiltering - Copying 1 resource from src\main\resources to target\classes
2025-04-10 18:11:26,338 [Worker-35: Building] INFO  o.a.m.s.f.DefaultMavenResourcesFiltering - Copying 1 resource from src\main\resources to target\classes
2025-04-10 18:11:26,340 [Worker-35: Building] INFO  o.a.m.s.f.DefaultMavenResourcesFiltering - skip non existing resourceDirectory C:\Users\Rosmira\OneDrive\Documentos\PruebasBBVA\workspace\servicio-conversion-divisas\src\test\resources
2025-04-10 18:14:39,953 [Worker-40: Building] INFO  o.a.m.s.f.DefaultMavenResourcesFiltering - Copying 1 resource from src\main\resources to target\classes
2025-04-10 18:14:39,962 [Worker-40: Building] INFO  o.a.m.s.f.DefaultMavenResourcesFiltering - Copying 1 resource from src\main\resources to target\classes
2025-04-10 18:14:39,964 [Worker-40: Building] INFO  o.a.m.s.f.DefaultMavenResourcesFiltering - skip non existing resourceDirectory C:\Users\Rosmira\OneDrive\Documentos\PruebasBBVA\workspace\servicio-conversion-divisas\src\test\resources
2025-04-10 18:15:03,302 [Worker-31: Building] INFO  o.a.m.s.f.DefaultMavenResourcesFiltering - Copying 1 resource from src\main\resources to target\classes
2025-04-10 18:15:03,309 [Worker-31: Building] INFO  o.a.m.s.f.DefaultMavenResourcesFiltering - Copying 1 resource from src\main\resources to target\classes
2025-04-10 18:15:03,310 [Worker-31: Building] INFO  o.a.m.s.f.DefaultMavenResourcesFiltering - skip non existing resourceDirectory C:\Users\Rosmira\OneDrive\Documentos\PruebasBBVA\workspace\servicio-conversion-divisas\src\test\resources
2025-04-10 18:28:42,915 [Worker-43: Building] INFO  o.a.m.s.f.DefaultMavenResourcesFiltering - Copying 1 resource from src\main\resources to target\classes
2025-04-10 18:28:42,933 [Worker-43: Building] INFO  o.a.m.s.f.DefaultMavenResourcesFiltering - Copying 1 resource from src\main\resources to target\classes
2025-04-10 18:28:42,937 [Worker-43: Building] INFO  o.a.m.s.f.DefaultMavenResourcesFiltering - skip non existing resourceDirectory C:\Users\Rosmira\OneDrive\Documentos\PruebasBBVA\workspace\servicio-conversion-divisas\src\test\resources
2025-04-10 18:30:26,916 [Worker-42: Building] INFO  o.a.m.s.f.DefaultMavenResourcesFiltering - Copying 1 resource from src\main\resources to target\classes
2025-04-10 18:30:26,925 [Worker-42: Building] INFO  o.a.m.s.f.DefaultMavenResourcesFiltering - Copying 1 resource from src\main\resources to target\classes
2025-04-10 18:30:26,928 [Worker-42: Building] INFO  o.a.m.s.f.DefaultMavenResourcesFiltering - skip non existing resourceDirectory C:\Users\Rosmira\OneDrive\Documentos\PruebasBBVA\workspace\servicio-conversion-divisas\src\test\resources
2025-04-10 18:30:53,695 [Worker-31: Building] INFO  o.a.m.s.f.DefaultMavenResourcesFiltering - Copying 1 resource from src\main\resources to target\classes
2025-04-10 18:30:53,701 [Worker-31: Building] INFO  o.a.m.s.f.DefaultMavenResourcesFiltering - Copying 1 resource from src\main\resources to target\classes
2025-04-10 18:30:53,703 [Worker-31: Building] INFO  o.a.m.s.f.DefaultMavenResourcesFiltering - skip non existing resourceDirectory C:\Users\Rosmira\OneDrive\Documentos\PruebasBBVA\workspace\servicio-conversion-divisas\src\test\resources
2025-04-10 18:31:29,516 [Worker-40: Building] INFO  o.a.m.s.f.DefaultMavenResourcesFiltering - Copying 1 resource from src\main\resources to target\classes
2025-04-10 18:31:29,520 [Worker-40: Building] INFO  o.a.m.s.f.DefaultMavenResourcesFiltering - Copying 1 resource from src\main\resources to target\classes
2025-04-10 18:31:29,522 [Worker-40: Building] INFO  o.a.m.s.f.DefaultMavenResourcesFiltering - skip non existing resourceDirectory C:\Users\Rosmira\OneDrive\Documentos\PruebasBBVA\workspace\servicio-conversion-divisas\src\test\resources
2025-04-10 18:31:49,157 [Worker-46: Building] INFO  o.a.m.s.f.DefaultMavenResourcesFiltering - Copying 1 resource from src\main\resources to target\classes
2025-04-10 18:31:49,162 [Worker-46: Building] INFO  o.a.m.s.f.DefaultMavenResourcesFiltering - Copying 1 resource from src\main\resources to target\classes
2025-04-10 18:31:49,164 [Worker-46: Building] INFO  o.a.m.s.f.DefaultMavenResourcesFiltering - skip non existing resourceDirectory C:\Users\Rosmira\OneDrive\Documentos\PruebasBBVA\workspace\servicio-conversion-divisas\src\test\resources
2025-04-10 18:31:53,649 [Worker-44: Building] INFO  o.a.m.s.f.DefaultMavenResourcesFiltering - Copying 1 resource from src\main\resources to target\classes
2025-04-10 18:31:53,660 [Worker-44: Building] INFO  o.a.m.s.f.DefaultMavenResourcesFiltering - Copying 1 resource from src\main\resources to target\classes
2025-04-10 18:31:53,662 [Worker-44: Building] INFO  o.a.m.s.f.DefaultMavenResourcesFiltering - skip non existing resourceDirectory C:\Users\Rosmira\OneDrive\Documentos\PruebasBBVA\workspace\servicio-conversion-divisas\src\test\resources
2025-04-10 18:33:07,033 [Worker-30: Building] INFO  o.a.m.s.f.DefaultMavenResourcesFiltering - Copying 1 resource from src\main\resources to target\classes
2025-04-10 18:33:07,038 [Worker-30: Building] INFO  o.a.m.s.f.DefaultMavenResourcesFiltering - Copying 1 resource from src\main\resources to target\classes
2025-04-10 18:33:07,040 [Worker-30: Building] INFO  o.a.m.s.f.DefaultMavenResourcesFiltering - skip non existing resourceDirectory C:\Users\Rosmira\OneDrive\Documentos\PruebasBBVA\workspace\servicio-conversion-divisas\src\test\resources
2025-04-10 18:33:36,027 [Worker-30: Building] INFO  o.a.m.s.f.DefaultMavenResourcesFiltering - Copying 1 resource from src\main\resources to target\classes
2025-04-10 18:33:36,031 [Worker-30: Building] INFO  o.a.m.s.f.DefaultMavenResourcesFiltering - Copying 1 resource from src\main\resources to target\classes
2025-04-10 18:33:36,033 [Worker-30: Building] INFO  o.a.m.s.f.DefaultMavenResourcesFiltering - skip non existing resourceDirectory C:\Users\Rosmira\OneDrive\Documentos\PruebasBBVA\workspace\servicio-conversion-divisas\src\test\resources
2025-04-10 18:39:08,692 [Worker-48: Building] INFO  o.a.m.s.f.DefaultMavenResourcesFiltering - Copying 1 resource from src\main\resources to target\classes
2025-04-10 18:39:08,699 [Worker-48: Building] INFO  o.a.m.s.f.DefaultMavenResourcesFiltering - Copying 1 resource from src\main\resources to target\classes
2025-04-10 18:39:08,702 [Worker-48: Building] INFO  o.a.m.s.f.DefaultMavenResourcesFiltering - skip non existing resourceDirectory C:\Users\Rosmira\OneDrive\Documentos\PruebasBBVA\workspace\servicio-conversion-divisas\src\test\resources
2025-04-10 18:40:41,555 [Worker-42: Building] INFO  o.a.m.s.f.DefaultMavenResourcesFiltering - Copying 1 resource from src\main\resources to target\classes
2025-04-10 18:40:41,558 [Worker-42: Building] INFO  o.a.m.s.f.DefaultMavenResourcesFiltering - Copying 1 resource from src\main\resources to target\classes
2025-04-10 18:40:41,560 [Worker-42: Building] INFO  o.a.m.s.f.DefaultMavenResourcesFiltering - skip non existing resourceDirectory C:\Users\Rosmira\OneDrive\Documentos\PruebasBBVA\workspace\servicio-conversion-divisas\src\test\resources
2025-04-10 18:42:59,678 [Worker-31: Building] INFO  o.a.m.s.f.DefaultMavenResourcesFiltering - Copying 1 resource from src\main\resources to target\classes
2025-04-10 18:42:59,686 [Worker-31: Building] INFO  o.a.m.s.f.DefaultMavenResourcesFiltering - Copying 1 resource from src\main\resources to target\classes
2025-04-10 18:42:59,688 [Worker-31: Building] INFO  o.a.m.s.f.DefaultMavenResourcesFiltering - skip non existing resourceDirectory C:\Users\Rosmira\OneDrive\Documentos\PruebasBBVA\workspace\servicio-conversion-divisas\src\test\resources
2025-04-10 18:43:31,525 [Worker-31: Building] INFO  o.a.m.s.f.DefaultMavenResourcesFiltering - Copying 1 resource from src\main\resources to target\classes
2025-04-10 18:43:31,538 [Worker-31: Building] INFO  o.a.m.s.f.DefaultMavenResourcesFiltering - Copying 1 resource from src\main\resources to target\classes
2025-04-10 18:43:31,540 [Worker-31: Building] INFO  o.a.m.s.f.DefaultMavenResourcesFiltering - skip non existing resourceDirectory C:\Users\Rosmira\OneDrive\Documentos\PruebasBBVA\workspace\servicio-conversion-divisas\src\test\resources
2025-04-10 18:43:44,705 [Worker-42: Building] INFO  o.a.m.s.f.DefaultMavenResourcesFiltering - Copying 1 resource from src\main\resources to target\classes
2025-04-10 18:43:44,709 [Worker-42: Building] INFO  o.a.m.s.f.DefaultMavenResourcesFiltering - Copying 1 resource from src\main\resources to target\classes
2025-04-10 18:43:44,714 [Worker-42: Building] INFO  o.a.m.s.f.DefaultMavenResourcesFiltering - skip non existing resourceDirectory C:\Users\Rosmira\OneDrive\Documentos\PruebasBBVA\workspace\servicio-conversion-divisas\src\test\resources
2025-04-10 18:45:32,539 [Worker-48: Building] INFO  o.a.m.s.f.DefaultMavenResourcesFiltering - Copying 1 resource from src\main\resources to target\classes
2025-04-10 18:45:32,543 [Worker-48: Building] INFO  o.a.m.s.f.DefaultMavenResourcesFiltering - Copying 1 resource from src\main\resources to target\classes
2025-04-10 18:45:32,544 [Worker-48: Building] INFO  o.a.m.s.f.DefaultMavenResourcesFiltering - skip non existing resourceDirectory C:\Users\Rosmira\OneDrive\Documentos\PruebasBBVA\workspace\servicio-conversion-divisas\src\test\resources
2025-04-10 18:46:17,073 [Worker-48: Building] INFO  o.a.m.s.f.DefaultMavenResourcesFiltering - Copying 1 resource from src\main\resources to target\classes
2025-04-10 18:46:17,078 [Worker-48: Building] INFO  o.a.m.s.f.DefaultMavenResourcesFiltering - Copying 1 resource from src\main\resources to target\classes
2025-04-10 18:46:17,082 [Worker-48: Building] INFO  o.a.m.s.f.DefaultMavenResourcesFiltering - skip non existing resourceDirectory C:\Users\Rosmira\OneDrive\Documentos\PruebasBBVA\workspace\servicio-conversion-divisas\src\test\resources
2025-04-10 18:47:45,420 [Worker-46: Building] INFO  o.a.m.s.f.DefaultMavenResourcesFiltering - Copying 1 resource from src\main\resources to target\classes
2025-04-10 18:47:45,426 [Worker-46: Building] INFO  o.a.m.s.f.DefaultMavenResourcesFiltering - Copying 1 resource from src\main\resources to target\classes
2025-04-10 18:47:45,428 [Worker-46: Building] INFO  o.a.m.s.f.DefaultMavenResourcesFiltering - skip non existing resourceDirectory C:\Users\Rosmira\OneDrive\Documentos\PruebasBBVA\workspace\servicio-conversion-divisas\src\test\resources
2025-04-10 18:48:53,626 [Worker-42: Building] INFO  o.a.m.s.f.DefaultMavenResourcesFiltering - Copying 1 resource from src\main\resources to target\classes
2025-04-10 18:48:53,633 [Worker-42: Building] INFO  o.a.m.s.f.DefaultMavenResourcesFiltering - Copying 0 resource from src\main\resources to target\classes
2025-04-10 18:48:53,635 [Worker-42: Building] INFO  o.a.m.s.f.DefaultMavenResourcesFiltering - skip non existing resourceDirectory C:\Users\Rosmira\OneDrive\Documentos\PruebasBBVA\workspace\servicio-conversion-divisas\src\test\resources
2025-04-10 18:50:49,411 [Worker-31: Building] INFO  o.a.m.s.f.DefaultMavenResourcesFiltering - Copying 1 resource from src\main\resources to target\classes
2025-04-10 18:50:49,429 [Worker-31: Building] INFO  o.a.m.s.f.DefaultMavenResourcesFiltering - Copying 0 resource from src\main\resources to target\classes
2025-04-10 18:50:49,433 [Worker-31: Building] INFO  o.a.m.s.f.DefaultMavenResourcesFiltering - skip non existing resourceDirectory C:\Users\Rosmira\OneDrive\Documentos\PruebasBBVA\workspace\servicio-conversion-divisas\src\test\resources
2025-04-10 18:59:19,037 [Worker-35: Building] INFO  o.a.m.s.f.DefaultMavenResourcesFiltering - Copying 1 resource from src\main\resources to target\classes
2025-04-10 18:59:19,051 [Worker-35: Building] INFO  o.a.m.s.f.DefaultMavenResourcesFiltering - Copying 1 resource from src\main\resources to target\classes
2025-04-10 18:59:19,054 [Worker-35: Building] INFO  o.a.m.s.f.DefaultMavenResourcesFiltering - skip non existing resourceDirectory C:\Users\Rosmira\OneDrive\Documentos\PruebasBBVA\workspace\servicio-conversion-divisas\src\test\resources
2025-04-10 19:00:38,136 [Worker-46: Building] INFO  o.a.m.s.f.DefaultMavenResourcesFiltering - Copying 1 resource from src\main\resources to target\classes
2025-04-10 19:00:38,181 [Worker-46: Building] INFO  o.a.m.s.f.DefaultMavenResourcesFiltering - Copying 1 resource from src\main\resources to target\classes
2025-04-10 19:00:38,185 [Worker-46: Building] INFO  o.a.m.s.f.DefaultMavenResourcesFiltering - skip non existing resourceDirectory C:\Users\Rosmira\OneDrive\Documentos\PruebasBBVA\workspace\servicio-conversion-divisas\src\test\resources
2025-04-10 19:00:56,538 [Worker-45: Building] INFO  o.a.m.s.f.DefaultMavenResourcesFiltering - Copying 1 resource from src\main\resources to target\classes
2025-04-10 19:00:56,550 [Worker-45: Building] INFO  o.a.m.s.f.DefaultMavenResourcesFiltering - Copying 0 resource from src\main\resources to target\classes
2025-04-10 19:00:56,552 [Worker-45: Building] INFO  o.a.m.s.f.DefaultMavenResourcesFiltering - skip non existing resourceDirectory C:\Users\Rosmira\OneDrive\Documentos\PruebasBBVA\workspace\servicio-conversion-divisas\src\test\resources
2025-04-10 19:01:15,829 [Worker-47: Building] INFO  o.a.m.s.f.DefaultMavenResourcesFiltering - Copying 1 resource from src\main\resources to target\classes
2025-04-10 19:01:15,838 [Worker-47: Building] INFO  o.a.m.s.f.DefaultMavenResourcesFiltering - Copying 0 resource from src\main\resources to target\classes
2025-04-10 19:01:15,840 [Worker-47: Building] INFO  o.a.m.s.f.DefaultMavenResourcesFiltering - skip non existing resourceDirectory C:\Users\Rosmira\OneDrive\Documentos\PruebasBBVA\workspace\servicio-conversion-divisas\src\test\resources
2025-04-10 19:02:15,718 [Worker-31: Building] INFO  o.a.m.s.f.DefaultMavenResourcesFiltering - Copying 1 resource from src\main\resources to target\classes
2025-04-10 19:02:15,722 [Worker-31: Building] INFO  o.a.m.s.f.DefaultMavenResourcesFiltering - Copying 1 resource from src\main\resources to target\classes
2025-04-10 19:02:15,723 [Worker-31: Building] INFO  o.a.m.s.f.DefaultMavenResourcesFiltering - skip non existing resourceDirectory C:\Users\Rosmira\OneDrive\Documentos\PruebasBBVA\workspace\servicio-conversion-divisas\src\test\resources
2025-04-10 19:05:30,320 [Worker-47: Building] INFO  o.a.m.s.f.DefaultMavenResourcesFiltering - Copying 1 resource from src\main\resources to target\classes
2025-04-10 19:05:30,326 [Worker-47: Building] INFO  o.a.m.s.f.DefaultMavenResourcesFiltering - Copying 1 resource from src\main\resources to target\classes
2025-04-10 19:05:30,328 [Worker-47: Building] INFO  o.a.m.s.f.DefaultMavenResourcesFiltering - skip non existing resourceDirectory C:\Users\Rosmira\OneDrive\Documentos\PruebasBBVA\workspace\servicio-conversion-divisas\src\test\resources
2025-04-10 19:06:30,449 [Worker-40: Building] INFO  o.a.m.s.f.DefaultMavenResourcesFiltering - Copying 1 resource from src\main\resources to target\classes
2025-04-10 19:06:30,455 [Worker-40: Building] INFO  o.a.m.s.f.DefaultMavenResourcesFiltering - Copying 1 resource from src\main\resources to target\classes
2025-04-10 19:06:30,457 [Worker-40: Building] INFO  o.a.m.s.f.DefaultMavenResourcesFiltering - skip non existing resourceDirectory C:\Users\Rosmira\OneDrive\Documentos\PruebasBBVA\workspace\servicio-conversion-divisas\src\test\resources
2025-04-10 19:19:02,264 [Worker-45: Building] INFO  o.a.m.s.f.DefaultMavenResourcesFiltering - Copying 1 resource from src\main\resources to target\classes
2025-04-10 19:19:02,272 [Worker-45: Building] INFO  o.a.m.s.f.DefaultMavenResourcesFiltering - Copying 1 resource from src\main\resources to target\classes
2025-04-10 19:19:02,276 [Worker-45: Building] INFO  o.a.m.s.f.DefaultMavenResourcesFiltering - skip non existing resourceDirectory C:\Users\Rosmira\OneDrive\Documentos\PruebasBBVA\workspace\servicio-conversion-divisas\src\test\resources
2025-04-10 19:19:56,494 [Worker-35: Building] INFO  o.a.m.s.f.DefaultMavenResourcesFiltering - Copying 1 resource from src\main\resources to target\classes
2025-04-10 19:19:56,502 [Worker-35: Building] INFO  o.a.m.s.f.DefaultMavenResourcesFiltering - Copying 1 resource from src\main\resources to target\classes
2025-04-10 19:19:56,504 [Worker-35: Building] INFO  o.a.m.s.f.DefaultMavenResourcesFiltering - skip non existing resourceDirectory C:\Users\Rosmira\OneDrive\Documentos\PruebasBBVA\workspace\servicio-conversion-divisas\src\test\resources
2025-04-10 19:20:49,052 [Worker-43: Building] INFO  o.a.m.s.f.DefaultMavenResourcesFiltering - Copying 1 resource from src\main\resources to target\classes
2025-04-10 19:20:49,059 [Worker-43: Building] INFO  o.a.m.s.f.DefaultMavenResourcesFiltering - Copying 1 resource from src\main\resources to target\classes
2025-04-10 19:20:49,062 [Worker-43: Building] INFO  o.a.m.s.f.DefaultMavenResourcesFiltering - skip non existing resourceDirectory C:\Users\Rosmira\OneDrive\Documentos\PruebasBBVA\workspace\servicio-conversion-divisas\src\test\resources
2025-04-10 19:23:50,421 [Worker-43: Building] INFO  o.a.m.s.f.DefaultMavenResourcesFiltering - Copying 1 resource from src\main\resources to target\classes
2025-04-10 19:23:50,429 [Worker-43: Building] INFO  o.a.m.s.f.DefaultMavenResourcesFiltering - Copying 1 resource from src\main\resources to target\classes
2025-04-10 19:23:50,432 [Worker-43: Building] INFO  o.a.m.s.f.DefaultMavenResourcesFiltering - skip non existing resourceDirectory C:\Users\Rosmira\OneDrive\Documentos\PruebasBBVA\workspace\servicio-conversion-divisas\src\test\resources
2025-04-10 19:26:33,718 [Worker-46: Building] INFO  o.e.m.c.i.l.LifecycleMappingFactory - Using org.eclipse.m2e.jdt.JarLifecycleMapping lifecycle mapping for MavenProject: com.bbva.servicioconversiondivisas:servicio-conversion-divisas:0.0.1-SNAPSHOT @ C:\Users\Rosmira\OneDrive\Documentos\PruebasBBVA\workspace\servicio-conversion-divisas\pom.xml.
2025-04-10 19:26:34,875 [Worker-46: Building] INFO  o.a.m.s.f.DefaultMavenResourcesFiltering - Copying 0 resource from src\main\resources to target\classes
2025-04-10 19:26:34,878 [Worker-46: Building] INFO  o.a.m.s.f.DefaultMavenResourcesFiltering - Copying 0 resource from src\main\resources to target\classes
2025-04-10 19:26:34,887 [Worker-46: Building] INFO  o.a.m.s.f.DefaultMavenResourcesFiltering - skip non existing resourceDirectory C:\Users\Rosmira\OneDrive\Documentos\PruebasBBVA\workspace\servicio-conversion-divisas\src\test\resources
2025-04-10 19:26:36,316 [Worker-45: Building] INFO  o.a.m.s.f.DefaultMavenResourcesFiltering - Copying 1 resource from src\main\resources to target\classes
2025-04-10 19:26:36,404 [Worker-45: Building] INFO  o.a.m.s.f.DefaultMavenResourcesFiltering - Copying 1 resource from src\main\resources to target\classes
2025-04-10 19:26:36,413 [Worker-45: Building] INFO  o.a.m.s.f.DefaultMavenResourcesFiltering - skip non existing resourceDirectory C:\Users\Rosmira\OneDrive\Documentos\PruebasBBVA\workspace\servicio-conversion-divisas\src\test\resources
2025-04-10 19:27:48,776 [Worker-42: Building] INFO  o.e.m.c.i.l.LifecycleMappingFactory - Using org.eclipse.m2e.jdt.JarLifecycleMapping lifecycle mapping for MavenProject: com.bbva.servicioconversiondivisas:servicio-conversion-divisas:0.0.1-SNAPSHOT @ C:\Users\Rosmira\OneDrive\Documentos\PruebasBBVA\workspace\servicio-conversion-divisas\pom.xml.
2025-04-10 19:27:49,126 [Worker-42: Building] INFO  o.a.m.s.f.DefaultMavenResourcesFiltering - Copying 0 resource from src\main\resources to target\classes
2025-04-10 19:27:49,126 [Worker-42: Building] INFO  o.a.m.s.f.DefaultMavenResourcesFiltering - Copying 0 resource from src\main\resources to target\classes
2025-04-10 19:27:49,131 [Worker-42: Building] INFO  o.a.m.s.f.DefaultMavenResourcesFiltering - skip non existing resourceDirectory C:\Users\Rosmira\OneDrive\Documentos\PruebasBBVA\workspace\servicio-conversion-divisas\src\test\resources
2025-04-10 19:28:13,018 [Worker-43: Building] INFO  o.e.m.c.i.l.LifecycleMappingFactory - Using org.eclipse.m2e.jdt.JarLifecycleMapping lifecycle mapping for MavenProject: com.bbva.servicioconversiondivisas:servicio-conversion-divisas:0.0.1-SNAPSHOT @ C:\Users\Rosmira\OneDrive\Documentos\PruebasBBVA\workspace\servicio-conversion-divisas\pom.xml.
2025-04-10 19:28:13,262 [Worker-43: Building] INFO  o.e.m.c.i.e.AbstractTransferListenerAdapter - Downloading https://repo.maven.apache.org/maven2/javax/validation/validation-api/2.0.1.Final/validation-api-2.0.1.Final.pom
2025-04-10 19:28:13,276 [Worker-43: Building] INFO  o.e.m.c.i.e.AbstractTransferListenerAdapter - Downloaded https://repo.maven.apache.org/maven2/javax/validation/validation-api/2.0.1.Final/validation-api-2.0.1.Final.pom
2025-04-10 19:28:13,335 [Worker-43: Building] INFO  o.e.m.c.i.e.AbstractTransferListenerAdapter - Downloading https://repo.maven.apache.org/maven2/javax/validation/validation-api/2.0.1.Final/validation-api-2.0.1.Final.jar
2025-04-10 19:28:13,361 [Worker-43: Building] INFO  o.e.m.c.i.e.AbstractTransferListenerAdapter - Downloaded https://repo.maven.apache.org/maven2/javax/validation/validation-api/2.0.1.Final/validation-api-2.0.1.Final.jar
2025-04-10 19:28:13,483 [Worker-43: Building] INFO  o.a.m.s.f.DefaultMavenResourcesFiltering - Copying 0 resource from src\main\resources to target\classes
2025-04-10 19:28:13,484 [Worker-43: Building] INFO  o.a.m.s.f.DefaultMavenResourcesFiltering - Copying 0 resource from src\main\resources to target\classes
2025-04-10 19:28:13,488 [Worker-43: Building] INFO  o.a.m.s.f.DefaultMavenResourcesFiltering - skip non existing resourceDirectory C:\Users\Rosmira\OneDrive\Documentos\PruebasBBVA\workspace\servicio-conversion-divisas\src\test\resources
2025-04-10 19:28:13,703 [Worker-47: Building] INFO  o.a.m.s.f.DefaultMavenResourcesFiltering - Copying 1 resource from src\main\resources to target\classes
2025-04-10 19:28:13,711 [Worker-47: Building] INFO  o.a.m.s.f.DefaultMavenResourcesFiltering - Copying 1 resource from src\main\resources to target\classes
2025-04-10 19:28:13,714 [Worker-47: Building] INFO  o.a.m.s.f.DefaultMavenResourcesFiltering - skip non existing resourceDirectory C:\Users\Rosmira\OneDrive\Documentos\PruebasBBVA\workspace\servicio-conversion-divisas\src\test\resources
2025-04-10 19:28:14,507 [Worker-40: Download sources and javadoc] INFO  o.e.m.c.i.e.AbstractTransferListenerAdapter - Downloading https://repo.maven.apache.org/maven2/javax/validation/validation-api/2.0.1.Final/validation-api-2.0.1.Final-sources.jar
2025-04-10 19:28:14,518 [Worker-40: Download sources and javadoc] INFO  o.e.m.c.i.e.AbstractTransferListenerAdapter - Downloaded https://repo.maven.apache.org/maven2/javax/validation/validation-api/2.0.1.Final/validation-api-2.0.1.Final-sources.jar
2025-04-10 19:28:14,520 [Worker-40: Download sources and javadoc] INFO  o.e.m.j.internal.DownloadSourcesJob - Downloaded sources for javax.validation:validation-api:2.0.1.Final
2025-04-10 19:28:51,263 [Worker-44: Building] INFO  o.a.m.s.f.DefaultMavenResourcesFiltering - Copying 1 resource from src\main\resources to target\classes
2025-04-10 19:28:51,276 [Worker-44: Building] INFO  o.a.m.s.f.DefaultMavenResourcesFiltering - Copying 1 resource from src\main\resources to target\classes
2025-04-10 19:28:51,277 [Worker-44: Building] INFO  o.a.m.s.f.DefaultMavenResourcesFiltering - skip non existing resourceDirectory C:\Users\Rosmira\OneDrive\Documentos\PruebasBBVA\workspace\servicio-conversion-divisas\src\test\resources
2025-04-10 19:30:58,496 [Worker-42: Building] INFO  o.a.m.s.f.DefaultMavenResourcesFiltering - Copying 1 resource from src\main\resources to target\classes
2025-04-10 19:30:58,502 [Worker-42: Building] INFO  o.a.m.s.f.DefaultMavenResourcesFiltering - Copying 1 resource from src\main\resources to target\classes
2025-04-10 19:30:58,504 [Worker-42: Building] INFO  o.a.m.s.f.DefaultMavenResourcesFiltering - skip non existing resourceDirectory C:\Users\Rosmira\OneDrive\Documentos\PruebasBBVA\workspace\servicio-conversion-divisas\src\test\resources
2025-04-10 19:32:15,462 [Worker-30: Building] INFO  o.a.m.s.f.DefaultMavenResourcesFiltering - Copying 1 resource from src\main\resources to target\classes
2025-04-10 19:32:15,468 [Worker-30: Building] INFO  o.a.m.s.f.DefaultMavenResourcesFiltering - Copying 1 resource from src\main\resources to target\classes
2025-04-10 19:32:15,470 [Worker-30: Building] INFO  o.a.m.s.f.DefaultMavenResourcesFiltering - skip non existing resourceDirectory C:\Users\Rosmira\OneDrive\Documentos\PruebasBBVA\workspace\servicio-conversion-divisas\src\test\resources
2025-04-10 19:32:55,327 [Worker-44: Building] INFO  o.a.m.s.f.DefaultMavenResourcesFiltering - Copying 1 resource from src\main\resources to target\classes
2025-04-10 19:32:55,333 [Worker-44: Building] INFO  o.a.m.s.f.DefaultMavenResourcesFiltering - Copying 1 resource from src\main\resources to target\classes
2025-04-10 19:32:55,335 [Worker-44: Building] INFO  o.a.m.s.f.DefaultMavenResourcesFiltering - skip non existing resourceDirectory C:\Users\Rosmira\OneDrive\Documentos\PruebasBBVA\workspace\servicio-conversion-divisas\src\test\resources
2025-04-10 19:40:33,874 [Worker-44: Building] INFO  o.a.m.s.f.DefaultMavenResourcesFiltering - Copying 1 resource from src\main\resources to target\classes
2025-04-10 19:40:33,882 [Worker-44: Building] INFO  o.a.m.s.f.DefaultMavenResourcesFiltering - Copying 1 resource from src\main\resources to target\classes
2025-04-10 19:40:33,884 [Worker-44: Building] INFO  o.a.m.s.f.DefaultMavenResourcesFiltering - skip non existing resourceDirectory C:\Users\Rosmira\OneDrive\Documentos\PruebasBBVA\workspace\servicio-conversion-divisas\src\test\resources
2025-04-10 19:40:50,255 [Worker-40: Building] INFO  o.a.m.s.f.DefaultMavenResourcesFiltering - Copying 1 resource from src\main\resources to target\classes
2025-04-10 19:40:50,262 [Worker-40: Building] INFO  o.a.m.s.f.DefaultMavenResourcesFiltering - Copying 1 resource from src\main\resources to target\classes
2025-04-10 19:40:50,264 [Worker-40: Building] INFO  o.a.m.s.f.DefaultMavenResourcesFiltering - skip non existing resourceDirectory C:\Users\Rosmira\OneDrive\Documentos\PruebasBBVA\workspace\servicio-conversion-divisas\src\test\resources
2025-04-10 19:41:23,692 [Worker-44: Building] INFO  o.a.m.s.f.DefaultMavenResourcesFiltering - Copying 1 resource from src\main\resources to target\classes
2025-04-10 19:41:23,698 [Worker-44: Building] INFO  o.a.m.s.f.DefaultMavenResourcesFiltering - Copying 1 resource from src\main\resources to target\classes
2025-04-10 19:41:23,700 [Worker-44: Building] INFO  o.a.m.s.f.DefaultMavenResourcesFiltering - skip non existing resourceDirectory C:\Users\Rosmira\OneDrive\Documentos\PruebasBBVA\workspace\servicio-conversion-divisas\src\test\resources
2025-04-10 19:41:53,708 [Worker-46: Building] INFO  o.a.m.s.f.DefaultMavenResourcesFiltering - Copying 1 resource from src\main\resources to target\classes
2025-04-10 19:41:53,712 [Worker-46: Building] INFO  o.a.m.s.f.DefaultMavenResourcesFiltering - Copying 1 resource from src\main\resources to target\classes
2025-04-10 19:41:53,714 [Worker-46: Building] INFO  o.a.m.s.f.DefaultMavenResourcesFiltering - skip non existing resourceDirectory C:\Users\Rosmira\OneDrive\Documentos\PruebasBBVA\workspace\servicio-conversion-divisas\src\test\resources
2025-04-10 19:44:36,155 [Worker-31: Building] INFO  o.a.m.s.f.DefaultMavenResourcesFiltering - Copying 1 resource from src\main\resources to target\classes
2025-04-10 19:44:36,162 [Worker-31: Building] INFO  o.a.m.s.f.DefaultMavenResourcesFiltering - Copying 1 resource from src\main\resources to target\classes
2025-04-10 19:44:36,165 [Worker-31: Building] INFO  o.a.m.s.f.DefaultMavenResourcesFiltering - skip non existing resourceDirectory C:\Users\Rosmira\OneDrive\Documentos\PruebasBBVA\workspace\servicio-conversion-divisas\src\test\resources
2025-04-10 19:45:48,738 [Worker-47: Building] INFO  o.a.m.s.f.DefaultMavenResourcesFiltering - Copying 1 resource from src\main\resources to target\classes
2025-04-10 19:45:48,745 [Worker-47: Building] INFO  o.a.m.s.f.DefaultMavenResourcesFiltering - Copying 1 resource from src\main\resources to target\classes
2025-04-10 19:45:48,747 [Worker-47: Building] INFO  o.a.m.s.f.DefaultMavenResourcesFiltering - skip non existing resourceDirectory C:\Users\Rosmira\OneDrive\Documentos\PruebasBBVA\workspace\servicio-conversion-divisas\src\test\resources
2025-04-10 19:51:13,711 [Worker-31: Building] INFO  o.a.m.s.f.DefaultMavenResourcesFiltering - Copying 1 resource from src\main\resources to target\classes
2025-04-10 19:51:13,720 [Worker-31: Building] INFO  o.a.m.s.f.DefaultMavenResourcesFiltering - Copying 1 resource from src\main\resources to target\classes
2025-04-10 19:51:13,723 [Worker-31: Building] INFO  o.a.m.s.f.DefaultMavenResourcesFiltering - skip non existing resourceDirectory C:\Users\Rosmira\OneDrive\Documentos\PruebasBBVA\workspace\servicio-conversion-divisas\src\test\resources
2025-04-10 19:52:10,127 [Worker-43: Building] INFO  o.a.m.s.f.DefaultMavenResourcesFiltering - Copying 1 resource from src\main\resources to target\classes
2025-04-10 19:52:10,133 [Worker-43: Building] INFO  o.a.m.s.f.DefaultMavenResourcesFiltering - Copying 1 resource from src\main\resources to target\classes
2025-04-10 19:52:10,134 [Worker-43: Building] INFO  o.a.m.s.f.DefaultMavenResourcesFiltering - skip non existing resourceDirectory C:\Users\Rosmira\OneDrive\Documentos\PruebasBBVA\workspace\servicio-conversion-divisas\src\test\resources
2025-04-10 19:52:35,831 [Worker-30: Building] INFO  o.a.m.s.f.DefaultMavenResourcesFiltering - Copying 1 resource from src\main\resources to target\classes
2025-04-10 19:52:35,836 [Worker-30: Building] INFO  o.a.m.s.f.DefaultMavenResourcesFiltering - Copying 1 resource from src\main\resources to target\classes
2025-04-10 19:52:35,838 [Worker-30: Building] INFO  o.a.m.s.f.DefaultMavenResourcesFiltering - skip non existing resourceDirectory C:\Users\Rosmira\OneDrive\Documentos\PruebasBBVA\workspace\servicio-conversion-divisas\src\test\resources
2025-04-10 19:54:02,259 [Worker-31: Building] INFO  o.a.m.s.f.DefaultMavenResourcesFiltering - Copying 1 resource from src\main\resources to target\classes
2025-04-10 19:54:02,265 [Worker-31: Building] INFO  o.a.m.s.f.DefaultMavenResourcesFiltering - Copying 1 resource from src\main\resources to target\classes
2025-04-10 19:54:02,267 [Worker-31: Building] INFO  o.a.m.s.f.DefaultMavenResourcesFiltering - skip non existing resourceDirectory C:\Users\Rosmira\OneDrive\Documentos\PruebasBBVA\workspace\servicio-conversion-divisas\src\test\resources
2025-04-10 19:54:14,784 [Worker-31: Building] INFO  o.a.m.s.f.DefaultMavenResourcesFiltering - Copying 1 resource from src\main\resources to target\classes
2025-04-10 19:54:14,791 [Worker-31: Building] INFO  o.a.m.s.f.DefaultMavenResourcesFiltering - Copying 1 resource from src\main\resources to target\classes
2025-04-10 19:54:14,794 [Worker-31: Building] INFO  o.a.m.s.f.DefaultMavenResourcesFiltering - skip non existing resourceDirectory C:\Users\Rosmira\OneDrive\Documentos\PruebasBBVA\workspace\servicio-conversion-divisas\src\test\resources
2025-04-10 19:57:46,705 [Worker-42: Building] INFO  o.a.m.s.f.DefaultMavenResourcesFiltering - Copying 1 resource from src\main\resources to target\classes
2025-04-10 19:57:46,708 [Worker-42: Building] INFO  o.a.m.s.f.DefaultMavenResourcesFiltering - Copying 1 resource from src\main\resources to target\classes
2025-04-10 19:57:46,710 [Worker-42: Building] INFO  o.a.m.s.f.DefaultMavenResourcesFiltering - skip non existing resourceDirectory C:\Users\Rosmira\OneDrive\Documentos\PruebasBBVA\workspace\servicio-conversion-divisas\src\test\resources
2025-04-10 19:58:52,306 [Worker-40: Building] INFO  o.e.m.c.i.l.LifecycleMappingFactory - Using org.eclipse.m2e.jdt.JarLifecycleMapping lifecycle mapping for MavenProject: com.bbva.servicioconversiondivisas:servicio-conversion-divisas:0.0.1-SNAPSHOT @ C:\Users\Rosmira\OneDrive\Documentos\PruebasBBVA\workspace\servicio-conversion-divisas\pom.xml.
2025-04-10 19:58:52,422 [Worker-40: Building] INFO  o.e.m.c.i.e.AbstractTransferListenerAdapter - Downloading https://repo.maven.apache.org/maven2/org/projectlombok/lombok/1.18.30/lombok-1.18.30.pom
2025-04-10 19:58:52,427 [Worker-40: Building] INFO  o.e.m.c.i.e.AbstractTransferListenerAdapter - Downloaded https://repo.maven.apache.org/maven2/org/projectlombok/lombok/1.18.30/lombok-1.18.30.pom
2025-04-10 19:58:52,489 [Worker-40: Building] INFO  o.e.m.c.i.e.AbstractTransferListenerAdapter - Downloading https://repo.maven.apache.org/maven2/org/projectlombok/lombok/1.18.30/lombok-1.18.30.jar
2025-04-10 19:58:52,557 [Worker-40: Building] INFO  o.e.m.c.i.e.AbstractTransferListenerAdapter - Downloaded https://repo.maven.apache.org/maven2/org/projectlombok/lombok/1.18.30/lombok-1.18.30.jar
2025-04-10 19:58:52,696 [Worker-40: Building] INFO  o.a.m.s.f.DefaultMavenResourcesFiltering - Copying 0 resource from src\main\resources to target\classes
2025-04-10 19:58:52,697 [Worker-40: Building] INFO  o.a.m.s.f.DefaultMavenResourcesFiltering - Copying 0 resource from src\main\resources to target\classes
2025-04-10 19:58:52,700 [Worker-40: Building] INFO  o.a.m.s.f.DefaultMavenResourcesFiltering - skip non existing resourceDirectory C:\Users\Rosmira\OneDrive\Documentos\PruebasBBVA\workspace\servicio-conversion-divisas\src\test\resources
2025-04-10 19:58:53,648 [Worker-31: Download sources and javadoc] INFO  o.e.m.c.i.e.AbstractTransferListenerAdapter - Downloading https://repo.maven.apache.org/maven2/org/projectlombok/lombok/1.18.30/lombok-1.18.30-sources.jar
2025-04-10 19:58:53,688 [Worker-31: Download sources and javadoc] INFO  o.e.m.c.i.e.AbstractTransferListenerAdapter - Downloaded https://repo.maven.apache.org/maven2/org/projectlombok/lombok/1.18.30/lombok-1.18.30-sources.jar
2025-04-10 19:58:53,690 [Worker-31: Download sources and javadoc] INFO  o.e.m.j.internal.DownloadSourcesJob - Downloaded sources for org.projectlombok:lombok:1.18.30
2025-04-10 19:58:54,050 [Worker-30: Building] INFO  o.a.m.s.f.DefaultMavenResourcesFiltering - Copying 1 resource from src\main\resources to target\classes
2025-04-10 19:58:54,066 [Worker-30: Building] INFO  o.a.m.s.f.DefaultMavenResourcesFiltering - Copying 1 resource from src\main\resources to target\classes
2025-04-10 19:58:54,071 [Worker-30: Building] INFO  o.a.m.s.f.DefaultMavenResourcesFiltering - skip non existing resourceDirectory C:\Users\Rosmira\OneDrive\Documentos\PruebasBBVA\workspace\servicio-conversion-divisas\src\test\resources
2025-04-10 19:59:08,532 [Worker-44: Building] INFO  o.a.m.s.f.DefaultMavenResourcesFiltering - Copying 1 resource from src\main\resources to target\classes
2025-04-10 19:59:08,540 [Worker-44: Building] INFO  o.a.m.s.f.DefaultMavenResourcesFiltering - Copying 1 resource from src\main\resources to target\classes
2025-04-10 19:59:08,541 [Worker-44: Building] INFO  o.a.m.s.f.DefaultMavenResourcesFiltering - skip non existing resourceDirectory C:\Users\Rosmira\OneDrive\Documentos\PruebasBBVA\workspace\servicio-conversion-divisas\src\test\resources
2025-04-10 19:59:41,174 [Worker-31: Building] INFO  o.a.m.s.f.DefaultMavenResourcesFiltering - Copying 1 resource from src\main\resources to target\classes
2025-04-10 19:59:41,179 [Worker-31: Building] INFO  o.a.m.s.f.DefaultMavenResourcesFiltering - Copying 1 resource from src\main\resources to target\classes
2025-04-10 19:59:41,181 [Worker-31: Building] INFO  o.a.m.s.f.DefaultMavenResourcesFiltering - skip non existing resourceDirectory C:\Users\Rosmira\OneDrive\Documentos\PruebasBBVA\workspace\servicio-conversion-divisas\src\test\resources
2025-04-10 20:02:56,437 [Worker-40: Building] INFO  o.a.m.s.f.DefaultMavenResourcesFiltering - Copying 1 resource from src\main\resources to target\classes
2025-04-10 20:02:56,444 [Worker-40: Building] INFO  o.a.m.s.f.DefaultMavenResourcesFiltering - Copying 1 resource from src\main\resources to target\classes
2025-04-10 20:02:56,446 [Worker-40: Building] INFO  o.a.m.s.f.DefaultMavenResourcesFiltering - skip non existing resourceDirectory C:\Users\Rosmira\OneDrive\Documentos\PruebasBBVA\workspace\servicio-conversion-divisas\src\test\resources
2025-04-10 20:03:57,720 [Worker-30: Building] INFO  o.a.m.s.f.DefaultMavenResourcesFiltering - Copying 1 resource from src\main\resources to target\classes
2025-04-10 20:03:57,726 [Worker-30: Building] INFO  o.a.m.s.f.DefaultMavenResourcesFiltering - Copying 1 resource from src\main\resources to target\classes
2025-04-10 20:03:57,728 [Worker-30: Building] INFO  o.a.m.s.f.DefaultMavenResourcesFiltering - skip non existing resourceDirectory C:\Users\Rosmira\OneDrive\Documentos\PruebasBBVA\workspace\servicio-conversion-divisas\src\test\resources
2025-04-10 20:43:32,972 [Worker-40: Building] INFO  o.a.m.s.f.DefaultMavenResourcesFiltering - Copying 1 resource from src\main\resources to target\classes
2025-04-10 20:43:32,991 [Worker-40: Building] INFO  o.a.m.s.f.DefaultMavenResourcesFiltering - Copying 1 resource from src\main\resources to target\classes
2025-04-10 20:43:32,993 [Worker-40: Building] INFO  o.a.m.s.f.DefaultMavenResourcesFiltering - skip non existing resourceDirectory C:\Users\Rosmira\OneDrive\Documentos\PruebasBBVA\workspace\servicio-conversion-divisas\src\test\resources
2025-04-10 20:44:04,762 [Worker-35: Building] INFO  o.a.m.s.f.DefaultMavenResourcesFiltering - Copying 1 resource from src\main\resources to target\classes
2025-04-10 20:44:04,767 [Worker-35: Building] INFO  o.a.m.s.f.DefaultMavenResourcesFiltering - Copying 1 resource from src\main\resources to target\classes
2025-04-10 20:44:04,769 [Worker-35: Building] INFO  o.a.m.s.f.DefaultMavenResourcesFiltering - skip non existing resourceDirectory C:\Users\Rosmira\OneDrive\Documentos\PruebasBBVA\workspace\servicio-conversion-divisas\src\test\resources
2025-04-10 20:45:19,032 [Worker-46: Building] INFO  o.a.m.s.f.DefaultMavenResourcesFiltering - Copying 1 resource from src\main\resources to target\classes
2025-04-10 20:45:19,044 [Worker-46: Building] INFO  o.a.m.s.f.DefaultMavenResourcesFiltering - Copying 1 resource from src\main\resources to target\classes
2025-04-10 20:45:19,047 [Worker-46: Building] INFO  o.a.m.s.f.DefaultMavenResourcesFiltering - skip non existing resourceDirectory C:\Users\Rosmira\OneDrive\Documentos\PruebasBBVA\workspace\servicio-conversion-divisas\src\test\resources
2025-04-10 20:51:15,737 [Worker-43: Building] INFO  o.a.m.s.f.DefaultMavenResourcesFiltering - Copying 1 resource from src\main\resources to target\classes
2025-04-10 20:51:15,744 [Worker-43: Building] INFO  o.a.m.s.f.DefaultMavenResourcesFiltering - Copying 1 resource from src\main\resources to target\classes
2025-04-10 20:51:15,746 [Worker-43: Building] INFO  o.a.m.s.f.DefaultMavenResourcesFiltering - skip non existing resourceDirectory C:\Users\Rosmira\OneDrive\Documentos\PruebasBBVA\workspace\servicio-conversion-divisas\src\test\resources
2025-04-10 20:55:47,261 [Worker-48: Building] INFO  o.a.m.s.f.DefaultMavenResourcesFiltering - Copying 0 resource from src\main\resources to target\classes
2025-04-10 20:55:47,262 [Worker-48: Building] INFO  o.a.m.s.f.DefaultMavenResourcesFiltering - Copying 0 resource from src\main\resources to target\classes
2025-04-10 20:55:47,264 [Worker-48: Building] INFO  o.a.m.s.f.DefaultMavenResourcesFiltering - skip non existing resourceDirectory C:\Users\Rosmira\OneDrive\Documentos\PruebasBBVA\workspace\servicio-conversion-divisas\src\test\resources
2025-04-10 20:57:57,132 [main] INFO  o.e.m.jdt.internal.UnitTestSupport - Updating ContextLoadTest from maven configuration
2025-04-10 20:58:00,112 [Worker-31: Launching ContextLoadTest] INFO  o.a.m.s.f.DefaultMavenResourcesFiltering - Copying 0 resource from src\main\resources to target\classes
2025-04-10 20:58:00,113 [Worker-31: Launching ContextLoadTest] INFO  o.a.m.s.f.DefaultMavenResourcesFiltering - Copying 0 resource from src\main\resources to target\classes
2025-04-10 20:58:00,116 [Worker-31: Launching ContextLoadTest] INFO  o.a.m.s.f.DefaultMavenResourcesFiltering - skip non existing resourceDirectory C:\Users\Rosmira\OneDrive\Documentos\PruebasBBVA\workspace\servicio-conversion-divisas\src\test\resources
2025-04-10 20:58:55,531 [Worker-48: Building] INFO  o.a.m.s.f.DefaultMavenResourcesFiltering - Copying 0 resource from src\main\resources to target\classes
2025-04-10 20:58:55,532 [Worker-48: Building] INFO  o.a.m.s.f.DefaultMavenResourcesFiltering - Copying 0 resource from src\main\resources to target\classes
2025-04-10 20:58:55,533 [Worker-48: Building] INFO  o.a.m.s.f.DefaultMavenResourcesFiltering - skip non existing resourceDirectory C:\Users\Rosmira\OneDrive\Documentos\PruebasBBVA\workspace\servicio-conversion-divisas\src\test\resources
2025-04-10 20:59:22,657 [Worker-47: Building] INFO  o.a.m.s.f.DefaultMavenResourcesFiltering - Copying 0 resource from src\main\resources to target\classes
2025-04-10 20:59:22,658 [Worker-47: Building] INFO  o.a.m.s.f.DefaultMavenResourcesFiltering - Copying 0 resource from src\main\resources to target\classes
2025-04-10 20:59:22,659 [Worker-47: Building] INFO  o.a.m.s.f.DefaultMavenResourcesFiltering - skip non existing resourceDirectory C:\Users\Rosmira\OneDrive\Documentos\PruebasBBVA\workspace\servicio-conversion-divisas\src\test\resources
2025-04-10 21:01:11,074 [Worker-31: Building] INFO  o.a.m.s.f.DefaultMavenResourcesFiltering - Copying 0 resource from src\main\resources to target\classes
2025-04-10 21:01:11,075 [Worker-31: Building] INFO  o.a.m.s.f.DefaultMavenResourcesFiltering - Copying 0 resource from src\main\resources to target\classes
2025-04-10 21:01:11,078 [Worker-31: Building] INFO  o.a.m.s.f.DefaultMavenResourcesFiltering - skip non existing resourceDirectory C:\Users\Rosmira\OneDrive\Documentos\PruebasBBVA\workspace\servicio-conversion-divisas\src\test\resources
2025-04-10 21:01:33,874 [Worker-48: Building] INFO  o.a.m.s.f.DefaultMavenResourcesFiltering - Copying 0 resource from src\main\resources to target\classes
2025-04-10 21:01:33,876 [Worker-48: Building] INFO  o.a.m.s.f.DefaultMavenResourcesFiltering - Copying 0 resource from src\main\resources to target\classes
2025-04-10 21:01:33,879 [Worker-48: Building] INFO  o.a.m.s.f.DefaultMavenResourcesFiltering - skip non existing resourceDirectory C:\Users\Rosmira\OneDrive\Documentos\PruebasBBVA\workspace\servicio-conversion-divisas\src\test\resources
2025-04-10 21:01:59,844 [Worker-47: Building] INFO  o.a.m.s.f.DefaultMavenResourcesFiltering - Copying 0 resource from src\main\resources to target\classes
2025-04-10 21:01:59,845 [Worker-47: Building] INFO  o.a.m.s.f.DefaultMavenResourcesFiltering - Copying 0 resource from src\main\resources to target\classes
2025-04-10 21:01:59,846 [Worker-47: Building] INFO  o.a.m.s.f.DefaultMavenResourcesFiltering - skip non existing resourceDirectory C:\Users\Rosmira\OneDrive\Documentos\PruebasBBVA\workspace\servicio-conversion-divisas\src\test\resources
2025-04-10 21:03:59,808 [Worker-30: Building] INFO  o.a.m.s.f.DefaultMavenResourcesFiltering - Copying 1 resource from src\main\resources to target\classes
2025-04-10 21:03:59,814 [Worker-30: Building] INFO  o.a.m.s.f.DefaultMavenResourcesFiltering - Copying 1 resource from src\main\resources to target\classes
2025-04-10 21:03:59,816 [Worker-30: Building] INFO  o.a.m.s.f.DefaultMavenResourcesFiltering - skip non existing resourceDirectory C:\Users\Rosmira\OneDrive\Documentos\PruebasBBVA\workspace\servicio-conversion-divisas\src\test\resources
2025-04-10 22:31:15,928 [Worker-51: Building] INFO  o.e.m.c.i.l.LifecycleMappingFactory - Using org.eclipse.m2e.jdt.JarLifecycleMapping lifecycle mapping for MavenProject: com.bbva.servicioconversiondivisas:servicio-conversion-divisas:0.0.1-SNAPSHOT @ C:\Users\Rosmira\OneDrive\Documentos\PruebasBBVA\workspace\servicio-conversion-divisas\pom.xml.
2025-04-10 22:31:16,220 [Worker-51: Building] INFO  o.e.m.c.i.e.AbstractTransferListenerAdapter - Downloading https://repo.maven.apache.org/maven2/org/springdoc/springdoc-openapi-starter-webmvc-ui/2.8.6/springdoc-openapi-starter-webmvc-ui-2.8.6.pom
2025-04-10 22:31:16,225 [Worker-51: Building] INFO  o.e.m.c.i.e.AbstractTransferListenerAdapter - Downloaded https://repo.maven.apache.org/maven2/org/springdoc/springdoc-openapi-starter-webmvc-ui/2.8.6/springdoc-openapi-starter-webmvc-ui-2.8.6.pom
2025-04-10 22:31:16,244 [Worker-51: Building] INFO  o.e.m.c.i.e.AbstractTransferListenerAdapter - Downloading https://repo.maven.apache.org/maven2/org/springdoc/springdoc-openapi/2.8.6/springdoc-openapi-2.8.6.pom
2025-04-10 22:31:16,250 [Worker-51: Building] INFO  o.e.m.c.i.e.AbstractTransferListenerAdapter - Downloaded https://repo.maven.apache.org/maven2/org/springdoc/springdoc-openapi/2.8.6/springdoc-openapi-2.8.6.pom
2025-04-10 22:31:16,315 [Worker-51: Building] INFO  o.e.m.c.i.e.AbstractTransferListenerAdapter - Downloading https://repo.maven.apache.org/maven2/org/springdoc/springdoc-openapi-starter-webmvc-api/2.8.6/springdoc-openapi-starter-webmvc-api-2.8.6.pom
2025-04-10 22:31:16,318 [Worker-51: Building] INFO  o.e.m.c.i.e.AbstractTransferListenerAdapter - Downloaded https://repo.maven.apache.org/maven2/org/springdoc/springdoc-openapi-starter-webmvc-api/2.8.6/springdoc-openapi-starter-webmvc-api-2.8.6.pom
2025-04-10 22:31:16,340 [Worker-51: Building] INFO  o.e.m.c.i.e.AbstractTransferListenerAdapter - Downloading https://repo.maven.apache.org/maven2/org/springdoc/springdoc-openapi-starter-common/2.8.6/springdoc-openapi-starter-common-2.8.6.pom
2025-04-10 22:31:16,343 [Worker-51: Building] INFO  o.e.m.c.i.e.AbstractTransferListenerAdapter - Downloaded https://repo.maven.apache.org/maven2/org/springdoc/springdoc-openapi-starter-common/2.8.6/springdoc-openapi-starter-common-2.8.6.pom
2025-04-10 22:31:16,363 [Worker-51: Building] INFO  o.e.m.c.i.e.AbstractTransferListenerAdapter - Downloading https://repo.maven.apache.org/maven2/io/swagger/core/v3/swagger-core-jakarta/2.2.29/swagger-core-jakarta-2.2.29.pom
2025-04-10 22:31:16,367 [Worker-51: Building] INFO  o.e.m.c.i.e.AbstractTransferListenerAdapter - Downloaded https://repo.maven.apache.org/maven2/io/swagger/core/v3/swagger-core-jakarta/2.2.29/swagger-core-jakarta-2.2.29.pom
2025-04-10 22:31:16,384 [Worker-51: Building] INFO  o.e.m.c.i.e.AbstractTransferListenerAdapter - Downloading https://repo.maven.apache.org/maven2/io/swagger/core/v3/swagger-project-jakarta/2.2.29/swagger-project-jakarta-2.2.29.pom
2025-04-10 22:31:16,388 [Worker-51: Building] INFO  o.e.m.c.i.e.AbstractTransferListenerAdapter - Downloaded https://repo.maven.apache.org/maven2/io/swagger/core/v3/swagger-project-jakarta/2.2.29/swagger-project-jakarta-2.2.29.pom
2025-04-10 22:31:16,403 [Worker-51: Building] INFO  o.e.m.c.i.e.AbstractTransferListenerAdapter - Downloading https://repo.maven.apache.org/maven2/org/apache/commons/commons-lang3/3.17.0/commons-lang3-3.17.0.pom
2025-04-10 22:31:16,407 [Worker-51: Building] INFO  o.e.m.c.i.e.AbstractTransferListenerAdapter - Downloaded https://repo.maven.apache.org/maven2/org/apache/commons/commons-lang3/3.17.0/commons-lang3-3.17.0.pom
2025-04-10 22:31:16,422 [Worker-51: Building] INFO  o.e.m.c.i.e.AbstractTransferListenerAdapter - Downloading https://repo.maven.apache.org/maven2/org/apache/commons/commons-parent/73/commons-parent-73.pom
2025-04-10 22:31:16,435 [Worker-51: Building] INFO  o.e.m.c.i.e.AbstractTransferListenerAdapter - Downloaded https://repo.maven.apache.org/maven2/org/apache/commons/commons-parent/73/commons-parent-73.pom
2025-04-10 22:31:16,451 [Worker-51: Building] INFO  o.e.m.c.i.e.AbstractTransferListenerAdapter - Downloading https://repo.maven.apache.org/maven2/io/swagger/core/v3/swagger-annotations-jakarta/2.2.29/swagger-annotations-jakarta-2.2.29.pom
2025-04-10 22:31:16,453 [Worker-51: Building] INFO  o.e.m.c.i.e.AbstractTransferListenerAdapter - Downloaded https://repo.maven.apache.org/maven2/io/swagger/core/v3/swagger-annotations-jakarta/2.2.29/swagger-annotations-jakarta-2.2.29.pom
2025-04-10 22:31:16,466 [Worker-51: Building] INFO  o.e.m.c.i.e.AbstractTransferListenerAdapter - Downloading https://repo.maven.apache.org/maven2/io/swagger/core/v3/swagger-models-jakarta/2.2.29/swagger-models-jakarta-2.2.29.pom
2025-04-10 22:31:16,468 [Worker-51: Building] INFO  o.e.m.c.i.e.AbstractTransferListenerAdapter - Downloaded https://repo.maven.apache.org/maven2/io/swagger/core/v3/swagger-models-jakarta/2.2.29/swagger-models-jakarta-2.2.29.pom
2025-04-10 22:31:16,483 [Worker-51: Building] INFO  o.e.m.c.i.e.AbstractTransferListenerAdapter - Downloading https://repo.maven.apache.org/maven2/com/fasterxml/jackson/dataformat/jackson-dataformat-yaml/2.18.3/jackson-dataformat-yaml-2.18.3.pom
2025-04-10 22:31:16,485 [Worker-51: Building] INFO  o.e.m.c.i.e.AbstractTransferListenerAdapter - Downloaded https://repo.maven.apache.org/maven2/com/fasterxml/jackson/dataformat/jackson-dataformat-yaml/2.18.3/jackson-dataformat-yaml-2.18.3.pom
2025-04-10 22:31:16,501 [Worker-51: Building] INFO  o.e.m.c.i.e.AbstractTransferListenerAdapter - Downloading https://repo.maven.apache.org/maven2/com/fasterxml/jackson/dataformat/jackson-dataformats-text/2.18.3/jackson-dataformats-text-2.18.3.pom
2025-04-10 22:31:16,503 [Worker-51: Building] INFO  o.e.m.c.i.e.AbstractTransferListenerAdapter - Downloaded https://repo.maven.apache.org/maven2/com/fasterxml/jackson/dataformat/jackson-dataformats-text/2.18.3/jackson-dataformats-text-2.18.3.pom
2025-04-10 22:31:16,517 [Worker-51: Building] INFO  o.e.m.c.i.e.AbstractTransferListenerAdapter - Downloading https://repo.maven.apache.org/maven2/org/webjars/swagger-ui/5.20.1/swagger-ui-5.20.1.pom
2025-04-10 22:31:16,519 [Worker-51: Building] INFO  o.e.m.c.i.e.AbstractTransferListenerAdapter - Downloaded https://repo.maven.apache.org/maven2/org/webjars/swagger-ui/5.20.1/swagger-ui-5.20.1.pom
2025-04-10 22:31:16,534 [Worker-51: Building] INFO  o.e.m.c.i.e.AbstractTransferListenerAdapter - Downloading https://repo.maven.apache.org/maven2/org/webjars/webjars-locator-lite/1.0.1/webjars-locator-lite-1.0.1.pom
2025-04-10 22:31:16,537 [Worker-51: Building] INFO  o.e.m.c.i.e.AbstractTransferListenerAdapter - Downloaded https://repo.maven.apache.org/maven2/org/webjars/webjars-locator-lite/1.0.1/webjars-locator-lite-1.0.1.pom
2025-04-10 22:31:16,549 [Worker-51: Building] INFO  o.e.m.c.i.e.AbstractTransferListenerAdapter - Downloading https://repo.maven.apache.org/maven2/org/jspecify/jspecify/1.0.0/jspecify-1.0.0.pom
2025-04-10 22:31:16,552 [Worker-51: Building] INFO  o.e.m.c.i.e.AbstractTransferListenerAdapter - Downloaded https://repo.maven.apache.org/maven2/org/jspecify/jspecify/1.0.0/jspecify-1.0.0.pom
2025-04-10 22:31:16,633 [Worker-51: Building] INFO  o.e.m.c.i.e.AbstractTransferListenerAdapter - Downloading https://repo.maven.apache.org/maven2/org/springdoc/springdoc-openapi-starter-webmvc-ui/2.8.6/springdoc-openapi-starter-webmvc-ui-2.8.6.jar
2025-04-10 22:31:16,636 [Worker-51: Building] INFO  o.e.m.c.i.e.AbstractTransferListenerAdapter - Downloaded https://repo.maven.apache.org/maven2/org/springdoc/springdoc-openapi-starter-webmvc-ui/2.8.6/springdoc-openapi-starter-webmvc-ui-2.8.6.jar
2025-04-10 22:31:16,651 [BasicRepositoryConnector-repo.maven.apache.org-0-0] INFO  o.e.m.c.i.e.AbstractTransferListenerAdapter - Downloading https://repo.maven.apache.org/maven2/org/springdoc/springdoc-openapi-starter-webmvc-api/2.8.6/springdoc-openapi-starter-webmvc-api-2.8.6.jar
2025-04-10 22:31:16,663 [BasicRepositoryConnector-repo.maven.apache.org-0-0] INFO  o.e.m.c.i.e.AbstractTransferListenerAdapter - Downloaded https://repo.maven.apache.org/maven2/org/springdoc/springdoc-openapi-starter-webmvc-api/2.8.6/springdoc-openapi-starter-webmvc-api-2.8.6.jar
2025-04-10 22:31:16,676 [BasicRepositoryConnector-repo.maven.apache.org-0-0] INFO  o.e.m.c.i.e.AbstractTransferListenerAdapter - Downloading https://repo.maven.apache.org/maven2/io/swagger/core/v3/swagger-models-jakarta/2.2.29/swagger-models-jakarta-2.2.29.jar
2025-04-10 22:31:16,679 [BasicRepositoryConnector-repo.maven.apache.org-0-4] INFO  o.e.m.c.i.e.AbstractTransferListenerAdapter - Downloading https://repo.maven.apache.org/maven2/io/swagger/core/v3/swagger-annotations-jakarta/2.2.29/swagger-annotations-jakarta-2.2.29.jar
2025-04-10 22:31:16,679 [BasicRepositoryConnector-repo.maven.apache.org-0-1] INFO  o.e.m.c.i.e.AbstractTransferListenerAdapter - Downloading https://repo.maven.apache.org/maven2/org/springdoc/springdoc-openapi-starter-common/2.8.6/springdoc-openapi-starter-common-2.8.6.jar
2025-04-10 22:31:16,681 [BasicRepositoryConnector-repo.maven.apache.org-0-3] INFO  o.e.m.c.i.e.AbstractTransferListenerAdapter - Downloading https://repo.maven.apache.org/maven2/org/apache/commons/commons-lang3/3.17.0/commons-lang3-3.17.0.jar
2025-04-10 22:31:16,684 [BasicRepositoryConnector-repo.maven.apache.org-0-2] INFO  o.e.m.c.i.e.AbstractTransferListenerAdapter - Downloading https://repo.maven.apache.org/maven2/io/swagger/core/v3/swagger-core-jakarta/2.2.29/swagger-core-jakarta-2.2.29.jar
2025-04-10 22:31:16,692 [BasicRepositoryConnector-repo.maven.apache.org-0-0] INFO  o.e.m.c.i.e.AbstractTransferListenerAdapter - Downloaded https://repo.maven.apache.org/maven2/io/swagger/core/v3/swagger-models-jakarta/2.2.29/swagger-models-jakarta-2.2.29.jar
2025-04-10 22:31:16,697 [BasicRepositoryConnector-repo.maven.apache.org-0-4] INFO  o.e.m.c.i.e.AbstractTransferListenerAdapter - Downloaded https://repo.maven.apache.org/maven2/io/swagger/core/v3/swagger-annotations-jakarta/2.2.29/swagger-annotations-jakarta-2.2.29.jar
2025-04-10 22:31:16,704 [BasicRepositoryConnector-repo.maven.apache.org-0-0] INFO  o.e.m.c.i.e.AbstractTransferListenerAdapter - Downloading https://repo.maven.apache.org/maven2/com/fasterxml/jackson/dataformat/jackson-dataformat-yaml/2.18.3/jackson-dataformat-yaml-2.18.3.jar
2025-04-10 22:31:16,707 [BasicRepositoryConnector-repo.maven.apache.org-0-0] INFO  o.e.m.c.i.e.AbstractTransferListenerAdapter - Downloaded https://repo.maven.apache.org/maven2/com/fasterxml/jackson/dataformat/jackson-dataformat-yaml/2.18.3/jackson-dataformat-yaml-2.18.3.jar
2025-04-10 22:31:16,709 [BasicRepositoryConnector-repo.maven.apache.org-0-4] INFO  o.e.m.c.i.e.AbstractTransferListenerAdapter - Downloading https://repo.maven.apache.org/maven2/org/webjars/swagger-ui/5.20.1/swagger-ui-5.20.1.jar
2025-04-10 22:31:16,726 [BasicRepositoryConnector-repo.maven.apache.org-0-0] INFO  o.e.m.c.i.e.AbstractTransferListenerAdapter - Downloading https://repo.maven.apache.org/maven2/org/webjars/webjars-locator-lite/1.0.1/webjars-locator-lite-1.0.1.jar
2025-04-10 22:31:16,728 [BasicRepositoryConnector-repo.maven.apache.org-0-2] INFO  o.e.m.c.i.e.AbstractTransferListenerAdapter - Downloaded https://repo.maven.apache.org/maven2/io/swagger/core/v3/swagger-core-jakarta/2.2.29/swagger-core-jakarta-2.2.29.jar
2025-04-10 22:31:16,728 [BasicRepositoryConnector-repo.maven.apache.org-0-0] INFO  o.e.m.c.i.e.AbstractTransferListenerAdapter - Downloaded https://repo.maven.apache.org/maven2/org/webjars/webjars-locator-lite/1.0.1/webjars-locator-lite-1.0.1.jar
2025-04-10 22:31:16,746 [BasicRepositoryConnector-repo.maven.apache.org-0-1] INFO  o.e.m.c.i.e.AbstractTransferListenerAdapter - Downloaded https://repo.maven.apache.org/maven2/org/springdoc/springdoc-openapi-starter-common/2.8.6/springdoc-openapi-starter-common-2.8.6.jar
2025-04-10 22:31:16,747 [BasicRepositoryConnector-repo.maven.apache.org-0-2] INFO  o.e.m.c.i.e.AbstractTransferListenerAdapter - Downloading https://repo.maven.apache.org/maven2/org/jspecify/jspecify/1.0.0/jspecify-1.0.0.jar
2025-04-10 22:31:16,749 [BasicRepositoryConnector-repo.maven.apache.org-0-2] INFO  o.e.m.c.i.e.AbstractTransferListenerAdapter - Downloaded https://repo.maven.apache.org/maven2/org/jspecify/jspecify/1.0.0/jspecify-1.0.0.jar
2025-04-10 22:31:16,759 [BasicRepositoryConnector-repo.maven.apache.org-0-3] INFO  o.e.m.c.i.e.AbstractTransferListenerAdapter - Downloaded https://repo.maven.apache.org/maven2/org/apache/commons/commons-lang3/3.17.0/commons-lang3-3.17.0.jar
2025-04-10 22:31:16,842 [BasicRepositoryConnector-repo.maven.apache.org-0-4] INFO  o.e.m.c.i.e.AbstractTransferListenerAdapter - Downloaded https://repo.maven.apache.org/maven2/org/webjars/swagger-ui/5.20.1/swagger-ui-5.20.1.jar
2025-04-10 22:31:17,074 [Worker-51: Building] INFO  o.a.m.s.f.DefaultMavenResourcesFiltering - Copying 0 resource from src\main\resources to target\classes
2025-04-10 22:31:17,075 [Worker-51: Building] INFO  o.a.m.s.f.DefaultMavenResourcesFiltering - Copying 0 resource from src\main\resources to target\classes
2025-04-10 22:31:17,081 [Worker-51: Building] INFO  o.a.m.s.f.DefaultMavenResourcesFiltering - skip non existing resourceDirectory C:\Users\Rosmira\OneDrive\Documentos\PruebasBBVA\workspace\servicio-conversion-divisas\src\test\resources
2025-04-10 22:31:17,583 [Worker-47: Building] INFO  o.a.m.s.f.DefaultMavenResourcesFiltering - Copying 1 resource from src\main\resources to target\classes
2025-04-10 22:31:17,610 [Worker-47: Building] INFO  o.a.m.s.f.DefaultMavenResourcesFiltering - Copying 1 resource from src\main\resources to target\classes
2025-04-10 22:31:17,615 [Worker-47: Building] INFO  o.a.m.s.f.DefaultMavenResourcesFiltering - skip non existing resourceDirectory C:\Users\Rosmira\OneDrive\Documentos\PruebasBBVA\workspace\servicio-conversion-divisas\src\test\resources
2025-04-10 22:31:17,998 [Worker-55: Download sources and javadoc] INFO  o.e.m.c.i.e.AbstractTransferListenerAdapter - Downloading https://repo.maven.apache.org/maven2/org/springdoc/springdoc-openapi-starter-webmvc-ui/2.8.6/springdoc-openapi-starter-webmvc-ui-2.8.6-sources.jar
2025-04-10 22:31:18,005 [Worker-55: Download sources and javadoc] INFO  o.e.m.c.i.e.AbstractTransferListenerAdapter - Downloaded https://repo.maven.apache.org/maven2/org/springdoc/springdoc-openapi-starter-webmvc-ui/2.8.6/springdoc-openapi-starter-webmvc-ui-2.8.6-sources.jar
2025-04-10 22:31:18,007 [Worker-55: Download sources and javadoc] INFO  o.e.m.j.internal.DownloadSourcesJob - Downloaded sources for org.springdoc:springdoc-openapi-starter-webmvc-ui:2.8.6
2025-04-10 22:31:18,062 [Worker-55: Download sources and javadoc] INFO  o.e.m.c.i.e.AbstractTransferListenerAdapter - Downloading https://repo.maven.apache.org/maven2/org/springdoc/springdoc-openapi-starter-webmvc-api/2.8.6/springdoc-openapi-starter-webmvc-api-2.8.6-sources.jar
2025-04-10 22:31:18,065 [Worker-55: Download sources and javadoc] INFO  o.e.m.c.i.e.AbstractTransferListenerAdapter - Downloaded https://repo.maven.apache.org/maven2/org/springdoc/springdoc-openapi-starter-webmvc-api/2.8.6/springdoc-openapi-starter-webmvc-api-2.8.6-sources.jar
2025-04-10 22:31:18,068 [Worker-55: Download sources and javadoc] INFO  o.e.m.j.internal.DownloadSourcesJob - Downloaded sources for org.springdoc:springdoc-openapi-starter-webmvc-api:2.8.6
2025-04-10 22:31:18,099 [Worker-55: Download sources and javadoc] INFO  o.e.m.c.i.e.AbstractTransferListenerAdapter - Downloading https://repo.maven.apache.org/maven2/org/springdoc/springdoc-openapi-starter-common/2.8.6/springdoc-openapi-starter-common-2.8.6-sources.jar
2025-04-10 22:31:18,191 [Worker-55: Download sources and javadoc] INFO  o.e.m.c.i.e.AbstractTransferListenerAdapter - Downloaded https://repo.maven.apache.org/maven2/org/springdoc/springdoc-openapi-starter-common/2.8.6/springdoc-openapi-starter-common-2.8.6-sources.jar
2025-04-10 22:31:18,196 [Worker-55: Download sources and javadoc] INFO  o.e.m.j.internal.DownloadSourcesJob - Downloaded sources for org.springdoc:springdoc-openapi-starter-common:2.8.6
2025-04-10 22:31:18,249 [Worker-55: Download sources and javadoc] INFO  o.e.m.c.i.e.AbstractTransferListenerAdapter - Downloading https://repo.maven.apache.org/maven2/io/swagger/core/v3/swagger-core-jakarta/2.2.29/swagger-core-jakarta-2.2.29-sources.jar
2025-04-10 22:31:18,268 [Worker-55: Download sources and javadoc] INFO  o.e.m.c.i.e.AbstractTransferListenerAdapter - Downloaded https://repo.maven.apache.org/maven2/io/swagger/core/v3/swagger-core-jakarta/2.2.29/swagger-core-jakarta-2.2.29-sources.jar
2025-04-10 22:31:18,270 [Worker-55: Download sources and javadoc] INFO  o.e.m.j.internal.DownloadSourcesJob - Downloaded sources for io.swagger.core.v3:swagger-core-jakarta:2.2.29
2025-04-10 22:31:18,308 [Worker-55: Download sources and javadoc] INFO  o.e.m.c.i.e.AbstractTransferListenerAdapter - Downloading https://repo.maven.apache.org/maven2/org/apache/commons/commons-lang3/3.17.0/commons-lang3-3.17.0-sources.jar
2025-04-10 22:31:18,348 [Worker-55: Download sources and javadoc] INFO  o.e.m.c.i.e.AbstractTransferListenerAdapter - Downloaded https://repo.maven.apache.org/maven2/org/apache/commons/commons-lang3/3.17.0/commons-lang3-3.17.0-sources.jar
2025-04-10 22:31:18,350 [Worker-55: Download sources and javadoc] INFO  o.e.m.j.internal.DownloadSourcesJob - Downloaded sources for org.apache.commons:commons-lang3:3.17.0
2025-04-10 22:31:18,381 [Worker-55: Download sources and javadoc] INFO  o.e.m.c.i.e.AbstractTransferListenerAdapter - Downloading https://repo.maven.apache.org/maven2/io/swagger/core/v3/swagger-annotations-jakarta/2.2.29/swagger-annotations-jakarta-2.2.29-sources.jar
2025-04-10 22:31:18,391 [Worker-55: Download sources and javadoc] INFO  o.e.m.c.i.e.AbstractTransferListenerAdapter - Downloaded https://repo.maven.apache.org/maven2/io/swagger/core/v3/swagger-annotations-jakarta/2.2.29/swagger-annotations-jakarta-2.2.29-sources.jar
2025-04-10 22:31:18,393 [Worker-55: Download sources and javadoc] INFO  o.e.m.j.internal.DownloadSourcesJob - Downloaded sources for io.swagger.core.v3:swagger-annotations-jakarta:2.2.29
2025-04-10 22:31:18,431 [Worker-55: Download sources and javadoc] INFO  o.e.m.c.i.e.AbstractTransferListenerAdapter - Downloading https://repo.maven.apache.org/maven2/io/swagger/core/v3/swagger-models-jakarta/2.2.29/swagger-models-jakarta-2.2.29-sources.jar
2025-04-10 22:31:18,443 [Worker-55: Download sources and javadoc] INFO  o.e.m.c.i.e.AbstractTransferListenerAdapter - Downloaded https://repo.maven.apache.org/maven2/io/swagger/core/v3/swagger-models-jakarta/2.2.29/swagger-models-jakarta-2.2.29-sources.jar
2025-04-10 22:31:18,447 [Worker-55: Download sources and javadoc] INFO  o.e.m.j.internal.DownloadSourcesJob - Downloaded sources for io.swagger.core.v3:swagger-models-jakarta:2.2.29
2025-04-10 22:31:18,483 [Worker-55: Download sources and javadoc] INFO  o.e.m.c.i.e.AbstractTransferListenerAdapter - Downloading https://repo.maven.apache.org/maven2/com/fasterxml/jackson/dataformat/jackson-dataformat-yaml/2.18.3/jackson-dataformat-yaml-2.18.3-sources.jar
2025-04-10 22:31:18,492 [Worker-55: Download sources and javadoc] INFO  o.e.m.c.i.e.AbstractTransferListenerAdapter - Downloaded https://repo.maven.apache.org/maven2/com/fasterxml/jackson/dataformat/jackson-dataformat-yaml/2.18.3/jackson-dataformat-yaml-2.18.3-sources.jar
2025-04-10 22:31:18,495 [Worker-55: Download sources and javadoc] INFO  o.e.m.j.internal.DownloadSourcesJob - Downloaded sources for com.fasterxml.jackson.dataformat:jackson-dataformat-yaml:2.18.3
2025-04-10 22:31:18,633 [Worker-55: Download sources and javadoc] INFO  o.e.m.c.i.e.AbstractTransferListenerAdapter - Downloaded https://repo.maven.apache.org/maven2/org/webjars/swagger-ui/5.20.1/swagger-ui-5.20.1-sources.jar
2025-04-10 22:31:18,647 [Worker-55: Download sources and javadoc] ERROR o.e.m.j.internal.DownloadSourcesJob - Could not download sources for org.webjars:swagger-ui:5.20.1
org.eclipse.core.runtime.CoreException: Could not resolve artifact org.webjars:swagger-ui:jar:sources:5.20.1
	at org.eclipse.m2e.core.internal.embedder.MavenImpl.lambda$7(MavenImpl.java:540)
	at org.eclipse.m2e.core.internal.embedder.MavenExecutionContext.executeBare(MavenExecutionContext.java:458)
	at org.eclipse.m2e.core.internal.embedder.MavenExecutionContext.execute(MavenExecutionContext.java:292)
	at org.eclipse.m2e.core.internal.embedder.MavenExecutionContext.execute(MavenExecutionContext.java:278)
	at org.eclipse.m2e.core.internal.embedder.MavenImpl.resolve(MavenImpl.java:509)
	at org.eclipse.m2e.core.internal.embedder.MavenImpl.resolve(MavenImpl.java:494)
	at org.eclipse.m2e.jdt.internal.DownloadSourcesJob.download(DownloadSourcesJob.java:308)
	at org.eclipse.m2e.jdt.internal.DownloadSourcesJob.downloadAttachments(DownloadSourcesJob.java:282)
	at org.eclipse.m2e.jdt.internal.DownloadSourcesJob.downloadMaven(DownloadSourcesJob.java:252)
	at org.eclipse.m2e.jdt.internal.DownloadSourcesJob.downloadFilesAndPopulateToUpdate(DownloadSourcesJob.java:220)
	at org.eclipse.m2e.jdt.internal.DownloadSourcesJob.lambda$0(DownloadSourcesJob.java:149)
	at org.eclipse.m2e.core.internal.embedder.MavenExecutionContext.executeBare(MavenExecutionContext.java:458)
	at org.eclipse.m2e.core.internal.embedder.MavenExecutionContext.execute(MavenExecutionContext.java:339)
	at org.eclipse.m2e.core.internal.embedder.MavenExecutionContext.execute(MavenExecutionContext.java:278)
	at org.eclipse.m2e.core.embedder.IMaven.execute(IMaven.java:300)
	at org.eclipse.m2e.jdt.internal.DownloadSourcesJob.run(DownloadSourcesJob.java:149)
	at org.eclipse.core.internal.jobs.Worker.run(Worker.java:63)
2025-04-10 22:31:18,723 [Worker-55: Download sources and javadoc] INFO  o.e.m.c.i.e.AbstractTransferListenerAdapter - Downloading https://repo.maven.apache.org/maven2/org/webjars/webjars-locator-lite/1.0.1/webjars-locator-lite-1.0.1-sources.jar
2025-04-10 22:31:18,725 [Worker-55: Download sources and javadoc] INFO  o.e.m.c.i.e.AbstractTransferListenerAdapter - Downloaded https://repo.maven.apache.org/maven2/org/webjars/webjars-locator-lite/1.0.1/webjars-locator-lite-1.0.1-sources.jar
2025-04-10 22:31:18,727 [Worker-55: Download sources and javadoc] INFO  o.e.m.j.internal.DownloadSourcesJob - Downloaded sources for org.webjars:webjars-locator-lite:1.0.1
2025-04-10 22:31:18,763 [Worker-55: Download sources and javadoc] INFO  o.e.m.c.i.e.AbstractTransferListenerAdapter - Downloading https://repo.maven.apache.org/maven2/org/jspecify/jspecify/1.0.0/jspecify-1.0.0-sources.jar
2025-04-10 22:31:18,766 [Worker-55: Download sources and javadoc] INFO  o.e.m.c.i.e.AbstractTransferListenerAdapter - Downloaded https://repo.maven.apache.org/maven2/org/jspecify/jspecify/1.0.0/jspecify-1.0.0-sources.jar
2025-04-10 22:31:18,768 [Worker-55: Download sources and javadoc] INFO  o.e.m.j.internal.DownloadSourcesJob - Downloaded sources for org.jspecify:jspecify:1.0.0
2025-04-10 22:34:13,180 [Worker-53: Building] INFO  o.a.m.s.f.DefaultMavenResourcesFiltering - Copying 1 resource from src\main\resources to target\classes
2025-04-10 22:34:13,190 [Worker-53: Building] INFO  o.a.m.s.f.DefaultMavenResourcesFiltering - Copying 0 resource from src\main\resources to target\classes
2025-04-10 22:34:13,192 [Worker-53: Building] INFO  o.a.m.s.f.DefaultMavenResourcesFiltering - skip non existing resourceDirectory C:\Users\Rosmira\OneDrive\Documentos\PruebasBBVA\workspace\servicio-conversion-divisas\src\test\resources
2025-04-10 22:37:57,073 [Worker-54: Building] INFO  o.a.m.s.f.DefaultMavenResourcesFiltering - Copying 1 resource from src\main\resources to target\classes
2025-04-10 22:37:57,081 [Worker-54: Building] INFO  o.a.m.s.f.DefaultMavenResourcesFiltering - Copying 0 resource from src\main\resources to target\classes
2025-04-10 22:37:57,083 [Worker-54: Building] INFO  o.a.m.s.f.DefaultMavenResourcesFiltering - skip non existing resourceDirectory C:\Users\Rosmira\OneDrive\Documentos\PruebasBBVA\workspace\servicio-conversion-divisas\src\test\resources
2025-04-10 22:44:02,038 [Worker-56: Building] INFO  o.e.m.c.i.l.LifecycleMappingFactory - Using org.eclipse.m2e.jdt.JarLifecycleMapping lifecycle mapping for MavenProject: com.bbva.servicioconversiondivisas:servicio-conversion-divisas:0.0.1-SNAPSHOT @ C:\Users\Rosmira\OneDrive\Documentos\PruebasBBVA\workspace\servicio-conversion-divisas\pom.xml.
2025-04-10 22:44:02,343 [Worker-56: Building] INFO  o.a.m.s.f.DefaultMavenResourcesFiltering - Copying 0 resource from src\main\resources to target\classes
2025-04-10 22:44:02,344 [Worker-56: Building] INFO  o.a.m.s.f.DefaultMavenResourcesFiltering - Copying 0 resource from src\main\resources to target\classes
2025-04-10 22:44:02,350 [Worker-56: Building] INFO  o.a.m.s.f.DefaultMavenResourcesFiltering - skip non existing resourceDirectory C:\Users\Rosmira\OneDrive\Documentos\PruebasBBVA\workspace\servicio-conversion-divisas\src\test\resources
2025-04-10 22:44:03,623 [Worker-47: Building] INFO  o.a.m.s.f.DefaultMavenResourcesFiltering - Copying 1 resource from src\main\resources to target\classes
2025-04-10 22:44:03,636 [Worker-47: Building] INFO  o.a.m.s.f.DefaultMavenResourcesFiltering - Copying 1 resource from src\main\resources to target\classes
2025-04-10 22:44:03,639 [Worker-47: Building] INFO  o.a.m.s.f.DefaultMavenResourcesFiltering - skip non existing resourceDirectory C:\Users\Rosmira\OneDrive\Documentos\PruebasBBVA\workspace\servicio-conversion-divisas\src\test\resources
2025-04-10 22:44:09,935 [Worker-51: Building] INFO  o.a.m.s.f.DefaultMavenResourcesFiltering - Copying 1 resource from src\main\resources to target\classes
2025-04-10 22:44:09,941 [Worker-51: Building] INFO  o.a.m.s.f.DefaultMavenResourcesFiltering - Copying 0 resource from src\main\resources to target\classes
2025-04-10 22:44:09,944 [Worker-51: Building] INFO  o.a.m.s.f.DefaultMavenResourcesFiltering - skip non existing resourceDirectory C:\Users\Rosmira\OneDrive\Documentos\PruebasBBVA\workspace\servicio-conversion-divisas\src\test\resources
2025-04-10 22:44:35,865 [Worker-30: Building] INFO  o.a.m.s.f.DefaultMavenResourcesFiltering - Copying 1 resource from src\main\resources to target\classes
2025-04-10 22:44:35,869 [Worker-30: Building] INFO  o.a.m.s.f.DefaultMavenResourcesFiltering - Copying 1 resource from src\main\resources to target\classes
2025-04-10 22:44:35,871 [Worker-30: Building] INFO  o.a.m.s.f.DefaultMavenResourcesFiltering - skip non existing resourceDirectory C:\Users\Rosmira\OneDrive\Documentos\PruebasBBVA\workspace\servicio-conversion-divisas\src\test\resources
2025-04-10 22:54:38,905 [Worker-45: Building] INFO  o.a.m.s.f.DefaultMavenResourcesFiltering - Copying 1 resource from src\main\resources to target\classes
2025-04-10 22:54:38,914 [Worker-45: Building] INFO  o.a.m.s.f.DefaultMavenResourcesFiltering - Copying 1 resource from src\main\resources to target\classes
2025-04-10 22:54:38,917 [Worker-45: Building] INFO  o.a.m.s.f.DefaultMavenResourcesFiltering - skip non existing resourceDirectory C:\Users\Rosmira\OneDrive\Documentos\PruebasBBVA\workspace\servicio-conversion-divisas\src\test\resources
2025-04-10 22:58:47,053 [Worker-30: Building] INFO  o.e.m.c.i.l.LifecycleMappingFactory - Using org.eclipse.m2e.jdt.JarLifecycleMapping lifecycle mapping for MavenProject: com.bbva.servicioconversiondivisas:servicio-conversion-divisas:0.0.1-SNAPSHOT @ C:\Users\Rosmira\OneDrive\Documentos\PruebasBBVA\workspace\servicio-conversion-divisas\pom.xml.
2025-04-10 22:58:47,417 [Worker-30: Building] INFO  o.a.m.s.f.DefaultMavenResourcesFiltering - Copying 0 resource from src\main\resources to target\classes
2025-04-10 22:58:47,418 [Worker-30: Building] INFO  o.a.m.s.f.DefaultMavenResourcesFiltering - Copying 0 resource from src\main\resources to target\classes
2025-04-10 22:58:47,422 [Worker-30: Building] INFO  o.a.m.s.f.DefaultMavenResourcesFiltering - skip non existing resourceDirectory C:\Users\Rosmira\OneDrive\Documentos\PruebasBBVA\workspace\servicio-conversion-divisas\src\test\resources
2025-04-10 22:58:48,581 [Worker-53: Building] INFO  o.a.m.s.f.DefaultMavenResourcesFiltering - Copying 1 resource from src\main\resources to target\classes
2025-04-10 22:58:48,590 [Worker-53: Building] INFO  o.a.m.s.f.DefaultMavenResourcesFiltering - Copying 1 resource from src\main\resources to target\classes
2025-04-10 22:58:48,593 [Worker-53: Building] INFO  o.a.m.s.f.DefaultMavenResourcesFiltering - skip non existing resourceDirectory C:\Users\Rosmira\OneDrive\Documentos\PruebasBBVA\workspace\servicio-conversion-divisas\src\test\resources
2025-04-10 23:01:06,019 [Worker-47: Building] INFO  o.e.m.c.i.l.LifecycleMappingFactory - Using org.eclipse.m2e.jdt.JarLifecycleMapping lifecycle mapping for MavenProject: com.bbva.servicioconversiondivisas:servicio-conversion-divisas:0.0.1-SNAPSHOT @ C:\Users\Rosmira\OneDrive\Documentos\PruebasBBVA\workspace\servicio-conversion-divisas\pom.xml.
2025-04-10 23:01:06,332 [Worker-47: Building] INFO  o.a.m.s.f.DefaultMavenResourcesFiltering - Copying 0 resource from src\main\resources to target\classes
2025-04-10 23:01:06,333 [Worker-47: Building] INFO  o.a.m.s.f.DefaultMavenResourcesFiltering - Copying 0 resource from src\main\resources to target\classes
2025-04-10 23:01:06,337 [Worker-47: Building] INFO  o.a.m.s.f.DefaultMavenResourcesFiltering - skip non existing resourceDirectory C:\Users\Rosmira\OneDrive\Documentos\PruebasBBVA\workspace\servicio-conversion-divisas\src\test\resources
2025-04-10 23:07:39,553 [Worker-55: Building] INFO  o.a.m.s.f.DefaultMavenResourcesFiltering - Copying 0 resource from src\main\resources to target\classes
2025-04-10 23:07:39,554 [Worker-55: Building] INFO  o.a.m.s.f.DefaultMavenResourcesFiltering - Copying 0 resource from src\main\resources to target\classes
2025-04-10 23:07:39,557 [Worker-55: Building] INFO  o.a.m.s.f.DefaultMavenResourcesFiltering - skip non existing resourceDirectory C:\Users\Rosmira\OneDrive\Documentos\PruebasBBVA\workspace\servicio-conversion-divisas\src\test\resources
2025-04-10 23:09:00,085 [Worker-56: Building] INFO  o.a.m.s.f.DefaultMavenResourcesFiltering - Copying 1 resource from src\main\resources to target\classes
2025-04-10 23:09:00,120 [Worker-56: Building] INFO  o.a.m.s.f.DefaultMavenResourcesFiltering - Copying 1 resource from src\main\resources to target\classes
2025-04-10 23:09:00,122 [Worker-56: Building] INFO  o.a.m.s.f.DefaultMavenResourcesFiltering - skip non existing resourceDirectory C:\Users\Rosmira\OneDrive\Documentos\PruebasBBVA\workspace\servicio-conversion-divisas\src\test\resources
2025-04-10 23:09:48,702 [Worker-55: Building] INFO  o.a.m.s.f.DefaultMavenResourcesFiltering - Copying 0 resource from src\main\resources to target\classes
2025-04-10 23:09:48,703 [Worker-55: Building] INFO  o.a.m.s.f.DefaultMavenResourcesFiltering - Copying 0 resource from src\main\resources to target\classes
2025-04-10 23:09:48,704 [Worker-55: Building] INFO  o.a.m.s.f.DefaultMavenResourcesFiltering - skip non existing resourceDirectory C:\Users\Rosmira\OneDrive\Documentos\PruebasBBVA\workspace\servicio-conversion-divisas\src\test\resources
2025-04-10 23:19:51,887 [Worker-55: Building] INFO  o.a.m.s.f.DefaultMavenResourcesFiltering - Copying 0 resource from src\main\resources to target\classes
2025-04-10 23:19:51,888 [Worker-55: Building] INFO  o.a.m.s.f.DefaultMavenResourcesFiltering - Copying 0 resource from src\main\resources to target\classes
2025-04-10 23:19:51,889 [Worker-55: Building] INFO  o.a.m.s.f.DefaultMavenResourcesFiltering - skip non existing resourceDirectory C:\Users\Rosmira\OneDrive\Documentos\PruebasBBVA\workspace\servicio-conversion-divisas\src\test\resources
2025-04-10 23:20:09,702 [Worker-56: Building] INFO  o.a.m.s.f.DefaultMavenResourcesFiltering - Copying 0 resource from src\main\resources to target\classes
2025-04-10 23:20:09,703 [Worker-56: Building] INFO  o.a.m.s.f.DefaultMavenResourcesFiltering - Copying 0 resource from src\main\resources to target\classes
2025-04-10 23:20:09,705 [Worker-56: Building] INFO  o.a.m.s.f.DefaultMavenResourcesFiltering - skip non existing resourceDirectory C:\Users\Rosmira\OneDrive\Documentos\PruebasBBVA\workspace\servicio-conversion-divisas\src\test\resources
2025-04-10 23:24:15,862 [Worker-52: Building] INFO  o.a.m.s.f.DefaultMavenResourcesFiltering - Copying 0 resource from src\main\resources to target\classes
2025-04-10 23:24:15,863 [Worker-52: Building] INFO  o.a.m.s.f.DefaultMavenResourcesFiltering - Copying 0 resource from src\main\resources to target\classes
2025-04-10 23:24:15,865 [Worker-52: Building] INFO  o.a.m.s.f.DefaultMavenResourcesFiltering - skip non existing resourceDirectory C:\Users\Rosmira\OneDrive\Documentos\PruebasBBVA\workspace\servicio-conversion-divisas\src\test\resources
2025-04-10 23:30:09,738 [Worker-53: Building] INFO  o.a.m.s.f.DefaultMavenResourcesFiltering - Copying 0 resource from src\main\resources to target\classes
2025-04-10 23:30:09,739 [Worker-53: Building] INFO  o.a.m.s.f.DefaultMavenResourcesFiltering - Copying 0 resource from src\main\resources to target\classes
2025-04-10 23:30:09,741 [Worker-53: Building] INFO  o.a.m.s.f.DefaultMavenResourcesFiltering - skip non existing resourceDirectory C:\Users\Rosmira\OneDrive\Documentos\PruebasBBVA\workspace\servicio-conversion-divisas\src\test\resources
2025-04-10 23:31:04,977 [Worker-52: Building] INFO  o.a.m.s.f.DefaultMavenResourcesFiltering - Copying 0 resource from src\main\resources to target\classes
2025-04-10 23:31:04,978 [Worker-52: Building] INFO  o.a.m.s.f.DefaultMavenResourcesFiltering - Copying 0 resource from src\main\resources to target\classes
2025-04-10 23:31:04,979 [Worker-52: Building] INFO  o.a.m.s.f.DefaultMavenResourcesFiltering - skip non existing resourceDirectory C:\Users\Rosmira\OneDrive\Documentos\PruebasBBVA\workspace\servicio-conversion-divisas\src\test\resources
2025-04-10 23:31:48,005 [Worker-51: Building] INFO  o.a.m.s.f.DefaultMavenResourcesFiltering - Copying 0 resource from src\main\resources to target\classes
2025-04-10 23:31:48,006 [Worker-51: Building] INFO  o.a.m.s.f.DefaultMavenResourcesFiltering - Copying 0 resource from src\main\resources to target\classes
2025-04-10 23:31:48,007 [Worker-51: Building] INFO  o.a.m.s.f.DefaultMavenResourcesFiltering - skip non existing resourceDirectory C:\Users\Rosmira\OneDrive\Documentos\PruebasBBVA\workspace\servicio-conversion-divisas\src\test\resources
2025-04-10 23:31:57,549 [main] INFO  o.e.m.jdt.internal.UnitTestSupport - Updating ConvertirDivisasControllerTest from maven configuration
2025-04-10 23:32:28,498 [Worker-52: Building] INFO  o.a.m.s.f.DefaultMavenResourcesFiltering - Copying 0 resource from src\main\resources to target\classes
2025-04-10 23:32:28,498 [Worker-52: Building] INFO  o.a.m.s.f.DefaultMavenResourcesFiltering - Copying 0 resource from src\main\resources to target\classes
2025-04-10 23:32:28,499 [Worker-52: Building] INFO  o.a.m.s.f.DefaultMavenResourcesFiltering - skip non existing resourceDirectory C:\Users\Rosmira\OneDrive\Documentos\PruebasBBVA\workspace\servicio-conversion-divisas\src\test\resources
2025-04-10 23:42:50,090 [Worker-47: Building] INFO  o.a.m.s.f.DefaultMavenResourcesFiltering - Copying 0 resource from src\main\resources to target\classes
2025-04-10 23:42:50,091 [Worker-47: Building] INFO  o.a.m.s.f.DefaultMavenResourcesFiltering - Copying 0 resource from src\main\resources to target\classes
2025-04-10 23:42:50,092 [Worker-47: Building] INFO  o.a.m.s.f.DefaultMavenResourcesFiltering - skip non existing resourceDirectory C:\Users\Rosmira\OneDrive\Documentos\PruebasBBVA\workspace\servicio-conversion-divisas\src\test\resources
2025-04-10 23:47:21,823 [Worker-51: Building] INFO  o.a.m.s.f.DefaultMavenResourcesFiltering - Copying 0 resource from src\main\resources to target\classes
2025-04-10 23:47:21,824 [Worker-51: Building] INFO  o.a.m.s.f.DefaultMavenResourcesFiltering - Copying 0 resource from src\main\resources to target\classes
2025-04-10 23:47:21,825 [Worker-51: Building] INFO  o.a.m.s.f.DefaultMavenResourcesFiltering - skip non existing resourceDirectory C:\Users\Rosmira\OneDrive\Documentos\PruebasBBVA\workspace\servicio-conversion-divisas\src\test\resources
2025-04-10 23:54:53,631 [Worker-54: Building] INFO  o.e.m.c.i.l.LifecycleMappingFactory - Using org.eclipse.m2e.jdt.JarLifecycleMapping lifecycle mapping for MavenProject: com.bbva.servicioconversiondivisas:servicio-conversion-divisas:0.0.1-SNAPSHOT @ C:\Users\Rosmira\OneDrive\Documentos\PruebasBBVA\workspace\servicio-conversion-divisas\pom.xml.
2025-04-10 23:54:54,174 [Worker-54: Building] INFO  o.a.m.s.f.DefaultMavenResourcesFiltering - Copying 0 resource from src\main\resources to target\classes
2025-04-10 23:54:54,175 [Worker-54: Building] INFO  o.a.m.s.f.DefaultMavenResourcesFiltering - Copying 0 resource from src\main\resources to target\classes
2025-04-10 23:54:54,179 [Worker-54: Building] INFO  o.a.m.s.f.DefaultMavenResourcesFiltering - skip non existing resourceDirectory C:\Users\Rosmira\OneDrive\Documentos\PruebasBBVA\workspace\servicio-conversion-divisas\src\test\resources
2025-04-10 23:54:55,326 [Worker-52: Building] INFO  o.a.m.s.f.DefaultMavenResourcesFiltering - Copying 1 resource from src\main\resources to target\classes
2025-04-10 23:54:55,349 [Worker-52: Building] INFO  o.a.m.s.f.DefaultMavenResourcesFiltering - Copying 1 resource from src\main\resources to target\classes
2025-04-10 23:54:55,352 [Worker-52: Building] INFO  o.a.m.s.f.DefaultMavenResourcesFiltering - skip non existing resourceDirectory C:\Users\Rosmira\OneDrive\Documentos\PruebasBBVA\workspace\servicio-conversion-divisas\src\test\resources
2025-04-10 23:56:20,673 [Worker-56: Building] INFO  o.a.m.s.f.DefaultMavenResourcesFiltering - Copying 0 resource from src\main\resources to target\classes
2025-04-10 23:56:20,674 [Worker-56: Building] INFO  o.a.m.s.f.DefaultMavenResourcesFiltering - Copying 0 resource from src\main\resources to target\classes
2025-04-10 23:56:20,675 [Worker-56: Building] INFO  o.a.m.s.f.DefaultMavenResourcesFiltering - skip non existing resourceDirectory C:\Users\Rosmira\OneDrive\Documentos\PruebasBBVA\workspace\servicio-conversion-divisas\src\test\resources
2025-04-10 23:56:39,573 [Worker-55: Building] INFO  o.a.m.s.f.DefaultMavenResourcesFiltering - Copying 0 resource from src\main\resources to target\classes
2025-04-10 23:56:39,574 [Worker-55: Building] INFO  o.a.m.s.f.DefaultMavenResourcesFiltering - Copying 0 resource from src\main\resources to target\classes
2025-04-10 23:56:39,576 [Worker-55: Building] INFO  o.a.m.s.f.DefaultMavenResourcesFiltering - skip non existing resourceDirectory C:\Users\Rosmira\OneDrive\Documentos\PruebasBBVA\workspace\servicio-conversion-divisas\src\test\resources
2025-04-11 00:00:56,945 [Worker-51: Building] INFO  o.a.m.s.f.DefaultMavenResourcesFiltering - Copying 0 resource from src\main\resources to target\classes
2025-04-11 00:00:56,946 [Worker-51: Building] INFO  o.a.m.s.f.DefaultMavenResourcesFiltering - Copying 0 resource from src\main\resources to target\classes
2025-04-11 00:00:56,947 [Worker-51: Building] INFO  o.a.m.s.f.DefaultMavenResourcesFiltering - skip non existing resourceDirectory C:\Users\Rosmira\OneDrive\Documentos\PruebasBBVA\workspace\servicio-conversion-divisas\src\test\resources
2025-04-11 00:01:03,136 [main] INFO  o.e.m.jdt.internal.UnitTestSupport - Updating ConvertirDivisasServiceTest from maven configuration
2025-04-11 07:53:44,160 [Worker-62: Building] INFO  o.a.m.s.f.DefaultMavenResourcesFiltering - Copying 1 resource from src\main\resources to target\classes
2025-04-11 07:53:44,190 [Worker-62: Building] INFO  o.a.m.s.f.DefaultMavenResourcesFiltering - Copying 1 resource from src\main\resources to target\classes
2025-04-11 07:53:44,194 [Worker-62: Building] INFO  o.a.m.s.f.DefaultMavenResourcesFiltering - skip non existing resourceDirectory C:\Users\Rosmira\OneDrive\Documentos\PruebasBBVA\workspace\servicio-conversion-divisas\src\test\resources
2025-04-11 07:54:53,686 [Worker-61: Building] INFO  o.a.m.s.f.DefaultMavenResourcesFiltering - Copying 1 resource from src\main\resources to target\classes
2025-04-11 07:54:53,704 [Worker-61: Building] INFO  o.a.m.s.f.DefaultMavenResourcesFiltering - Copying 1 resource from src\main\resources to target\classes
2025-04-11 07:54:53,706 [Worker-61: Building] INFO  o.a.m.s.f.DefaultMavenResourcesFiltering - skip non existing resourceDirectory C:\Users\Rosmira\OneDrive\Documentos\PruebasBBVA\workspace\servicio-conversion-divisas\src\test\resources
2025-04-11 07:55:29,549 [Worker-61: Building] INFO  o.a.m.s.f.DefaultMavenResourcesFiltering - Copying 1 resource from src\main\resources to target\classes
2025-04-11 07:55:29,555 [Worker-61: Building] INFO  o.a.m.s.f.DefaultMavenResourcesFiltering - Copying 1 resource from src\main\resources to target\classes
2025-04-11 07:55:29,557 [Worker-61: Building] INFO  o.a.m.s.f.DefaultMavenResourcesFiltering - skip non existing resourceDirectory C:\Users\Rosmira\OneDrive\Documentos\PruebasBBVA\workspace\servicio-conversion-divisas\src\test\resources
2025-04-11 07:55:54,303 [Worker-56: Building] INFO  o.a.m.s.f.DefaultMavenResourcesFiltering - Copying 1 resource from src\main\resources to target\classes
2025-04-11 07:55:54,308 [Worker-56: Building] INFO  o.a.m.s.f.DefaultMavenResourcesFiltering - Copying 1 resource from src\main\resources to target\classes
2025-04-11 07:55:54,309 [Worker-56: Building] INFO  o.a.m.s.f.DefaultMavenResourcesFiltering - skip non existing resourceDirectory C:\Users\Rosmira\OneDrive\Documentos\PruebasBBVA\workspace\servicio-conversion-divisas\src\test\resources
2025-04-11 07:58:54,581 [main] INFO  o.e.m.jdt.internal.UnitTestSupport - Updating ServicioConversionDivisasApplicationTests from maven configuration
2025-04-11 08:02:59,818 [Worker-64: Launching Rerun testConvertirDivisas_Success()] INFO  o.a.m.s.f.DefaultMavenResourcesFiltering - Copying 0 resource from src\main\resources to target\classes
2025-04-11 08:02:59,819 [Worker-64: Launching Rerun testConvertirDivisas_Success()] INFO  o.a.m.s.f.DefaultMavenResourcesFiltering - Copying 0 resource from src\main\resources to target\classes
2025-04-11 08:02:59,820 [Worker-64: Launching Rerun testConvertirDivisas_Success()] INFO  o.a.m.s.f.DefaultMavenResourcesFiltering - skip non existing resourceDirectory C:\Users\Rosmira\OneDrive\Documentos\PruebasBBVA\workspace\servicio-conversion-divisas\src\test\resources
2025-04-11 08:03:46,124 [Worker-60: Launching ConvertirDivisasControllerTest] INFO  o.a.m.s.f.DefaultMavenResourcesFiltering - Copying 0 resource from src\main\resources to target\classes
2025-04-11 08:03:46,125 [Worker-60: Launching ConvertirDivisasControllerTest] INFO  o.a.m.s.f.DefaultMavenResourcesFiltering - Copying 0 resource from src\main\resources to target\classes
2025-04-11 08:03:46,126 [Worker-60: Launching ConvertirDivisasControllerTest] INFO  o.a.m.s.f.DefaultMavenResourcesFiltering - skip non existing resourceDirectory C:\Users\Rosmira\OneDrive\Documentos\PruebasBBVA\workspace\servicio-conversion-divisas\src\test\resources
2025-04-11 08:13:36,407 [Worker-56: Building] INFO  o.a.m.s.f.DefaultMavenResourcesFiltering - Copying 1 resource from src\main\resources to target\classes
2025-04-11 08:13:36,415 [Worker-56: Building] INFO  o.a.m.s.f.DefaultMavenResourcesFiltering - Copying 1 resource from src\main\resources to target\classes
2025-04-11 08:13:36,417 [Worker-56: Building] INFO  o.a.m.s.f.DefaultMavenResourcesFiltering - skip non existing resourceDirectory C:\Users\Rosmira\OneDrive\Documentos\PruebasBBVA\workspace\servicio-conversion-divisas\src\test\resources
2025-04-11 08:28:30,876 [Worker-55: Building] INFO  o.e.m.c.i.l.LifecycleMappingFactory - Using org.eclipse.m2e.jdt.JarLifecycleMapping lifecycle mapping for MavenProject: com.bbva.servicioconversiondivisas:servicio-conversion-divisas:0.0.1-SNAPSHOT @ C:\Users\Rosmira\OneDrive\Documentos\PruebasBBVA\workspace\servicio-conversion-divisas\pom.xml.
2025-04-11 08:28:31,238 [Worker-55: Building] INFO  o.e.m.c.i.e.AbstractTransferListenerAdapter - Downloading https://repo.maven.apache.org/maven2/org/springframework/boot/spring-boot-starter-security/3.4.4/spring-boot-starter-security-3.4.4.pom
2025-04-11 08:28:31,246 [Worker-55: Building] INFO  o.e.m.c.i.e.AbstractTransferListenerAdapter - Downloaded https://repo.maven.apache.org/maven2/org/springframework/boot/spring-boot-starter-security/3.4.4/spring-boot-starter-security-3.4.4.pom
2025-04-11 08:28:31,286 [Worker-55: Building] INFO  o.e.m.c.i.e.AbstractTransferListenerAdapter - Downloading https://repo.maven.apache.org/maven2/org/springframework/security/spring-security-config/6.4.4/spring-security-config-6.4.4.pom
2025-04-11 08:28:31,290 [Worker-55: Building] INFO  o.e.m.c.i.e.AbstractTransferListenerAdapter - Downloaded https://repo.maven.apache.org/maven2/org/springframework/security/spring-security-config/6.4.4/spring-security-config-6.4.4.pom
2025-04-11 08:28:31,326 [Worker-55: Building] INFO  o.e.m.c.i.e.AbstractTransferListenerAdapter - Downloading https://repo.maven.apache.org/maven2/org/springframework/security/spring-security-core/6.4.4/spring-security-core-6.4.4.pom
2025-04-11 08:28:31,330 [Worker-55: Building] INFO  o.e.m.c.i.e.AbstractTransferListenerAdapter - Downloaded https://repo.maven.apache.org/maven2/org/springframework/security/spring-security-core/6.4.4/spring-security-core-6.4.4.pom
2025-04-11 08:28:31,375 [Worker-55: Building] INFO  o.e.m.c.i.e.AbstractTransferListenerAdapter - Downloading https://repo.maven.apache.org/maven2/org/springframework/security/spring-security-web/6.4.4/spring-security-web-6.4.4.pom
2025-04-11 08:28:31,396 [Worker-55: Building] INFO  o.e.m.c.i.e.AbstractTransferListenerAdapter - Downloaded https://repo.maven.apache.org/maven2/org/springframework/security/spring-security-web/6.4.4/spring-security-web-6.4.4.pom
2025-04-11 08:28:31,479 [Worker-55: Building] INFO  o.e.m.c.i.e.AbstractTransferListenerAdapter - Downloading https://repo.maven.apache.org/maven2/org/springframework/boot/spring-boot-starter-security/3.4.4/spring-boot-starter-security-3.4.4.jar
2025-04-11 08:28:31,485 [Worker-55: Building] INFO  o.e.m.c.i.e.AbstractTransferListenerAdapter - Downloaded https://repo.maven.apache.org/maven2/org/springframework/boot/spring-boot-starter-security/3.4.4/spring-boot-starter-security-3.4.4.jar
2025-04-11 08:28:31,519 [BasicRepositoryConnector-repo.maven.apache.org-1-1] INFO  o.e.m.c.i.e.AbstractTransferListenerAdapter - Downloading https://repo.maven.apache.org/maven2/org/springframework/security/spring-security-core/6.4.4/spring-security-core-6.4.4.jar
2025-04-11 08:28:31,597 [BasicRepositoryConnector-repo.maven.apache.org-1-0] INFO  o.e.m.c.i.e.AbstractTransferListenerAdapter - Downloading https://repo.maven.apache.org/maven2/org/springframework/security/spring-security-config/6.4.4/spring-security-config-6.4.4.jar
2025-04-11 08:28:31,598 [BasicRepositoryConnector-repo.maven.apache.org-1-2] INFO  o.e.m.c.i.e.AbstractTransferListenerAdapter - Downloading https://repo.maven.apache.org/maven2/org/springframework/security/spring-security-web/6.4.4/spring-security-web-6.4.4.jar
2025-04-11 08:28:31,658 [BasicRepositoryConnector-repo.maven.apache.org-1-1] INFO  o.e.m.c.i.e.AbstractTransferListenerAdapter - Downloaded https://repo.maven.apache.org/maven2/org/springframework/security/spring-security-core/6.4.4/spring-security-core-6.4.4.jar
2025-04-11 08:28:31,852 [BasicRepositoryConnector-repo.maven.apache.org-1-2] INFO  o.e.m.c.i.e.AbstractTransferListenerAdapter - Downloaded https://repo.maven.apache.org/maven2/org/springframework/security/spring-security-web/6.4.4/spring-security-web-6.4.4.jar
2025-04-11 08:28:31,972 [BasicRepositoryConnector-repo.maven.apache.org-1-0] INFO  o.e.m.c.i.e.AbstractTransferListenerAdapter - Downloaded https://repo.maven.apache.org/maven2/org/springframework/security/spring-security-config/6.4.4/spring-security-config-6.4.4.jar
2025-04-11 08:28:32,145 [Worker-55: Building] INFO  o.a.m.s.f.DefaultMavenResourcesFiltering - Copying 0 resource from src\main\resources to target\classes
2025-04-11 08:28:32,146 [Worker-55: Building] INFO  o.a.m.s.f.DefaultMavenResourcesFiltering - Copying 0 resource from src\main\resources to target\classes
2025-04-11 08:28:32,149 [Worker-55: Building] INFO  o.a.m.s.f.DefaultMavenResourcesFiltering - skip non existing resourceDirectory C:\Users\Rosmira\OneDrive\Documentos\PruebasBBVA\workspace\servicio-conversion-divisas\src\test\resources
2025-04-11 08:28:32,549 [Worker-61: Building] INFO  o.a.m.s.f.DefaultMavenResourcesFiltering - Copying 1 resource from src\main\resources to target\classes
2025-04-11 08:28:32,601 [Worker-61: Building] INFO  o.a.m.s.f.DefaultMavenResourcesFiltering - Copying 1 resource from src\main\resources to target\classes
2025-04-11 08:28:32,609 [Worker-61: Building] INFO  o.a.m.s.f.DefaultMavenResourcesFiltering - skip non existing resourceDirectory C:\Users\Rosmira\OneDrive\Documentos\PruebasBBVA\workspace\servicio-conversion-divisas\src\test\resources
2025-04-11 08:28:33,238 [Worker-70: Download sources and javadoc] INFO  o.e.m.c.i.e.AbstractTransferListenerAdapter - Downloading https://repo.maven.apache.org/maven2/org/springframework/boot/spring-boot-starter-security/3.4.4/spring-boot-starter-security-3.4.4-sources.jar
2025-04-11 08:28:33,243 [Worker-70: Download sources and javadoc] INFO  o.e.m.c.i.e.AbstractTransferListenerAdapter - Downloaded https://repo.maven.apache.org/maven2/org/springframework/boot/spring-boot-starter-security/3.4.4/spring-boot-starter-security-3.4.4-sources.jar
2025-04-11 08:28:33,246 [Worker-70: Download sources and javadoc] INFO  o.e.m.j.internal.DownloadSourcesJob - Downloaded sources for org.springframework.boot:spring-boot-starter-security:3.4.4
2025-04-11 08:28:33,366 [Worker-70: Download sources and javadoc] INFO  o.e.m.c.i.e.AbstractTransferListenerAdapter - Downloading https://repo.maven.apache.org/maven2/org/springframework/security/spring-security-config/6.4.4/spring-security-config-6.4.4-sources.jar
2025-04-11 08:28:33,544 [Worker-70: Download sources and javadoc] INFO  o.e.m.c.i.e.AbstractTransferListenerAdapter - Downloaded https://repo.maven.apache.org/maven2/org/springframework/security/spring-security-config/6.4.4/spring-security-config-6.4.4-sources.jar
2025-04-11 08:28:33,547 [Worker-70: Download sources and javadoc] INFO  o.e.m.j.internal.DownloadSourcesJob - Downloaded sources for org.springframework.security:spring-security-config:6.4.4
2025-04-11 08:28:33,651 [Worker-70: Download sources and javadoc] INFO  o.e.m.c.i.e.AbstractTransferListenerAdapter - Downloading https://repo.maven.apache.org/maven2/org/springframework/security/spring-security-core/6.4.4/spring-security-core-6.4.4-sources.jar
2025-04-11 08:28:33,755 [Worker-70: Download sources and javadoc] INFO  o.e.m.c.i.e.AbstractTransferListenerAdapter - Downloaded https://repo.maven.apache.org/maven2/org/springframework/security/spring-security-core/6.4.4/spring-security-core-6.4.4-sources.jar
2025-04-11 08:28:33,757 [Worker-70: Download sources and javadoc] INFO  o.e.m.j.internal.DownloadSourcesJob - Downloaded sources for org.springframework.security:spring-security-core:6.4.4
2025-04-11 08:28:33,851 [Worker-70: Download sources and javadoc] INFO  o.e.m.c.i.e.AbstractTransferListenerAdapter - Downloading https://repo.maven.apache.org/maven2/org/springframework/security/spring-security-web/6.4.4/spring-security-web-6.4.4-sources.jar
2025-04-11 08:28:33,989 [Worker-70: Download sources and javadoc] INFO  o.e.m.c.i.e.AbstractTransferListenerAdapter - Downloaded https://repo.maven.apache.org/maven2/org/springframework/security/spring-security-web/6.4.4/spring-security-web-6.4.4-sources.jar
2025-04-11 08:28:33,991 [Worker-70: Download sources and javadoc] INFO  o.e.m.j.internal.DownloadSourcesJob - Downloaded sources for org.springframework.security:spring-security-web:6.4.4
2025-04-11 08:37:40,642 [Worker-63: Building] INFO  o.e.m.c.i.l.LifecycleMappingFactory - Using org.eclipse.m2e.jdt.JarLifecycleMapping lifecycle mapping for MavenProject: com.bbva.servicioconversiondivisas:servicio-conversion-divisas:0.0.1-SNAPSHOT @ C:\Users\Rosmira\OneDrive\Documentos\PruebasBBVA\workspace\servicio-conversion-divisas\pom.xml.
2025-04-11 08:37:40,864 [Worker-63: Building] INFO  o.e.m.c.i.e.AbstractTransferListenerAdapter - Downloading https://repo.maven.apache.org/maven2/org/springframework/boot/spring-boot-starter-oauth2-resource-server/3.4.4/spring-boot-starter-oauth2-resource-server-3.4.4.pom
2025-04-11 08:37:40,885 [Worker-63: Building] INFO  o.e.m.c.i.e.AbstractTransferListenerAdapter - Downloaded https://repo.maven.apache.org/maven2/org/springframework/boot/spring-boot-starter-oauth2-resource-server/3.4.4/spring-boot-starter-oauth2-resource-server-3.4.4.pom
2025-04-11 08:37:40,922 [Worker-63: Building] INFO  o.e.m.c.i.e.AbstractTransferListenerAdapter - Downloading https://repo.maven.apache.org/maven2/org/springframework/security/spring-security-oauth2-resource-server/6.4.4/spring-security-oauth2-resource-server-6.4.4.pom
2025-04-11 08:37:40,926 [Worker-63: Building] INFO  o.e.m.c.i.e.AbstractTransferListenerAdapter - Downloaded https://repo.maven.apache.org/maven2/org/springframework/security/spring-security-oauth2-resource-server/6.4.4/spring-security-oauth2-resource-server-6.4.4.pom
2025-04-11 08:37:40,979 [Worker-63: Building] INFO  o.e.m.c.i.e.AbstractTransferListenerAdapter - Downloading https://repo.maven.apache.org/maven2/org/springframework/security/spring-security-oauth2-core/6.4.4/spring-security-oauth2-core-6.4.4.pom
2025-04-11 08:37:40,983 [Worker-63: Building] INFO  o.e.m.c.i.e.AbstractTransferListenerAdapter - Downloaded https://repo.maven.apache.org/maven2/org/springframework/security/spring-security-oauth2-core/6.4.4/spring-security-oauth2-core-6.4.4.pom
2025-04-11 08:37:41,023 [Worker-63: Building] INFO  o.e.m.c.i.e.AbstractTransferListenerAdapter - Downloading https://repo.maven.apache.org/maven2/org/springframework/security/spring-security-oauth2-jose/6.4.4/spring-security-oauth2-jose-6.4.4.pom
2025-04-11 08:37:41,027 [Worker-63: Building] INFO  o.e.m.c.i.e.AbstractTransferListenerAdapter - Downloaded https://repo.maven.apache.org/maven2/org/springframework/security/spring-security-oauth2-jose/6.4.4/spring-security-oauth2-jose-6.4.4.pom
2025-04-11 08:37:41,064 [Worker-63: Building] INFO  o.e.m.c.i.e.AbstractTransferListenerAdapter - Downloading https://repo.maven.apache.org/maven2/com/nimbusds/nimbus-jose-jwt/9.37.3/nimbus-jose-jwt-9.37.3.pom
2025-04-11 08:37:41,071 [Worker-63: Building] INFO  o.e.m.c.i.e.AbstractTransferListenerAdapter - Downloaded https://repo.maven.apache.org/maven2/com/nimbusds/nimbus-jose-jwt/9.37.3/nimbus-jose-jwt-9.37.3.pom
2025-04-11 08:37:41,116 [Worker-63: Building] INFO  o.e.m.c.i.e.AbstractTransferListenerAdapter - Downloading https://repo.maven.apache.org/maven2/com/github/stephenc/jcip/jcip-annotations/1.0-1/jcip-annotations-1.0-1.pom
2025-04-11 08:37:41,122 [Worker-63: Building] INFO  o.e.m.c.i.e.AbstractTransferListenerAdapter - Downloaded https://repo.maven.apache.org/maven2/com/github/stephenc/jcip/jcip-annotations/1.0-1/jcip-annotations-1.0-1.pom
2025-04-11 08:37:41,209 [Worker-63: Building] INFO  o.e.m.c.i.e.AbstractTransferListenerAdapter - Downloading https://repo.maven.apache.org/maven2/org/springframework/boot/spring-boot-starter-oauth2-resource-server/3.4.4/spring-boot-starter-oauth2-resource-server-3.4.4.jar
2025-04-11 08:37:41,217 [Worker-63: Building] INFO  o.e.m.c.i.e.AbstractTransferListenerAdapter - Downloaded https://repo.maven.apache.org/maven2/org/springframework/boot/spring-boot-starter-oauth2-resource-server/3.4.4/spring-boot-starter-oauth2-resource-server-3.4.4.jar
2025-04-11 08:37:41,260 [BasicRepositoryConnector-repo.maven.apache.org-2-0] INFO  o.e.m.c.i.e.AbstractTransferListenerAdapter - Downloading https://repo.maven.apache.org/maven2/org/springframework/security/spring-security-oauth2-resource-server/6.4.4/spring-security-oauth2-resource-server-6.4.4.jar
2025-04-11 08:37:41,317 [BasicRepositoryConnector-repo.maven.apache.org-2-0] INFO  o.e.m.c.i.e.AbstractTransferListenerAdapter - Downloaded https://repo.maven.apache.org/maven2/org/springframework/security/spring-security-oauth2-resource-server/6.4.4/spring-security-oauth2-resource-server-6.4.4.jar
2025-04-11 08:37:41,353 [BasicRepositoryConnector-repo.maven.apache.org-2-2] INFO  o.e.m.c.i.e.AbstractTransferListenerAdapter - Downloading https://repo.maven.apache.org/maven2/org/springframework/security/spring-security-oauth2-jose/6.4.4/spring-security-oauth2-jose-6.4.4.jar
2025-04-11 08:37:41,353 [BasicRepositoryConnector-repo.maven.apache.org-2-1] INFO  o.e.m.c.i.e.AbstractTransferListenerAdapter - Downloading https://repo.maven.apache.org/maven2/org/springframework/security/spring-security-oauth2-core/6.4.4/spring-security-oauth2-core-6.4.4.jar
2025-04-11 08:37:41,353 [BasicRepositoryConnector-repo.maven.apache.org-2-3] INFO  o.e.m.c.i.e.AbstractTransferListenerAdapter - Downloading https://repo.maven.apache.org/maven2/com/nimbusds/nimbus-jose-jwt/9.37.3/nimbus-jose-jwt-9.37.3.jar
2025-04-11 08:37:41,355 [BasicRepositoryConnector-repo.maven.apache.org-2-4] INFO  o.e.m.c.i.e.AbstractTransferListenerAdapter - Downloading https://repo.maven.apache.org/maven2/com/github/stephenc/jcip/jcip-annotations/1.0-1/jcip-annotations-1.0-1.jar
2025-04-11 08:37:41,357 [BasicRepositoryConnector-repo.maven.apache.org-2-4] INFO  o.e.m.c.i.e.AbstractTransferListenerAdapter - Downloaded https://repo.maven.apache.org/maven2/com/github/stephenc/jcip/jcip-annotations/1.0-1/jcip-annotations-1.0-1.jar
2025-04-11 08:37:41,399 [BasicRepositoryConnector-repo.maven.apache.org-2-1] INFO  o.e.m.c.i.e.AbstractTransferListenerAdapter - Downloaded https://repo.maven.apache.org/maven2/org/springframework/security/spring-security-oauth2-core/6.4.4/spring-security-oauth2-core-6.4.4.jar
2025-04-11 08:37:41,399 [BasicRepositoryConnector-repo.maven.apache.org-2-2] INFO  o.e.m.c.i.e.AbstractTransferListenerAdapter - Downloaded https://repo.maven.apache.org/maven2/org/springframework/security/spring-security-oauth2-jose/6.4.4/spring-security-oauth2-jose-6.4.4.jar
2025-04-11 08:37:41,521 [BasicRepositoryConnector-repo.maven.apache.org-2-3] INFO  o.e.m.c.i.e.AbstractTransferListenerAdapter - Downloaded https://repo.maven.apache.org/maven2/com/nimbusds/nimbus-jose-jwt/9.37.3/nimbus-jose-jwt-9.37.3.jar
2025-04-11 08:37:41,652 [Worker-63: Building] INFO  o.a.m.s.f.DefaultMavenResourcesFiltering - Copying 0 resource from src\main\resources to target\classes
2025-04-11 08:37:41,653 [Worker-63: Building] INFO  o.a.m.s.f.DefaultMavenResourcesFiltering - Copying 0 resource from src\main\resources to target\classes
2025-04-11 08:37:41,655 [Worker-63: Building] INFO  o.a.m.s.f.DefaultMavenResourcesFiltering - skip non existing resourceDirectory C:\Users\Rosmira\OneDrive\Documentos\PruebasBBVA\workspace\servicio-conversion-divisas\src\test\resources
2025-04-11 08:37:42,707 [Worker-60: Download sources and javadoc] INFO  o.e.m.c.i.e.AbstractTransferListenerAdapter - Downloading https://repo.maven.apache.org/maven2/org/springframework/boot/spring-boot-starter-oauth2-resource-server/3.4.4/spring-boot-starter-oauth2-resource-server-3.4.4-sources.jar
2025-04-11 08:37:42,712 [Worker-60: Download sources and javadoc] INFO  o.e.m.c.i.e.AbstractTransferListenerAdapter - Downloaded https://repo.maven.apache.org/maven2/org/springframework/boot/spring-boot-starter-oauth2-resource-server/3.4.4/spring-boot-starter-oauth2-resource-server-3.4.4-sources.jar
2025-04-11 08:37:42,713 [Worker-60: Download sources and javadoc] INFO  o.e.m.j.internal.DownloadSourcesJob - Downloaded sources for org.springframework.boot:spring-boot-starter-oauth2-resource-server:3.4.4
2025-04-11 08:37:42,856 [Worker-60: Download sources and javadoc] INFO  o.e.m.c.i.e.AbstractTransferListenerAdapter - Downloading https://repo.maven.apache.org/maven2/org/springframework/security/spring-security-oauth2-resource-server/6.4.4/spring-security-oauth2-resource-server-6.4.4-sources.jar
2025-04-11 08:37:42,863 [Worker-62: Building] INFO  o.a.m.s.f.DefaultMavenResourcesFiltering - Copying 1 resource from src\main\resources to target\classes
2025-04-11 08:37:42,877 [Worker-62: Building] INFO  o.a.m.s.f.DefaultMavenResourcesFiltering - Copying 1 resource from src\main\resources to target\classes
2025-04-11 08:37:42,879 [Worker-62: Building] INFO  o.a.m.s.f.DefaultMavenResourcesFiltering - skip non existing resourceDirectory C:\Users\Rosmira\OneDrive\Documentos\PruebasBBVA\workspace\servicio-conversion-divisas\src\test\resources
2025-04-11 08:37:42,918 [Worker-60: Download sources and javadoc] INFO  o.e.m.c.i.e.AbstractTransferListenerAdapter - Downloaded https://repo.maven.apache.org/maven2/org/springframework/security/spring-security-oauth2-resource-server/6.4.4/spring-security-oauth2-resource-server-6.4.4-sources.jar
2025-04-11 08:37:42,920 [Worker-60: Download sources and javadoc] INFO  o.e.m.j.internal.DownloadSourcesJob - Downloaded sources for org.springframework.security:spring-security-oauth2-resource-server:6.4.4
2025-04-11 08:37:43,059 [Worker-60: Download sources and javadoc] INFO  o.e.m.c.i.e.AbstractTransferListenerAdapter - Downloading https://repo.maven.apache.org/maven2/org/springframework/security/spring-security-oauth2-core/6.4.4/spring-security-oauth2-core-6.4.4-sources.jar
2025-04-11 08:37:43,116 [Worker-60: Download sources and javadoc] INFO  o.e.m.c.i.e.AbstractTransferListenerAdapter - Downloaded https://repo.maven.apache.org/maven2/org/springframework/security/spring-security-oauth2-core/6.4.4/spring-security-oauth2-core-6.4.4-sources.jar
2025-04-11 08:37:43,118 [Worker-60: Download sources and javadoc] INFO  o.e.m.j.internal.DownloadSourcesJob - Downloaded sources for org.springframework.security:spring-security-oauth2-core:6.4.4
2025-04-11 08:37:43,479 [Worker-60: Download sources and javadoc] INFO  o.e.m.c.i.e.AbstractTransferListenerAdapter - Downloading https://repo.maven.apache.org/maven2/org/springframework/security/spring-security-oauth2-jose/6.4.4/spring-security-oauth2-jose-6.4.4-sources.jar
2025-04-11 08:37:43,540 [Worker-60: Download sources and javadoc] INFO  o.e.m.c.i.e.AbstractTransferListenerAdapter - Downloaded https://repo.maven.apache.org/maven2/org/springframework/security/spring-security-oauth2-jose/6.4.4/spring-security-oauth2-jose-6.4.4-sources.jar
2025-04-11 08:37:43,542 [Worker-60: Download sources and javadoc] INFO  o.e.m.j.internal.DownloadSourcesJob - Downloaded sources for org.springframework.security:spring-security-oauth2-jose:6.4.4
2025-04-11 08:37:43,653 [Worker-60: Download sources and javadoc] INFO  o.e.m.c.i.e.AbstractTransferListenerAdapter - Downloading https://repo.maven.apache.org/maven2/com/nimbusds/nimbus-jose-jwt/9.37.3/nimbus-jose-jwt-9.37.3-sources.jar
2025-04-11 08:37:43,765 [Worker-60: Download sources and javadoc] INFO  o.e.m.c.i.e.AbstractTransferListenerAdapter - Downloaded https://repo.maven.apache.org/maven2/com/nimbusds/nimbus-jose-jwt/9.37.3/nimbus-jose-jwt-9.37.3-sources.jar
2025-04-11 08:37:43,769 [Worker-60: Download sources and javadoc] INFO  o.e.m.j.internal.DownloadSourcesJob - Downloaded sources for com.nimbusds:nimbus-jose-jwt:9.37.3
2025-04-11 08:37:43,880 [Worker-60: Download sources and javadoc] INFO  o.e.m.c.i.e.AbstractTransferListenerAdapter - Downloading https://repo.maven.apache.org/maven2/com/github/stephenc/jcip/jcip-annotations/1.0-1/jcip-annotations-1.0-1-sources.jar
2025-04-11 08:37:43,885 [Worker-60: Download sources and javadoc] INFO  o.e.m.c.i.e.AbstractTransferListenerAdapter - Downloaded https://repo.maven.apache.org/maven2/com/github/stephenc/jcip/jcip-annotations/1.0-1/jcip-annotations-1.0-1-sources.jar
2025-04-11 08:37:43,887 [Worker-60: Download sources and javadoc] INFO  o.e.m.j.internal.DownloadSourcesJob - Downloaded sources for com.github.stephenc.jcip:jcip-annotations:1.0-1
2025-04-11 08:58:11,991 [Worker-71: Building] INFO  o.e.m.c.i.l.LifecycleMappingFactory - Using org.eclipse.m2e.jdt.JarLifecycleMapping lifecycle mapping for MavenProject: com.bbva.servicioconversiondivisas:servicio-conversion-divisas:0.0.1-SNAPSHOT @ C:\Users\Rosmira\OneDrive\Documentos\PruebasBBVA\workspace\servicio-conversion-divisas\pom.xml.
2025-04-11 08:58:12,222 [Worker-71: Building] INFO  o.e.m.c.i.e.AbstractTransferListenerAdapter - Downloading https://repo.maven.apache.org/maven2/io/jsonwebtoken/jjwt-api/0.11.2/jjwt-api-0.11.2.pom
2025-04-11 08:58:12,231 [Worker-71: Building] INFO  o.e.m.c.i.e.AbstractTransferListenerAdapter - Downloaded https://repo.maven.apache.org/maven2/io/jsonwebtoken/jjwt-api/0.11.2/jjwt-api-0.11.2.pom
2025-04-11 08:58:12,261 [Worker-71: Building] INFO  o.e.m.c.i.e.AbstractTransferListenerAdapter - Downloading https://repo.maven.apache.org/maven2/io/jsonwebtoken/jjwt-root/0.11.2/jjwt-root-0.11.2.pom
2025-04-11 08:58:12,279 [Worker-71: Building] INFO  o.e.m.c.i.e.AbstractTransferListenerAdapter - Downloaded https://repo.maven.apache.org/maven2/io/jsonwebtoken/jjwt-root/0.11.2/jjwt-root-0.11.2.pom
2025-04-11 08:58:12,305 [Worker-71: Building] INFO  o.e.m.c.i.e.AbstractTransferListenerAdapter - Downloading https://repo.maven.apache.org/maven2/io/jsonwebtoken/jjwt-impl/0.11.2/jjwt-impl-0.11.2.pom
2025-04-11 08:58:12,310 [Worker-71: Building] INFO  o.e.m.c.i.e.AbstractTransferListenerAdapter - Downloaded https://repo.maven.apache.org/maven2/io/jsonwebtoken/jjwt-impl/0.11.2/jjwt-impl-0.11.2.pom
2025-04-11 08:58:12,347 [Worker-71: Building] INFO  o.e.m.c.i.e.AbstractTransferListenerAdapter - Downloading https://repo.maven.apache.org/maven2/io/jsonwebtoken/jjwt-jackson/0.11.2/jjwt-jackson-0.11.2.pom
2025-04-11 08:58:12,359 [Worker-71: Building] INFO  o.e.m.c.i.e.AbstractTransferListenerAdapter - Downloaded https://repo.maven.apache.org/maven2/io/jsonwebtoken/jjwt-jackson/0.11.2/jjwt-jackson-0.11.2.pom
2025-04-11 08:58:12,434 [Worker-71: Building] INFO  o.e.m.c.i.e.AbstractTransferListenerAdapter - Downloading https://repo.maven.apache.org/maven2/io/jsonwebtoken/jjwt-api/0.11.2/jjwt-api-0.11.2.jar
2025-04-11 08:58:12,491 [Worker-71: Building] INFO  o.e.m.c.i.e.AbstractTransferListenerAdapter - Downloaded https://repo.maven.apache.org/maven2/io/jsonwebtoken/jjwt-api/0.11.2/jjwt-api-0.11.2.jar
2025-04-11 08:58:12,528 [BasicRepositoryConnector-repo.maven.apache.org-3-0] INFO  o.e.m.c.i.e.AbstractTransferListenerAdapter - Downloading https://repo.maven.apache.org/maven2/io/jsonwebtoken/jjwt-impl/0.11.2/jjwt-impl-0.11.2.jar
2025-04-11 08:58:12,579 [BasicRepositoryConnector-repo.maven.apache.org-3-0] INFO  o.e.m.c.i.e.AbstractTransferListenerAdapter - Downloaded https://repo.maven.apache.org/maven2/io/jsonwebtoken/jjwt-impl/0.11.2/jjwt-impl-0.11.2.jar
2025-04-11 08:58:12,604 [BasicRepositoryConnector-repo.maven.apache.org-3-1] INFO  o.e.m.c.i.e.AbstractTransferListenerAdapter - Downloading https://repo.maven.apache.org/maven2/io/jsonwebtoken/jjwt-jackson/0.11.2/jjwt-jackson-0.11.2.jar
2025-04-11 08:58:12,610 [BasicRepositoryConnector-repo.maven.apache.org-3-1] INFO  o.e.m.c.i.e.AbstractTransferListenerAdapter - Downloaded https://repo.maven.apache.org/maven2/io/jsonwebtoken/jjwt-jackson/0.11.2/jjwt-jackson-0.11.2.jar
2025-04-11 08:58:12,882 [Worker-71: Building] INFO  o.a.m.s.f.DefaultMavenResourcesFiltering - Copying 0 resource from src\main\resources to target\classes
2025-04-11 08:58:12,884 [Worker-71: Building] INFO  o.a.m.s.f.DefaultMavenResourcesFiltering - Copying 0 resource from src\main\resources to target\classes
2025-04-11 08:58:12,888 [Worker-71: Building] INFO  o.a.m.s.f.DefaultMavenResourcesFiltering - skip non existing resourceDirectory C:\Users\Rosmira\OneDrive\Documentos\PruebasBBVA\workspace\servicio-conversion-divisas\src\test\resources
2025-04-11 08:58:13,239 [Worker-56: Building] INFO  o.a.m.s.f.DefaultMavenResourcesFiltering - Copying 1 resource from src\main\resources to target\classes
2025-04-11 08:58:13,251 [Worker-56: Building] INFO  o.a.m.s.f.DefaultMavenResourcesFiltering - Copying 1 resource from src\main\resources to target\classes
2025-04-11 08:58:13,254 [Worker-56: Building] INFO  o.a.m.s.f.DefaultMavenResourcesFiltering - skip non existing resourceDirectory C:\Users\Rosmira\OneDrive\Documentos\PruebasBBVA\workspace\servicio-conversion-divisas\src\test\resources
2025-04-11 08:58:13,791 [Worker-69: Download sources and javadoc] INFO  o.e.m.c.i.e.AbstractTransferListenerAdapter - Downloading https://repo.maven.apache.org/maven2/io/jsonwebtoken/jjwt-api/0.11.2/jjwt-api-0.11.2-sources.jar
2025-04-11 08:58:13,860 [Worker-69: Download sources and javadoc] INFO  o.e.m.c.i.e.AbstractTransferListenerAdapter - Downloaded https://repo.maven.apache.org/maven2/io/jsonwebtoken/jjwt-api/0.11.2/jjwt-api-0.11.2-sources.jar
2025-04-11 08:58:13,862 [Worker-69: Download sources and javadoc] INFO  o.e.m.j.internal.DownloadSourcesJob - Downloaded sources for io.jsonwebtoken:jjwt-api:0.11.2
2025-04-11 08:58:13,968 [Worker-69: Download sources and javadoc] INFO  o.e.m.c.i.e.AbstractTransferListenerAdapter - Downloading https://repo.maven.apache.org/maven2/io/jsonwebtoken/jjwt-impl/0.11.2/jjwt-impl-0.11.2-sources.jar
2025-04-11 08:58:14,136 [Worker-69: Download sources and javadoc] INFO  o.e.m.c.i.e.AbstractTransferListenerAdapter - Downloaded https://repo.maven.apache.org/maven2/io/jsonwebtoken/jjwt-impl/0.11.2/jjwt-impl-0.11.2-sources.jar
2025-04-11 08:58:14,137 [Worker-69: Download sources and javadoc] INFO  o.e.m.j.internal.DownloadSourcesJob - Downloaded sources for io.jsonwebtoken:jjwt-impl:0.11.2
2025-04-11 08:58:14,242 [Worker-69: Download sources and javadoc] INFO  o.e.m.c.i.e.AbstractTransferListenerAdapter - Downloading https://repo.maven.apache.org/maven2/io/jsonwebtoken/jjwt-jackson/0.11.2/jjwt-jackson-0.11.2-sources.jar
2025-04-11 08:58:14,255 [Worker-69: Download sources and javadoc] INFO  o.e.m.c.i.e.AbstractTransferListenerAdapter - Downloaded https://repo.maven.apache.org/maven2/io/jsonwebtoken/jjwt-jackson/0.11.2/jjwt-jackson-0.11.2-sources.jar
2025-04-11 08:58:14,257 [Worker-69: Download sources and javadoc] INFO  o.e.m.j.internal.DownloadSourcesJob - Downloaded sources for io.jsonwebtoken:jjwt-jackson:0.11.2
2025-04-11 08:58:46,665 [Worker-56: Building] INFO  o.a.m.s.f.DefaultMavenResourcesFiltering - Copying 1 resource from src\main\resources to target\classes
2025-04-11 08:58:46,684 [Worker-56: Building] INFO  o.a.m.s.f.DefaultMavenResourcesFiltering - Copying 1 resource from src\main\resources to target\classes
2025-04-11 08:58:46,687 [Worker-56: Building] INFO  o.a.m.s.f.DefaultMavenResourcesFiltering - skip non existing resourceDirectory C:\Users\Rosmira\OneDrive\Documentos\PruebasBBVA\workspace\servicio-conversion-divisas\src\test\resources
2025-04-11 08:59:05,566 [Worker-56: Building] INFO  o.a.m.s.f.DefaultMavenResourcesFiltering - Copying 1 resource from src\main\resources to target\classes
2025-04-11 08:59:05,572 [Worker-56: Building] INFO  o.a.m.s.f.DefaultMavenResourcesFiltering - Copying 1 resource from src\main\resources to target\classes
2025-04-11 08:59:05,574 [Worker-56: Building] INFO  o.a.m.s.f.DefaultMavenResourcesFiltering - skip non existing resourceDirectory C:\Users\Rosmira\OneDrive\Documentos\PruebasBBVA\workspace\servicio-conversion-divisas\src\test\resources
2025-04-11 09:00:03,010 [Worker-66: Building] INFO  o.a.m.s.f.DefaultMavenResourcesFiltering - Copying 1 resource from src\main\resources to target\classes
2025-04-11 09:00:03,014 [Worker-66: Building] INFO  o.a.m.s.f.DefaultMavenResourcesFiltering - Copying 1 resource from src\main\resources to target\classes
2025-04-11 09:00:03,016 [Worker-66: Building] INFO  o.a.m.s.f.DefaultMavenResourcesFiltering - skip non existing resourceDirectory C:\Users\Rosmira\OneDrive\Documentos\PruebasBBVA\workspace\servicio-conversion-divisas\src\test\resources
2025-04-11 09:02:01,706 [Worker-64: Launching servicio-conversion-divisas - ServicioConversionDivisasApplication] INFO  o.a.m.s.f.DefaultMavenResourcesFiltering - Copying 1 resource from src\main\resources to target\classes
2025-04-11 09:02:01,714 [Worker-64: Launching servicio-conversion-divisas - ServicioConversionDivisasApplication] INFO  o.a.m.s.f.DefaultMavenResourcesFiltering - Copying 1 resource from src\main\resources to target\classes
2025-04-11 09:02:01,715 [Worker-64: Launching servicio-conversion-divisas - ServicioConversionDivisasApplication] INFO  o.a.m.s.f.DefaultMavenResourcesFiltering - skip non existing resourceDirectory C:\Users\Rosmira\OneDrive\Documentos\PruebasBBVA\workspace\servicio-conversion-divisas\src\test\resources
2025-04-11 09:44:17,579 [Worker-68: Import Getting Started Content] INFO  o.e.m.c.i.l.LifecycleMappingFactory - Using org.eclipse.m2e.jdt.JarLifecycleMapping lifecycle mapping for MavenProject: com.bbva.servicioautenticacion:servicio-autenticacion:0.0.1-SNAPSHOT @ C:\Users\Rosmira\OneDrive\Documentos\PruebasBBVA\workspace\servicio-autenticacion\pom.xml.
2025-04-11 09:44:18,051 [Worker-68: Import Getting Started Content] INFO  o.e.m.j.i.AbstractJavaProjectConfigurator - Adding source folder /servicio-autenticacion/src/main/java
2025-04-11 09:44:18,052 [Worker-68: Import Getting Started Content] INFO  o.e.m.j.i.AbstractJavaProjectConfigurator - Adding resource folder /servicio-autenticacion/src/main/resources
2025-04-11 09:44:18,054 [Worker-68: Import Getting Started Content] INFO  o.e.m.j.i.AbstractJavaProjectConfigurator - Adding resource folder /servicio-autenticacion/src/main/resources
2025-04-11 09:44:18,057 [Worker-68: Import Getting Started Content] INFO  o.e.m.j.i.AbstractJavaProjectConfigurator - Adding source folder /servicio-autenticacion/src/test/java
2025-04-11 09:44:18,058 [Worker-68: Import Getting Started Content] INFO  o.e.m.j.i.AbstractJavaProjectConfigurator - Adding resource folder /servicio-autenticacion/src/test/resources
2025-04-11 09:44:18,191 [Worker-68: Import Getting Started Content] INFO  o.e.m.c.i.p.ProjectConfigurationManager - Imported and configured 1 project(s) in 0 sec
2025-04-11 09:44:18,192 [Worker-68: Import Getting Started Content] INFO  o.e.m.c.i.p.ProjectConfigurationManager - Update started
2025-04-11 09:44:18,350 [Worker-68: Import Getting Started Content] INFO  o.e.m.c.i.l.LifecycleMappingFactory - Using org.eclipse.m2e.jdt.JarLifecycleMapping lifecycle mapping for MavenProject: com.bbva.servicioautenticacion:servicio-autenticacion:0.0.1-SNAPSHOT @ C:\Users\Rosmira\OneDrive\Documentos\PruebasBBVA\workspace\servicio-autenticacion\pom.xml.
2025-04-11 09:44:18,543 [Worker-68: Import Getting Started Content] INFO  o.e.m.j.i.AbstractJavaProjectConfigurator - Adding source folder /servicio-autenticacion/src/main/java
2025-04-11 09:44:18,544 [Worker-68: Import Getting Started Content] INFO  o.e.m.j.i.AbstractJavaProjectConfigurator - Adding resource folder /servicio-autenticacion/src/main/resources
2025-04-11 09:44:18,544 [Worker-68: Import Getting Started Content] INFO  o.e.m.j.i.AbstractJavaProjectConfigurator - Adding resource folder /servicio-autenticacion/src/main/resources
2025-04-11 09:44:18,544 [Worker-68: Import Getting Started Content] INFO  o.e.m.j.i.AbstractJavaProjectConfigurator - Adding source folder /servicio-autenticacion/src/test/java
2025-04-11 09:44:18,545 [Worker-68: Import Getting Started Content] INFO  o.e.m.j.i.AbstractJavaProjectConfigurator - Adding resource folder /servicio-autenticacion/src/test/resources
2025-04-11 09:44:18,665 [Worker-68: Import Getting Started Content] INFO  o.e.m.c.i.p.ProjectConfigurationManager - Update completed for 1 poms: local refresh takes 0,00 sec, refresh facades takes 0,00 sec, update config takes 0,00 sec 
2025-04-11 09:44:18,983 [Worker-66: Building] INFO  o.a.m.s.f.DefaultMavenResourcesFiltering - Copying 1 resource from src\main\resources to target\classes
2025-04-11 09:44:18,991 [Worker-66: Building] INFO  o.a.m.s.f.DefaultMavenResourcesFiltering - Copying 0 resource from src\main\resources to target\classes
2025-04-11 09:44:18,995 [Worker-66: Building] INFO  o.a.m.s.f.DefaultMavenResourcesFiltering - skip non existing resourceDirectory C:\Users\Rosmira\OneDrive\Documentos\PruebasBBVA\workspace\servicio-autenticacion\src\test\resources
2025-04-11 09:46:14,315 [Worker-67: Building] INFO  o.e.m.c.i.l.LifecycleMappingFactory - Using org.eclipse.m2e.jdt.JarLifecycleMapping lifecycle mapping for MavenProject: com.bbva.servicioautenticacion:servicio-autenticacion:0.0.1-SNAPSHOT @ C:\Users\Rosmira\OneDrive\Documentos\PruebasBBVA\workspace\servicio-autenticacion\pom.xml.
2025-04-11 09:46:14,502 [Worker-67: Building] INFO  o.e.m.c.i.e.AbstractTransferListenerAdapter - Downloading https://repo.maven.apache.org/maven2/io/jsonwebtoken/jjwt/0.9.1/jjwt-0.9.1.pom
2025-04-11 09:46:14,513 [Worker-67: Building] INFO  o.e.m.c.i.e.AbstractTransferListenerAdapter - Downloaded https://repo.maven.apache.org/maven2/io/jsonwebtoken/jjwt/0.9.1/jjwt-0.9.1.pom
2025-04-11 09:46:14,569 [Worker-67: Building] INFO  o.e.m.c.i.e.AbstractTransferListenerAdapter - Downloading https://repo.maven.apache.org/maven2/io/jsonwebtoken/jjwt/0.9.1/jjwt-0.9.1.jar
2025-04-11 09:46:14,650 [Worker-67: Building] INFO  o.e.m.c.i.e.AbstractTransferListenerAdapter - Downloaded https://repo.maven.apache.org/maven2/io/jsonwebtoken/jjwt/0.9.1/jjwt-0.9.1.jar
2025-04-11 09:46:14,830 [Worker-67: Building] INFO  o.a.m.s.f.DefaultMavenResourcesFiltering - Copying 0 resource from src\main\resources to target\classes
2025-04-11 09:46:14,831 [Worker-67: Building] INFO  o.a.m.s.f.DefaultMavenResourcesFiltering - Copying 0 resource from src\main\resources to target\classes
2025-04-11 09:46:14,834 [Worker-67: Building] INFO  o.a.m.s.f.DefaultMavenResourcesFiltering - skip non existing resourceDirectory C:\Users\Rosmira\OneDrive\Documentos\PruebasBBVA\workspace\servicio-autenticacion\src\test\resources
2025-04-11 09:46:15,037 [Worker-69: Building] INFO  o.a.m.s.f.DefaultMavenResourcesFiltering - Copying 1 resource from src\main\resources to target\classes
2025-04-11 09:46:15,098 [Worker-69: Building] INFO  o.a.m.s.f.DefaultMavenResourcesFiltering - Copying 0 resource from src\main\resources to target\classes
2025-04-11 09:46:15,101 [Worker-69: Building] INFO  o.a.m.s.f.DefaultMavenResourcesFiltering - skip non existing resourceDirectory C:\Users\Rosmira\OneDrive\Documentos\PruebasBBVA\workspace\servicio-autenticacion\src\test\resources
2025-04-11 09:46:15,848 [Worker-71: Download sources and javadoc] INFO  o.e.m.c.i.e.AbstractTransferListenerAdapter - Downloading https://repo.maven.apache.org/maven2/io/jsonwebtoken/jjwt/0.9.1/jjwt-0.9.1-sources.jar
2025-04-11 09:46:15,896 [Worker-71: Download sources and javadoc] INFO  o.e.m.c.i.e.AbstractTransferListenerAdapter - Downloaded https://repo.maven.apache.org/maven2/io/jsonwebtoken/jjwt/0.9.1/jjwt-0.9.1-sources.jar
2025-04-11 09:46:15,898 [Worker-71: Download sources and javadoc] INFO  o.e.m.j.internal.DownloadSourcesJob - Downloaded sources for io.jsonwebtoken:jjwt:0.9.1
2025-04-11 09:47:02,126 [Worker-66: Building] INFO  o.a.m.s.f.DefaultMavenResourcesFiltering - Copying 1 resource from src\main\resources to target\classes
2025-04-11 09:47:02,152 [Worker-66: Building] INFO  o.a.m.s.f.DefaultMavenResourcesFiltering - Copying 0 resource from src\main\resources to target\classes
2025-04-11 09:47:02,154 [Worker-66: Building] INFO  o.a.m.s.f.DefaultMavenResourcesFiltering - skip non existing resourceDirectory C:\Users\Rosmira\OneDrive\Documentos\PruebasBBVA\workspace\servicio-autenticacion\src\test\resources
2025-04-11 09:47:16,182 [Worker-56: Building] INFO  o.a.m.s.f.DefaultMavenResourcesFiltering - Copying 1 resource from src\main\resources to target\classes
2025-04-11 09:47:16,188 [Worker-56: Building] INFO  o.a.m.s.f.DefaultMavenResourcesFiltering - Copying 0 resource from src\main\resources to target\classes
2025-04-11 09:47:16,189 [Worker-56: Building] INFO  o.a.m.s.f.DefaultMavenResourcesFiltering - skip non existing resourceDirectory C:\Users\Rosmira\OneDrive\Documentos\PruebasBBVA\workspace\servicio-autenticacion\src\test\resources
2025-04-11 09:47:34,935 [Worker-68: Building] INFO  o.a.m.s.f.DefaultMavenResourcesFiltering - Copying 1 resource from src\main\resources to target\classes
2025-04-11 09:47:34,939 [Worker-68: Building] INFO  o.a.m.s.f.DefaultMavenResourcesFiltering - Copying 0 resource from src\main\resources to target\classes
2025-04-11 09:47:34,940 [Worker-68: Building] INFO  o.a.m.s.f.DefaultMavenResourcesFiltering - skip non existing resourceDirectory C:\Users\Rosmira\OneDrive\Documentos\PruebasBBVA\workspace\servicio-autenticacion\src\test\resources
2025-04-11 09:48:41,528 [Worker-67: Building] INFO  o.a.m.s.f.DefaultMavenResourcesFiltering - Copying 1 resource from src\main\resources to target\classes
2025-04-11 09:48:41,532 [Worker-67: Building] INFO  o.a.m.s.f.DefaultMavenResourcesFiltering - Copying 0 resource from src\main\resources to target\classes
2025-04-11 09:48:41,535 [Worker-67: Building] INFO  o.a.m.s.f.DefaultMavenResourcesFiltering - skip non existing resourceDirectory C:\Users\Rosmira\OneDrive\Documentos\PruebasBBVA\workspace\servicio-autenticacion\src\test\resources
2025-04-11 09:49:11,346 [Worker-61: Building] INFO  o.a.m.s.f.DefaultMavenResourcesFiltering - Copying 1 resource from src\main\resources to target\classes
2025-04-11 09:49:11,350 [Worker-61: Building] INFO  o.a.m.s.f.DefaultMavenResourcesFiltering - Copying 0 resource from src\main\resources to target\classes
2025-04-11 09:49:11,352 [Worker-61: Building] INFO  o.a.m.s.f.DefaultMavenResourcesFiltering - skip non existing resourceDirectory C:\Users\Rosmira\OneDrive\Documentos\PruebasBBVA\workspace\servicio-autenticacion\src\test\resources
2025-04-11 09:49:33,368 [Worker-66: Building] INFO  o.a.m.s.f.DefaultMavenResourcesFiltering - Copying 1 resource from src\main\resources to target\classes
2025-04-11 09:49:33,371 [Worker-66: Building] INFO  o.a.m.s.f.DefaultMavenResourcesFiltering - Copying 0 resource from src\main\resources to target\classes
2025-04-11 09:49:33,373 [Worker-66: Building] INFO  o.a.m.s.f.DefaultMavenResourcesFiltering - skip non existing resourceDirectory C:\Users\Rosmira\OneDrive\Documentos\PruebasBBVA\workspace\servicio-autenticacion\src\test\resources
2025-04-11 09:49:45,847 [Worker-62: Building] INFO  o.a.m.s.f.DefaultMavenResourcesFiltering - Copying 1 resource from src\main\resources to target\classes
2025-04-11 09:49:45,851 [Worker-62: Building] INFO  o.a.m.s.f.DefaultMavenResourcesFiltering - Copying 0 resource from src\main\resources to target\classes
2025-04-11 09:49:45,852 [Worker-62: Building] INFO  o.a.m.s.f.DefaultMavenResourcesFiltering - skip non existing resourceDirectory C:\Users\Rosmira\OneDrive\Documentos\PruebasBBVA\workspace\servicio-autenticacion\src\test\resources
2025-04-11 09:50:12,346 [Worker-56: Building] INFO  o.a.m.s.f.DefaultMavenResourcesFiltering - Copying 1 resource from src\main\resources to target\classes
2025-04-11 09:50:12,349 [Worker-56: Building] INFO  o.a.m.s.f.DefaultMavenResourcesFiltering - Copying 0 resource from src\main\resources to target\classes
2025-04-11 09:50:12,351 [Worker-56: Building] INFO  o.a.m.s.f.DefaultMavenResourcesFiltering - skip non existing resourceDirectory C:\Users\Rosmira\OneDrive\Documentos\PruebasBBVA\workspace\servicio-autenticacion\src\test\resources
2025-04-11 09:50:18,188 [Worker-65: Building] INFO  o.a.m.s.f.DefaultMavenResourcesFiltering - Copying 1 resource from src\main\resources to target\classes
2025-04-11 09:50:18,203 [Worker-65: Building] INFO  o.a.m.s.f.DefaultMavenResourcesFiltering - Copying 0 resource from src\main\resources to target\classes
2025-04-11 09:50:18,204 [Worker-65: Building] INFO  o.a.m.s.f.DefaultMavenResourcesFiltering - skip non existing resourceDirectory C:\Users\Rosmira\OneDrive\Documentos\PruebasBBVA\workspace\servicio-autenticacion\src\test\resources
2025-04-11 09:50:32,614 [Worker-66: Building] INFO  o.a.m.s.f.DefaultMavenResourcesFiltering - Copying 1 resource from src\main\resources to target\classes
2025-04-11 09:50:32,617 [Worker-66: Building] INFO  o.a.m.s.f.DefaultMavenResourcesFiltering - Copying 0 resource from src\main\resources to target\classes
2025-04-11 09:50:32,618 [Worker-66: Building] INFO  o.a.m.s.f.DefaultMavenResourcesFiltering - skip non existing resourceDirectory C:\Users\Rosmira\OneDrive\Documentos\PruebasBBVA\workspace\servicio-autenticacion\src\test\resources
2025-04-11 09:51:20,119 [Worker-61: Building] INFO  o.a.m.s.f.DefaultMavenResourcesFiltering - Copying 1 resource from src\main\resources to target\classes
2025-04-11 09:51:20,126 [Worker-61: Building] INFO  o.a.m.s.f.DefaultMavenResourcesFiltering - Copying 0 resource from src\main\resources to target\classes
2025-04-11 09:51:20,128 [Worker-61: Building] INFO  o.a.m.s.f.DefaultMavenResourcesFiltering - skip non existing resourceDirectory C:\Users\Rosmira\OneDrive\Documentos\PruebasBBVA\workspace\servicio-autenticacion\src\test\resources
2025-04-11 09:51:29,036 [Worker-56: Building] INFO  o.a.m.s.f.DefaultMavenResourcesFiltering - Copying 1 resource from src\main\resources to target\classes
2025-04-11 09:51:29,042 [Worker-56: Building] INFO  o.a.m.s.f.DefaultMavenResourcesFiltering - Copying 0 resource from src\main\resources to target\classes
2025-04-11 09:51:29,044 [Worker-56: Building] INFO  o.a.m.s.f.DefaultMavenResourcesFiltering - skip non existing resourceDirectory C:\Users\Rosmira\OneDrive\Documentos\PruebasBBVA\workspace\servicio-autenticacion\src\test\resources
2025-04-11 09:51:40,420 [Worker-63: Building] INFO  o.a.m.s.f.DefaultMavenResourcesFiltering - Copying 1 resource from src\main\resources to target\classes
2025-04-11 09:51:40,436 [Worker-63: Building] INFO  o.a.m.s.f.DefaultMavenResourcesFiltering - Copying 0 resource from src\main\resources to target\classes
2025-04-11 09:51:40,440 [Worker-63: Building] INFO  o.a.m.s.f.DefaultMavenResourcesFiltering - skip non existing resourceDirectory C:\Users\Rosmira\OneDrive\Documentos\PruebasBBVA\workspace\servicio-autenticacion\src\test\resources
2025-04-11 09:51:51,946 [Worker-67: Building] INFO  o.a.m.s.f.DefaultMavenResourcesFiltering - Copying 1 resource from src\main\resources to target\classes
2025-04-11 09:51:51,950 [Worker-67: Building] INFO  o.a.m.s.f.DefaultMavenResourcesFiltering - Copying 0 resource from src\main\resources to target\classes
2025-04-11 09:51:51,951 [Worker-67: Building] INFO  o.a.m.s.f.DefaultMavenResourcesFiltering - skip non existing resourceDirectory C:\Users\Rosmira\OneDrive\Documentos\PruebasBBVA\workspace\servicio-autenticacion\src\test\resources
2025-04-11 09:54:41,890 [Worker-70: Building] INFO  o.a.m.s.f.DefaultMavenResourcesFiltering - Copying 1 resource from src\main\resources to target\classes
2025-04-11 09:54:41,893 [Worker-70: Building] INFO  o.a.m.s.f.DefaultMavenResourcesFiltering - Copying 0 resource from src\main\resources to target\classes
2025-04-11 09:54:41,894 [Worker-70: Building] INFO  o.a.m.s.f.DefaultMavenResourcesFiltering - skip non existing resourceDirectory C:\Users\Rosmira\OneDrive\Documentos\PruebasBBVA\workspace\servicio-autenticacion\src\test\resources
2025-04-11 09:55:18,033 [Worker-67: Building] INFO  o.e.m.c.i.l.LifecycleMappingFactory - Using org.eclipse.m2e.jdt.JarLifecycleMapping lifecycle mapping for MavenProject: com.bbva.servicioautenticacion:servicio-autenticacion:0.0.1-SNAPSHOT @ C:\Users\Rosmira\OneDrive\Documentos\PruebasBBVA\workspace\servicio-autenticacion\pom.xml.
2025-04-11 09:55:18,269 [Worker-67: Building] INFO  o.e.m.c.i.e.AbstractTransferListenerAdapter - Downloading https://repo.maven.apache.org/maven2/javax/servlet/javax.servlet-api/4.0.1/javax.servlet-api-4.0.1.pom
2025-04-11 09:55:18,277 [Worker-67: Building] INFO  o.e.m.c.i.e.AbstractTransferListenerAdapter - Downloaded https://repo.maven.apache.org/maven2/javax/servlet/javax.servlet-api/4.0.1/javax.servlet-api-4.0.1.pom
2025-04-11 09:55:18,360 [Worker-67: Building] INFO  o.e.m.c.i.e.AbstractTransferListenerAdapter - Downloading https://repo.maven.apache.org/maven2/javax/servlet/javax.servlet-api/4.0.1/javax.servlet-api-4.0.1.jar
2025-04-11 09:55:18,413 [Worker-67: Building] INFO  o.e.m.c.i.e.AbstractTransferListenerAdapter - Downloaded https://repo.maven.apache.org/maven2/javax/servlet/javax.servlet-api/4.0.1/javax.servlet-api-4.0.1.jar
2025-04-11 09:55:18,562 [Worker-67: Building] INFO  o.a.m.s.f.DefaultMavenResourcesFiltering - Copying 0 resource from src\main\resources to target\classes
2025-04-11 09:55:18,562 [Worker-67: Building] INFO  o.a.m.s.f.DefaultMavenResourcesFiltering - Copying 0 resource from src\main\resources to target\classes
2025-04-11 09:55:18,564 [Worker-67: Building] INFO  o.a.m.s.f.DefaultMavenResourcesFiltering - skip non existing resourceDirectory C:\Users\Rosmira\OneDrive\Documentos\PruebasBBVA\workspace\servicio-autenticacion\src\test\resources
2025-04-11 09:55:18,805 [Worker-56: Building] INFO  o.a.m.s.f.DefaultMavenResourcesFiltering - Copying 1 resource from src\main\resources to target\classes
2025-04-11 09:55:18,824 [Worker-56: Building] INFO  o.a.m.s.f.DefaultMavenResourcesFiltering - Copying 0 resource from src\main\resources to target\classes
2025-04-11 09:55:18,825 [Worker-56: Building] INFO  o.a.m.s.f.DefaultMavenResourcesFiltering - skip non existing resourceDirectory C:\Users\Rosmira\OneDrive\Documentos\PruebasBBVA\workspace\servicio-autenticacion\src\test\resources
2025-04-11 09:55:19,620 [Worker-68: Download sources and javadoc] INFO  o.e.m.c.i.e.AbstractTransferListenerAdapter - Downloading https://repo.maven.apache.org/maven2/javax/servlet/javax.servlet-api/4.0.1/javax.servlet-api-4.0.1-sources.jar
2025-04-11 09:55:19,903 [Worker-68: Download sources and javadoc] INFO  o.e.m.c.i.e.AbstractTransferListenerAdapter - Downloaded https://repo.maven.apache.org/maven2/javax/servlet/javax.servlet-api/4.0.1/javax.servlet-api-4.0.1-sources.jar
2025-04-11 09:55:19,904 [Worker-68: Download sources and javadoc] INFO  o.e.m.j.internal.DownloadSourcesJob - Downloaded sources for javax.servlet:javax.servlet-api:4.0.1
2025-04-11 09:55:31,167 [Worker-60: Building] INFO  o.a.m.s.f.DefaultMavenResourcesFiltering - Copying 1 resource from src\main\resources to target\classes
2025-04-11 09:55:31,170 [Worker-60: Building] INFO  o.a.m.s.f.DefaultMavenResourcesFiltering - Copying 0 resource from src\main\resources to target\classes
2025-04-11 09:55:31,172 [Worker-60: Building] INFO  o.a.m.s.f.DefaultMavenResourcesFiltering - skip non existing resourceDirectory C:\Users\Rosmira\OneDrive\Documentos\PruebasBBVA\workspace\servicio-autenticacion\src\test\resources
2025-04-11 09:56:25,287 [Worker-56: Building] INFO  o.a.m.s.f.DefaultMavenResourcesFiltering - Copying 1 resource from src\main\resources to target\classes
2025-04-11 09:56:25,290 [Worker-56: Building] INFO  o.a.m.s.f.DefaultMavenResourcesFiltering - Copying 0 resource from src\main\resources to target\classes
2025-04-11 09:56:25,291 [Worker-56: Building] INFO  o.a.m.s.f.DefaultMavenResourcesFiltering - skip non existing resourceDirectory C:\Users\Rosmira\OneDrive\Documentos\PruebasBBVA\workspace\servicio-autenticacion\src\test\resources
2025-04-11 09:56:43,649 [Worker-65: Building] INFO  o.a.m.s.f.DefaultMavenResourcesFiltering - Copying 1 resource from src\main\resources to target\classes
2025-04-11 09:56:43,666 [Worker-65: Building] INFO  o.a.m.s.f.DefaultMavenResourcesFiltering - Copying 0 resource from src\main\resources to target\classes
2025-04-11 09:56:43,670 [Worker-65: Building] INFO  o.a.m.s.f.DefaultMavenResourcesFiltering - skip non existing resourceDirectory C:\Users\Rosmira\OneDrive\Documentos\PruebasBBVA\workspace\servicio-autenticacion\src\test\resources
2025-04-11 09:56:58,363 [Worker-70: Building] INFO  o.a.m.s.f.DefaultMavenResourcesFiltering - Copying 1 resource from src\main\resources to target\classes
2025-04-11 09:56:58,369 [Worker-70: Building] INFO  o.a.m.s.f.DefaultMavenResourcesFiltering - Copying 0 resource from src\main\resources to target\classes
2025-04-11 09:56:58,370 [Worker-70: Building] INFO  o.a.m.s.f.DefaultMavenResourcesFiltering - skip non existing resourceDirectory C:\Users\Rosmira\OneDrive\Documentos\PruebasBBVA\workspace\servicio-autenticacion\src\test\resources
2025-04-11 09:57:22,617 [Worker-66: Building] INFO  o.a.m.s.f.DefaultMavenResourcesFiltering - Copying 1 resource from src\main\resources to target\classes
2025-04-11 09:57:22,623 [Worker-66: Building] INFO  o.a.m.s.f.DefaultMavenResourcesFiltering - Copying 0 resource from src\main\resources to target\classes
2025-04-11 09:57:22,624 [Worker-66: Building] INFO  o.a.m.s.f.DefaultMavenResourcesFiltering - skip non existing resourceDirectory C:\Users\Rosmira\OneDrive\Documentos\PruebasBBVA\workspace\servicio-autenticacion\src\test\resources
2025-04-11 09:57:26,387 [Worker-71: Building] INFO  o.a.m.s.f.DefaultMavenResourcesFiltering - Copying 1 resource from src\main\resources to target\classes
2025-04-11 09:57:26,401 [Worker-71: Building] INFO  o.a.m.s.f.DefaultMavenResourcesFiltering - Copying 0 resource from src\main\resources to target\classes
2025-04-11 09:57:26,403 [Worker-71: Building] INFO  o.a.m.s.f.DefaultMavenResourcesFiltering - skip non existing resourceDirectory C:\Users\Rosmira\OneDrive\Documentos\PruebasBBVA\workspace\servicio-autenticacion\src\test\resources
2025-04-11 09:57:43,097 [Worker-70: Building] INFO  o.a.m.s.f.DefaultMavenResourcesFiltering - Copying 1 resource from src\main\resources to target\classes
2025-04-11 09:57:43,100 [Worker-70: Building] INFO  o.a.m.s.f.DefaultMavenResourcesFiltering - Copying 0 resource from src\main\resources to target\classes
2025-04-11 09:57:43,102 [Worker-70: Building] INFO  o.a.m.s.f.DefaultMavenResourcesFiltering - skip non existing resourceDirectory C:\Users\Rosmira\OneDrive\Documentos\PruebasBBVA\workspace\servicio-autenticacion\src\test\resources
2025-04-11 09:58:16,576 [Worker-70: Building] INFO  o.a.m.s.f.DefaultMavenResourcesFiltering - Copying 1 resource from src\main\resources to target\classes
2025-04-11 09:58:16,579 [Worker-70: Building] INFO  o.a.m.s.f.DefaultMavenResourcesFiltering - Copying 0 resource from src\main\resources to target\classes
2025-04-11 09:58:16,580 [Worker-70: Building] INFO  o.a.m.s.f.DefaultMavenResourcesFiltering - skip non existing resourceDirectory C:\Users\Rosmira\OneDrive\Documentos\PruebasBBVA\workspace\servicio-autenticacion\src\test\resources
2025-04-11 10:09:29,784 [Worker-68: Building] INFO  o.a.m.s.f.DefaultMavenResourcesFiltering - Copying 1 resource from src\main\resources to target\classes
2025-04-11 10:09:29,791 [Worker-68: Building] INFO  o.a.m.s.f.DefaultMavenResourcesFiltering - Copying 0 resource from src\main\resources to target\classes
2025-04-11 10:09:29,793 [Worker-68: Building] INFO  o.a.m.s.f.DefaultMavenResourcesFiltering - skip non existing resourceDirectory C:\Users\Rosmira\OneDrive\Documentos\PruebasBBVA\workspace\servicio-autenticacion\src\test\resources
2025-04-11 10:09:56,332 [Worker-72: Building] INFO  o.a.m.s.f.DefaultMavenResourcesFiltering - Copying 1 resource from src\main\resources to target\classes
2025-04-11 10:09:56,344 [Worker-72: Building] INFO  o.a.m.s.f.DefaultMavenResourcesFiltering - Copying 0 resource from src\main\resources to target\classes
2025-04-11 10:09:56,345 [Worker-72: Building] INFO  o.a.m.s.f.DefaultMavenResourcesFiltering - skip non existing resourceDirectory C:\Users\Rosmira\OneDrive\Documentos\PruebasBBVA\workspace\servicio-autenticacion\src\test\resources
2025-04-11 10:10:50,502 [Worker-75: Building] INFO  o.a.m.s.f.DefaultMavenResourcesFiltering - Copying 1 resource from src\main\resources to target\classes
2025-04-11 10:10:50,510 [Worker-75: Building] INFO  o.a.m.s.f.DefaultMavenResourcesFiltering - Copying 0 resource from src\main\resources to target\classes
2025-04-11 10:10:50,512 [Worker-75: Building] INFO  o.a.m.s.f.DefaultMavenResourcesFiltering - skip non existing resourceDirectory C:\Users\Rosmira\OneDrive\Documentos\PruebasBBVA\workspace\servicio-autenticacion\src\test\resources
2025-04-11 10:14:45,620 [Worker-75: Building] INFO  o.a.m.s.f.DefaultMavenResourcesFiltering - Copying 1 resource from src\main\resources to target\classes
2025-04-11 10:14:45,626 [Worker-75: Building] INFO  o.a.m.s.f.DefaultMavenResourcesFiltering - Copying 0 resource from src\main\resources to target\classes
2025-04-11 10:14:45,629 [Worker-75: Building] INFO  o.a.m.s.f.DefaultMavenResourcesFiltering - skip non existing resourceDirectory C:\Users\Rosmira\OneDrive\Documentos\PruebasBBVA\workspace\servicio-autenticacion\src\test\resources
2025-04-11 10:15:02,347 [Worker-74: Building] INFO  o.a.m.s.f.DefaultMavenResourcesFiltering - Copying 1 resource from src\main\resources to target\classes
2025-04-11 10:15:02,353 [Worker-74: Building] INFO  o.a.m.s.f.DefaultMavenResourcesFiltering - Copying 0 resource from src\main\resources to target\classes
2025-04-11 10:15:02,354 [Worker-74: Building] INFO  o.a.m.s.f.DefaultMavenResourcesFiltering - skip non existing resourceDirectory C:\Users\Rosmira\OneDrive\Documentos\PruebasBBVA\workspace\servicio-autenticacion\src\test\resources
2025-04-11 10:19:09,727 [Worker-68: Building] ERROR o.e.m.c.i.URLConnectionCaches - Unexpected URLConnection defaultUseCaches enabled
2025-04-11 10:19:09,739 [Worker-68: Building] INFO  o.a.m.s.f.DefaultMavenResourcesFiltering - Copying 1 resource from src\main\resources to target\classes
2025-04-11 10:19:09,744 [Worker-68: Building] INFO  o.a.m.s.f.DefaultMavenResourcesFiltering - Copying 0 resource from src\main\resources to target\classes
2025-04-11 10:19:09,746 [Worker-68: Building] INFO  o.a.m.s.f.DefaultMavenResourcesFiltering - skip non existing resourceDirectory C:\Users\Rosmira\OneDrive\Documentos\PruebasBBVA\workspace\servicio-autenticacion\src\test\resources
2025-04-11 10:21:12,973 [Worker-71: Building] ERROR o.e.m.c.i.URLConnectionCaches - Unexpected URLConnection defaultUseCaches enabled
2025-04-11 10:21:12,976 [Worker-71: Building] INFO  o.a.m.s.f.DefaultMavenResourcesFiltering - Copying 1 resource from src\main\resources to target\classes
2025-04-11 10:21:12,982 [Worker-71: Building] INFO  o.a.m.s.f.DefaultMavenResourcesFiltering - Copying 0 resource from src\main\resources to target\classes
2025-04-11 10:21:12,984 [Worker-71: Building] INFO  o.a.m.s.f.DefaultMavenResourcesFiltering - skip non existing resourceDirectory C:\Users\Rosmira\OneDrive\Documentos\PruebasBBVA\workspace\servicio-autenticacion\src\test\resources
2025-04-11 10:22:38,425 [Worker-75: Building] ERROR o.e.m.c.i.URLConnectionCaches - Unexpected URLConnection defaultUseCaches enabled
2025-04-11 10:22:38,427 [Worker-75: Building] INFO  o.a.m.s.f.DefaultMavenResourcesFiltering - Copying 1 resource from src\main\resources to target\classes
2025-04-11 10:22:38,440 [Worker-75: Building] INFO  o.a.m.s.f.DefaultMavenResourcesFiltering - Copying 0 resource from src\main\resources to target\classes
2025-04-11 10:22:38,442 [Worker-75: Building] INFO  o.a.m.s.f.DefaultMavenResourcesFiltering - skip non existing resourceDirectory C:\Users\Rosmira\OneDrive\Documentos\PruebasBBVA\workspace\servicio-autenticacion\src\test\resources
2025-04-11 10:26:52,328 [Worker-74: Building] ERROR o.e.m.c.i.URLConnectionCaches - Unexpected URLConnection defaultUseCaches enabled
2025-04-11 10:26:52,333 [Worker-74: Building] INFO  o.a.m.s.f.DefaultMavenResourcesFiltering - Copying 1 resource from src\main\resources to target\classes
2025-04-11 10:26:52,340 [Worker-74: Building] INFO  o.a.m.s.f.DefaultMavenResourcesFiltering - Copying 0 resource from src\main\resources to target\classes
2025-04-11 10:26:52,341 [Worker-74: Building] INFO  o.a.m.s.f.DefaultMavenResourcesFiltering - skip non existing resourceDirectory C:\Users\Rosmira\OneDrive\Documentos\PruebasBBVA\workspace\servicio-autenticacion\src\test\resources
2025-04-11 10:27:22,273 [Worker-72: Building] ERROR o.e.m.c.i.URLConnectionCaches - Unexpected URLConnection defaultUseCaches enabled
2025-04-11 10:27:22,281 [Worker-72: Building] INFO  o.a.m.s.f.DefaultMavenResourcesFiltering - Copying 1 resource from src\main\resources to target\classes
2025-04-11 10:27:22,291 [Worker-72: Building] INFO  o.a.m.s.f.DefaultMavenResourcesFiltering - Copying 0 resource from src\main\resources to target\classes
2025-04-11 10:27:22,293 [Worker-72: Building] INFO  o.a.m.s.f.DefaultMavenResourcesFiltering - skip non existing resourceDirectory C:\Users\Rosmira\OneDrive\Documentos\PruebasBBVA\workspace\servicio-autenticacion\src\test\resources
2025-04-11 10:28:17,736 [Worker-72: Building] ERROR o.e.m.c.i.URLConnectionCaches - Unexpected URLConnection defaultUseCaches enabled
2025-04-11 10:28:17,739 [Worker-72: Building] INFO  o.a.m.s.f.DefaultMavenResourcesFiltering - Copying 1 resource from src\main\resources to target\classes
2025-04-11 10:28:17,744 [Worker-72: Building] INFO  o.a.m.s.f.DefaultMavenResourcesFiltering - Copying 0 resource from src\main\resources to target\classes
2025-04-11 10:28:17,745 [Worker-72: Building] INFO  o.a.m.s.f.DefaultMavenResourcesFiltering - skip non existing resourceDirectory C:\Users\Rosmira\OneDrive\Documentos\PruebasBBVA\workspace\servicio-autenticacion\src\test\resources
2025-04-11 10:30:30,529 [Worker-73: Building] ERROR o.e.m.c.i.URLConnectionCaches - Unexpected URLConnection defaultUseCaches enabled
2025-04-11 10:30:30,533 [Worker-73: Building] INFO  o.a.m.s.f.DefaultMavenResourcesFiltering - Copying 1 resource from src\main\resources to target\classes
2025-04-11 10:30:30,539 [Worker-73: Building] INFO  o.a.m.s.f.DefaultMavenResourcesFiltering - Copying 1 resource from src\main\resources to target\classes
2025-04-11 10:30:30,541 [Worker-73: Building] INFO  o.a.m.s.f.DefaultMavenResourcesFiltering - skip non existing resourceDirectory C:\Users\Rosmira\OneDrive\Documentos\PruebasBBVA\workspace\servicio-conversion-divisas\src\test\resources
2025-04-11 10:42:13,875 [Worker-9: Loading available Gradle versions] INFO  o.e.b.c.i.u.g.PublishedGradleVersions - Gradle version information cache is up-to-date. Trying to read.
2025-04-11 10:44:21,363 [Worker-12: Building] ERROR o.e.m.c.i.URLConnectionCaches - Unexpected URLConnection defaultUseCaches enabled
2025-04-11 10:44:21,480 [Worker-12: Building] INFO  o.a.m.s.f.DefaultMavenResourcesFiltering - Copying 1 resource from src\main\resources to target\classes
2025-04-11 10:44:21,490 [Worker-12: Building] INFO  o.a.m.s.f.DefaultMavenResourcesFiltering - Copying 0 resource from src\main\resources to target\classes
2025-04-11 10:44:21,495 [Worker-12: Building] INFO  o.a.m.s.f.DefaultMavenResourcesFiltering - skip non existing resourceDirectory C:\Users\Rosmira\OneDrive\Documentos\PruebasBBVA\workspace\servicio-autenticacion\src\test\resources
2025-04-11 10:45:03,311 [Worker-10: Building] ERROR o.e.m.c.i.URLConnectionCaches - Unexpected URLConnection defaultUseCaches enabled
2025-04-11 10:45:03,351 [Worker-10: Building] INFO  o.a.m.s.f.DefaultMavenResourcesFiltering - Copying 1 resource from src\main\resources to target\classes
2025-04-11 10:45:03,355 [Worker-10: Building] INFO  o.a.m.s.f.DefaultMavenResourcesFiltering - Copying 0 resource from src\main\resources to target\classes
2025-04-11 10:45:03,358 [Worker-10: Building] INFO  o.a.m.s.f.DefaultMavenResourcesFiltering - skip non existing resourceDirectory C:\Users\Rosmira\OneDrive\Documentos\PruebasBBVA\workspace\servicio-autenticacion\src\test\resources
2025-04-11 10:47:48,882 [Worker-10: Building] ERROR o.e.m.c.i.URLConnectionCaches - Unexpected URLConnection defaultUseCaches enabled
2025-04-11 10:47:48,887 [Worker-10: Building] INFO  o.a.m.s.f.DefaultMavenResourcesFiltering - Copying 1 resource from src\main\resources to target\classes
2025-04-11 10:47:48,894 [Worker-10: Building] INFO  o.a.m.s.f.DefaultMavenResourcesFiltering - Copying 0 resource from src\main\resources to target\classes
2025-04-11 10:47:48,896 [Worker-10: Building] INFO  o.a.m.s.f.DefaultMavenResourcesFiltering - skip non existing resourceDirectory C:\Users\Rosmira\OneDrive\Documentos\PruebasBBVA\workspace\servicio-autenticacion\src\test\resources
2025-04-11 10:49:42,661 [Worker-21: Building] ERROR o.e.m.c.i.URLConnectionCaches - Unexpected URLConnection defaultUseCaches enabled
2025-04-11 10:49:42,665 [Worker-21: Building] INFO  o.a.m.s.f.DefaultMavenResourcesFiltering - Copying 1 resource from src\main\resources to target\classes
2025-04-11 10:49:42,668 [Worker-21: Building] INFO  o.a.m.s.f.DefaultMavenResourcesFiltering - Copying 0 resource from src\main\resources to target\classes
2025-04-11 10:49:42,670 [Worker-21: Building] INFO  o.a.m.s.f.DefaultMavenResourcesFiltering - skip non existing resourceDirectory C:\Users\Rosmira\OneDrive\Documentos\PruebasBBVA\workspace\servicio-autenticacion\src\test\resources
2025-04-11 10:50:03,475 [Worker-20: Building] ERROR o.e.m.c.i.URLConnectionCaches - Unexpected URLConnection defaultUseCaches enabled
2025-04-11 10:50:03,478 [Worker-20: Building] INFO  o.a.m.s.f.DefaultMavenResourcesFiltering - Copying 1 resource from src\main\resources to target\classes
2025-04-11 10:50:03,482 [Worker-20: Building] INFO  o.a.m.s.f.DefaultMavenResourcesFiltering - Copying 0 resource from src\main\resources to target\classes
2025-04-11 10:50:03,484 [Worker-20: Building] INFO  o.a.m.s.f.DefaultMavenResourcesFiltering - skip non existing resourceDirectory C:\Users\Rosmira\OneDrive\Documentos\PruebasBBVA\workspace\servicio-autenticacion\src\test\resources
2025-04-11 11:09:14,478 [Worker-10: Building] ERROR o.e.m.c.i.URLConnectionCaches - Unexpected URLConnection defaultUseCaches enabled
2025-04-11 11:09:14,496 [Worker-10: Building] INFO  o.a.m.s.f.DefaultMavenResourcesFiltering - Copying 0 resource from src\main\resources to target\classes
2025-04-11 11:09:14,500 [Worker-10: Building] INFO  o.a.m.s.f.DefaultMavenResourcesFiltering - Copying 1 resource from src\main\resources to target\classes
2025-04-11 11:09:14,505 [Worker-10: Building] INFO  o.a.m.s.f.DefaultMavenResourcesFiltering - skip non existing resourceDirectory C:\Users\Rosmira\OneDrive\Documentos\PruebasBBVA\workspace\servicio-autenticacion\src\test\resources
2025-04-11 11:09:29,567 [Worker-25: Building] ERROR o.e.m.c.i.URLConnectionCaches - Unexpected URLConnection defaultUseCaches enabled
2025-04-11 11:09:29,570 [Worker-25: Building] INFO  o.a.m.s.f.DefaultMavenResourcesFiltering - Copying 0 resource from src\main\resources to target\classes
2025-04-11 11:09:29,571 [Worker-25: Building] INFO  o.a.m.s.f.DefaultMavenResourcesFiltering - Copying 1 resource from src\main\resources to target\classes
2025-04-11 11:09:29,574 [Worker-25: Building] INFO  o.a.m.s.f.DefaultMavenResourcesFiltering - skip non existing resourceDirectory C:\Users\Rosmira\OneDrive\Documentos\PruebasBBVA\workspace\servicio-autenticacion\src\test\resources
2025-04-11 11:10:18,210 [Worker-20: Building] ERROR o.e.m.c.i.URLConnectionCaches - Unexpected URLConnection defaultUseCaches enabled
2025-04-11 11:10:18,214 [Worker-20: Building] INFO  o.a.m.s.f.DefaultMavenResourcesFiltering - Copying 0 resource from src\main\resources to target\classes
2025-04-11 11:10:18,215 [Worker-20: Building] INFO  o.a.m.s.f.DefaultMavenResourcesFiltering - Copying 0 resource from src\main\resources to target\classes
2025-04-11 11:10:18,218 [Worker-20: Building] INFO  o.a.m.s.f.DefaultMavenResourcesFiltering - skip non existing resourceDirectory C:\Users\Rosmira\OneDrive\Documentos\PruebasBBVA\workspace\servicio-autenticacion\src\test\resources
2025-04-11 11:10:18,373 [Worker-20: Building] ERROR o.e.m.c.i.URLConnectionCaches - Unexpected URLConnection defaultUseCaches enabled
2025-04-11 11:10:18,539 [Worker-20: Building] INFO  o.a.m.s.f.DefaultMavenResourcesFiltering - Copying 1 resource from src\main\resources to target\classes
2025-04-11 11:10:18,572 [Worker-20: Building] INFO  o.a.m.s.f.DefaultMavenResourcesFiltering - Copying 2 resources from src\main\resources to target\classes
2025-04-11 11:10:18,579 [Worker-20: Building] INFO  o.a.m.s.f.DefaultMavenResourcesFiltering - skip non existing resourceDirectory C:\Users\Rosmira\OneDrive\Documentos\PruebasBBVA\workspace\servicio-conversion-divisas\src\test\resources
2025-04-11 11:11:02,442 [Worker-25: Building] ERROR o.e.m.c.i.URLConnectionCaches - Unexpected URLConnection defaultUseCaches enabled
2025-04-11 11:11:02,446 [Worker-25: Building] INFO  o.a.m.s.f.DefaultMavenResourcesFiltering - Copying 1 resource from src\main\resources to target\classes
2025-04-11 11:11:02,453 [Worker-25: Building] INFO  o.a.m.s.f.DefaultMavenResourcesFiltering - Copying 2 resources from src\main\resources to target\classes
2025-04-11 11:11:02,455 [Worker-25: Building] INFO  o.a.m.s.f.DefaultMavenResourcesFiltering - skip non existing resourceDirectory C:\Users\Rosmira\OneDrive\Documentos\PruebasBBVA\workspace\servicio-conversion-divisas\src\test\resources
2025-04-11 11:13:41,964 [Worker-23: Building] ERROR o.e.m.c.i.URLConnectionCaches - Unexpected URLConnection defaultUseCaches enabled
2025-04-11 11:13:41,973 [Worker-23: Building] INFO  o.a.m.s.f.DefaultMavenResourcesFiltering - Copying 1 resource from src\main\resources to target\classes
2025-04-11 11:13:41,978 [Worker-23: Building] INFO  o.a.m.s.f.DefaultMavenResourcesFiltering - Copying 2 resources from src\main\resources to target\classes
2025-04-11 11:13:41,980 [Worker-23: Building] INFO  o.a.m.s.f.DefaultMavenResourcesFiltering - skip non existing resourceDirectory C:\Users\Rosmira\OneDrive\Documentos\PruebasBBVA\workspace\servicio-conversion-divisas\src\test\resources
2025-04-11 11:16:59,007 [Worker-2: Building] ERROR o.e.m.c.i.URLConnectionCaches - Unexpected URLConnection defaultUseCaches enabled
2025-04-11 11:16:59,011 [Worker-2: Building] INFO  o.a.m.s.f.DefaultMavenResourcesFiltering - Copying 1 resource from src\main\resources to target\classes
2025-04-11 11:16:59,018 [Worker-2: Building] INFO  o.a.m.s.f.DefaultMavenResourcesFiltering - Copying 2 resources from src\main\resources to target\classes
2025-04-11 11:16:59,021 [Worker-2: Building] INFO  o.a.m.s.f.DefaultMavenResourcesFiltering - skip non existing resourceDirectory C:\Users\Rosmira\OneDrive\Documentos\PruebasBBVA\workspace\servicio-conversion-divisas\src\test\resources
2025-04-11 11:17:29,686 [Worker-2: Building] ERROR o.e.m.c.i.URLConnectionCaches - Unexpected URLConnection defaultUseCaches enabled
2025-04-11 11:17:29,691 [Worker-2: Building] INFO  o.a.m.s.f.DefaultMavenResourcesFiltering - Copying 1 resource from src\main\resources to target\classes
2025-04-11 11:17:29,697 [Worker-2: Building] INFO  o.a.m.s.f.DefaultMavenResourcesFiltering - Copying 2 resources from src\main\resources to target\classes
2025-04-11 11:17:29,700 [Worker-2: Building] INFO  o.a.m.s.f.DefaultMavenResourcesFiltering - skip non existing resourceDirectory C:\Users\Rosmira\OneDrive\Documentos\PruebasBBVA\workspace\servicio-conversion-divisas\src\test\resources
2025-04-11 11:17:38,795 [Worker-25: Building] ERROR o.e.m.c.i.URLConnectionCaches - Unexpected URLConnection defaultUseCaches enabled
2025-04-11 11:17:38,798 [Worker-25: Building] INFO  o.a.m.s.f.DefaultMavenResourcesFiltering - Copying 1 resource from src\main\resources to target\classes
2025-04-11 11:17:38,802 [Worker-25: Building] INFO  o.a.m.s.f.DefaultMavenResourcesFiltering - Copying 2 resources from src\main\resources to target\classes
2025-04-11 11:17:38,805 [Worker-25: Building] INFO  o.a.m.s.f.DefaultMavenResourcesFiltering - skip non existing resourceDirectory C:\Users\Rosmira\OneDrive\Documentos\PruebasBBVA\workspace\servicio-conversion-divisas\src\test\resources
2025-04-11 11:17:55,297 [Worker-26: Building] ERROR o.e.m.c.i.URLConnectionCaches - Unexpected URLConnection defaultUseCaches enabled
2025-04-11 11:17:55,300 [Worker-26: Building] INFO  o.a.m.s.f.DefaultMavenResourcesFiltering - Copying 1 resource from src\main\resources to target\classes
2025-04-11 11:17:55,308 [Worker-26: Building] INFO  o.a.m.s.f.DefaultMavenResourcesFiltering - Copying 2 resources from src\main\resources to target\classes
2025-04-11 11:17:55,311 [Worker-26: Building] INFO  o.a.m.s.f.DefaultMavenResourcesFiltering - skip non existing resourceDirectory C:\Users\Rosmira\OneDrive\Documentos\PruebasBBVA\workspace\servicio-conversion-divisas\src\test\resources
2025-04-11 11:18:58,731 [Worker-15: Building] ERROR o.e.m.c.i.URLConnectionCaches - Unexpected URLConnection defaultUseCaches enabled
2025-04-11 11:18:58,735 [Worker-15: Building] INFO  o.a.m.s.f.DefaultMavenResourcesFiltering - Copying 1 resource from src\main\resources to target\classes
2025-04-11 11:18:58,739 [Worker-15: Building] INFO  o.a.m.s.f.DefaultMavenResourcesFiltering - Copying 2 resources from src\main\resources to target\classes
2025-04-11 11:18:58,742 [Worker-15: Building] INFO  o.a.m.s.f.DefaultMavenResourcesFiltering - skip non existing resourceDirectory C:\Users\Rosmira\OneDrive\Documentos\PruebasBBVA\workspace\servicio-conversion-divisas\src\test\resources
2025-04-11 11:21:09,878 [Worker-20: Building] ERROR o.e.m.c.i.URLConnectionCaches - Unexpected URLConnection defaultUseCaches enabled
2025-04-11 11:21:09,882 [Worker-20: Building] INFO  o.a.m.s.f.DefaultMavenResourcesFiltering - Copying 1 resource from src\main\resources to target\classes
2025-04-11 11:21:09,886 [Worker-20: Building] INFO  o.a.m.s.f.DefaultMavenResourcesFiltering - Copying 2 resources from src\main\resources to target\classes
2025-04-11 11:21:09,890 [Worker-20: Building] INFO  o.a.m.s.f.DefaultMavenResourcesFiltering - skip non existing resourceDirectory C:\Users\Rosmira\OneDrive\Documentos\PruebasBBVA\workspace\servicio-conversion-divisas\src\test\resources
2025-04-11 11:21:26,060 [Worker-15: Building] ERROR o.e.m.c.i.URLConnectionCaches - Unexpected URLConnection defaultUseCaches enabled
2025-04-11 11:21:26,066 [Worker-15: Building] INFO  o.a.m.s.f.DefaultMavenResourcesFiltering - Copying 1 resource from src\main\resources to target\classes
2025-04-11 11:21:26,071 [Worker-15: Building] INFO  o.a.m.s.f.DefaultMavenResourcesFiltering - Copying 2 resources from src\main\resources to target\classes
2025-04-11 11:21:26,073 [Worker-15: Building] INFO  o.a.m.s.f.DefaultMavenResourcesFiltering - skip non existing resourceDirectory C:\Users\Rosmira\OneDrive\Documentos\PruebasBBVA\workspace\servicio-conversion-divisas\src\test\resources
2025-04-11 11:28:02,204 [Worker-21: Building] ERROR o.e.m.c.i.URLConnectionCaches - Unexpected URLConnection defaultUseCaches enabled
2025-04-11 11:28:02,210 [Worker-21: Building] INFO  o.a.m.s.f.DefaultMavenResourcesFiltering - Copying 1 resource from src\main\resources to target\classes
2025-04-11 11:28:02,220 [Worker-21: Building] INFO  o.a.m.s.f.DefaultMavenResourcesFiltering - Copying 2 resources from src\main\resources to target\classes
2025-04-11 11:28:02,223 [Worker-21: Building] INFO  o.a.m.s.f.DefaultMavenResourcesFiltering - skip non existing resourceDirectory C:\Users\Rosmira\OneDrive\Documentos\PruebasBBVA\workspace\servicio-conversion-divisas\src\test\resources
2025-04-11 11:29:13,710 [Worker-15: Building] ERROR o.e.m.c.i.URLConnectionCaches - Unexpected URLConnection defaultUseCaches enabled
2025-04-11 11:29:14,276 [Worker-15: Building] INFO  o.e.m.c.i.l.LifecycleMappingFactory - Using org.eclipse.m2e.jdt.JarLifecycleMapping lifecycle mapping for MavenProject: com.bbva.servicioconversiondivisas:servicio-conversion-divisas:0.0.1-SNAPSHOT @ C:\Users\Rosmira\OneDrive\Documentos\PruebasBBVA\workspace\servicio-conversion-divisas\pom.xml.
2025-04-11 11:29:14,700 [Worker-15: Building] ERROR o.e.m.c.i.URLConnectionCaches - Unexpected URLConnection defaultUseCaches enabled
2025-04-11 11:29:14,768 [Worker-15: Building] INFO  o.a.m.s.f.DefaultMavenResourcesFiltering - Copying 0 resource from src\main\resources to target\classes
2025-04-11 11:29:14,770 [Worker-15: Building] INFO  o.a.m.s.f.DefaultMavenResourcesFiltering - Copying 0 resource from src\main\resources to target\classes
2025-04-11 11:29:14,773 [Worker-15: Building] INFO  o.a.m.s.f.DefaultMavenResourcesFiltering - skip non existing resourceDirectory C:\Users\Rosmira\OneDrive\Documentos\PruebasBBVA\workspace\servicio-conversion-divisas\src\test\resources
2025-04-11 11:29:16,107 [Worker-15: Building] ERROR o.e.m.c.i.URLConnectionCaches - Unexpected URLConnection defaultUseCaches enabled
2025-04-11 11:29:16,111 [Worker-15: Building] INFO  o.a.m.s.f.DefaultMavenResourcesFiltering - Copying 1 resource from src\main\resources to target\classes
2025-04-11 11:29:16,134 [Worker-15: Building] INFO  o.a.m.s.f.DefaultMavenResourcesFiltering - Copying 2 resources from src\main\resources to target\classes
2025-04-11 11:29:16,138 [Worker-15: Building] INFO  o.a.m.s.f.DefaultMavenResourcesFiltering - skip non existing resourceDirectory C:\Users\Rosmira\OneDrive\Documentos\PruebasBBVA\workspace\servicio-conversion-divisas\src\test\resources
2025-04-11 11:35:47,038 [Worker-23: Building] ERROR o.e.m.c.i.URLConnectionCaches - Unexpected URLConnection defaultUseCaches enabled
2025-04-11 11:35:47,042 [Worker-23: Building] INFO  o.a.m.s.f.DefaultMavenResourcesFiltering - Copying 1 resource from src\main\resources to target\classes
2025-04-11 11:35:47,049 [Worker-23: Building] INFO  o.a.m.s.f.DefaultMavenResourcesFiltering - Copying 2 resources from src\main\resources to target\classes
2025-04-11 11:35:47,053 [Worker-23: Building] INFO  o.a.m.s.f.DefaultMavenResourcesFiltering - skip non existing resourceDirectory C:\Users\Rosmira\OneDrive\Documentos\PruebasBBVA\workspace\servicio-conversion-divisas\src\test\resources
2025-04-11 11:36:29,231 [Worker-22: Building] ERROR o.e.m.c.i.URLConnectionCaches - Unexpected URLConnection defaultUseCaches enabled
2025-04-11 11:36:29,235 [Worker-22: Building] INFO  o.a.m.s.f.DefaultMavenResourcesFiltering - Copying 1 resource from src\main\resources to target\classes
2025-04-11 11:36:29,239 [Worker-22: Building] INFO  o.a.m.s.f.DefaultMavenResourcesFiltering - Copying 2 resources from src\main\resources to target\classes
2025-04-11 11:36:29,242 [Worker-22: Building] INFO  o.a.m.s.f.DefaultMavenResourcesFiltering - skip non existing resourceDirectory C:\Users\Rosmira\OneDrive\Documentos\PruebasBBVA\workspace\servicio-conversion-divisas\src\test\resources
2025-04-11 11:41:02,045 [Worker-10: Building] ERROR o.e.m.c.i.URLConnectionCaches - Unexpected URLConnection defaultUseCaches enabled
2025-04-11 11:41:02,051 [Worker-10: Building] INFO  o.a.m.s.f.DefaultMavenResourcesFiltering - Copying 1 resource from src\main\resources to target\classes
2025-04-11 11:41:02,058 [Worker-10: Building] INFO  o.a.m.s.f.DefaultMavenResourcesFiltering - Copying 2 resources from src\main\resources to target\classes
2025-04-11 11:41:02,061 [Worker-10: Building] INFO  o.a.m.s.f.DefaultMavenResourcesFiltering - skip non existing resourceDirectory C:\Users\Rosmira\OneDrive\Documentos\PruebasBBVA\workspace\servicio-conversion-divisas\src\test\resources
2025-04-11 11:49:24,332 [Worker-27: Building] ERROR o.e.m.c.i.URLConnectionCaches - Unexpected URLConnection defaultUseCaches enabled
2025-04-11 11:49:24,335 [Worker-27: Building] INFO  o.a.m.s.f.DefaultMavenResourcesFiltering - Copying 1 resource from src\main\resources to target\classes
2025-04-11 11:49:24,341 [Worker-27: Building] INFO  o.a.m.s.f.DefaultMavenResourcesFiltering - Copying 0 resource from src\main\resources to target\classes
2025-04-11 11:49:24,343 [Worker-27: Building] INFO  o.a.m.s.f.DefaultMavenResourcesFiltering - skip non existing resourceDirectory C:\Users\Rosmira\OneDrive\Documentos\PruebasBBVA\workspace\servicio-autenticacion\src\test\resources
2025-04-11 11:49:59,137 [Worker-27: Building] ERROR o.e.m.c.i.URLConnectionCaches - Unexpected URLConnection defaultUseCaches enabled
2025-04-11 11:49:59,139 [Worker-27: Building] INFO  o.a.m.s.f.DefaultMavenResourcesFiltering - Copying 1 resource from src\main\resources to target\classes
2025-04-11 11:49:59,146 [Worker-27: Building] INFO  o.a.m.s.f.DefaultMavenResourcesFiltering - Copying 0 resource from src\main\resources to target\classes
2025-04-11 11:49:59,149 [Worker-27: Building] INFO  o.a.m.s.f.DefaultMavenResourcesFiltering - skip non existing resourceDirectory C:\Users\Rosmira\OneDrive\Documentos\PruebasBBVA\workspace\servicio-autenticacion\src\test\resources
2025-04-11 11:54:41,072 [Worker-15: Building] ERROR o.e.m.c.i.URLConnectionCaches - Unexpected URLConnection defaultUseCaches enabled
2025-04-11 11:54:41,232 [Worker-15: Building] INFO  o.e.m.c.i.l.LifecycleMappingFactory - Using org.eclipse.m2e.jdt.JarLifecycleMapping lifecycle mapping for MavenProject: com.bbva.servicioautenticacion:servicio-autenticacion:0.0.1-SNAPSHOT @ C:\Users\Rosmira\OneDrive\Documentos\PruebasBBVA\workspace\servicio-autenticacion\pom.xml.
2025-04-11 11:54:41,735 [Worker-15: Building] INFO  o.e.m.c.i.e.AbstractTransferListenerAdapter - Downloading https://repo.maven.apache.org/maven2/javax/xml/bind/jaxb-api/2.3.1/jaxb-api-2.3.1.pom
2025-04-11 11:54:41,758 [Worker-15: Building] INFO  o.e.m.c.i.e.AbstractTransferListenerAdapter - Downloaded https://repo.maven.apache.org/maven2/javax/xml/bind/jaxb-api/2.3.1/jaxb-api-2.3.1.pom
2025-04-11 11:54:41,793 [Worker-15: Building] INFO  o.e.m.c.i.e.AbstractTransferListenerAdapter - Downloading https://repo.maven.apache.org/maven2/javax/xml/bind/jaxb-api-parent/2.3.1/jaxb-api-parent-2.3.1.pom
2025-04-11 11:54:41,812 [Worker-15: Building] INFO  o.e.m.c.i.e.AbstractTransferListenerAdapter - Downloaded https://repo.maven.apache.org/maven2/javax/xml/bind/jaxb-api-parent/2.3.1/jaxb-api-parent-2.3.1.pom
2025-04-11 11:54:41,843 [Worker-15: Building] INFO  o.e.m.c.i.e.AbstractTransferListenerAdapter - Downloading https://repo.maven.apache.org/maven2/net/java/jvnet-parent/5/jvnet-parent-5.pom
2025-04-11 11:54:41,851 [Worker-15: Building] INFO  o.e.m.c.i.e.AbstractTransferListenerAdapter - Downloaded https://repo.maven.apache.org/maven2/net/java/jvnet-parent/5/jvnet-parent-5.pom
2025-04-11 11:54:41,894 [Worker-15: Building] INFO  o.e.m.c.i.e.AbstractTransferListenerAdapter - Downloading https://repo.maven.apache.org/maven2/javax/activation/javax.activation-api/1.2.0/javax.activation-api-1.2.0.pom
2025-04-11 11:54:41,927 [Worker-15: Building] INFO  o.e.m.c.i.e.AbstractTransferListenerAdapter - Downloaded https://repo.maven.apache.org/maven2/javax/activation/javax.activation-api/1.2.0/javax.activation-api-1.2.0.pom
2025-04-11 11:54:41,960 [Worker-15: Building] INFO  o.e.m.c.i.e.AbstractTransferListenerAdapter - Downloading https://repo.maven.apache.org/maven2/com/sun/activation/all/1.2.0/all-1.2.0.pom
2025-04-11 11:54:41,974 [Worker-15: Building] INFO  o.e.m.c.i.e.AbstractTransferListenerAdapter - Downloaded https://repo.maven.apache.org/maven2/com/sun/activation/all/1.2.0/all-1.2.0.pom
2025-04-11 11:54:42,009 [Worker-15: Building] INFO  o.e.m.c.i.e.AbstractTransferListenerAdapter - Downloading https://repo.maven.apache.org/maven2/net/java/jvnet-parent/1/jvnet-parent-1.pom
2025-04-11 11:54:42,016 [Worker-15: Building] INFO  o.e.m.c.i.e.AbstractTransferListenerAdapter - Downloaded https://repo.maven.apache.org/maven2/net/java/jvnet-parent/1/jvnet-parent-1.pom
2025-04-11 11:54:42,056 [Worker-15: Building] INFO  o.e.m.c.i.e.AbstractTransferListenerAdapter - Downloading https://repo.maven.apache.org/maven2/org/glassfish/jaxb/jaxb-runtime/2.3.1/jaxb-runtime-2.3.1.pom
2025-04-11 11:54:42,071 [Worker-15: Building] INFO  o.e.m.c.i.e.AbstractTransferListenerAdapter - Downloaded https://repo.maven.apache.org/maven2/org/glassfish/jaxb/jaxb-runtime/2.3.1/jaxb-runtime-2.3.1.pom
2025-04-11 11:54:42,104 [Worker-15: Building] INFO  o.e.m.c.i.e.AbstractTransferListenerAdapter - Downloading https://repo.maven.apache.org/maven2/com/sun/xml/bind/mvn/jaxb-runtime-parent/2.3.1/jaxb-runtime-parent-2.3.1.pom
2025-04-11 11:54:42,113 [Worker-15: Building] INFO  o.e.m.c.i.e.AbstractTransferListenerAdapter - Downloaded https://repo.maven.apache.org/maven2/com/sun/xml/bind/mvn/jaxb-runtime-parent/2.3.1/jaxb-runtime-parent-2.3.1.pom
2025-04-11 11:54:42,157 [Worker-15: Building] INFO  o.e.m.c.i.e.AbstractTransferListenerAdapter - Downloading https://repo.maven.apache.org/maven2/com/sun/xml/bind/mvn/jaxb-parent/2.3.1/jaxb-parent-2.3.1.pom
2025-04-11 11:54:42,188 [Worker-15: Building] INFO  o.e.m.c.i.e.AbstractTransferListenerAdapter - Downloaded https://repo.maven.apache.org/maven2/com/sun/xml/bind/mvn/jaxb-parent/2.3.1/jaxb-parent-2.3.1.pom
2025-04-11 11:54:42,225 [Worker-15: Building] INFO  o.e.m.c.i.e.AbstractTransferListenerAdapter - Downloading https://repo.maven.apache.org/maven2/com/sun/xml/bind/jaxb-bom-ext/2.3.1/jaxb-bom-ext-2.3.1.pom
2025-04-11 11:54:42,244 [Worker-15: Building] INFO  o.e.m.c.i.e.AbstractTransferListenerAdapter - Downloaded https://repo.maven.apache.org/maven2/com/sun/xml/bind/jaxb-bom-ext/2.3.1/jaxb-bom-ext-2.3.1.pom
2025-04-11 11:54:42,277 [Worker-15: Building] INFO  o.e.m.c.i.e.AbstractTransferListenerAdapter - Downloading https://repo.maven.apache.org/maven2/org/glassfish/jaxb/jaxb-bom/2.3.1/jaxb-bom-2.3.1.pom
2025-04-11 11:54:42,308 [Worker-15: Building] INFO  o.e.m.c.i.e.AbstractTransferListenerAdapter - Downloaded https://repo.maven.apache.org/maven2/org/glassfish/jaxb/jaxb-bom/2.3.1/jaxb-bom-2.3.1.pom
2025-04-11 11:54:42,349 [Worker-15: Building] INFO  o.e.m.c.i.e.AbstractTransferListenerAdapter - Downloading https://repo.maven.apache.org/maven2/org/jvnet/staxex/stax-ex/2.1.0/stax-ex-2.1.0.pom
2025-04-11 11:54:42,362 [Worker-15: Building] INFO  o.e.m.c.i.e.AbstractTransferListenerAdapter - Downloaded https://repo.maven.apache.org/maven2/org/jvnet/staxex/stax-ex/2.1.0/stax-ex-2.1.0.pom
2025-04-11 11:54:42,399 [Worker-15: Building] INFO  o.e.m.c.i.e.AbstractTransferListenerAdapter - Downloading https://repo.maven.apache.org/maven2/com/sun/xml/fastinfoset/FastInfoset/2.1.1/FastInfoset-2.1.1.pom
2025-04-11 11:54:42,420 [Worker-15: Building] INFO  o.e.m.c.i.e.AbstractTransferListenerAdapter - Downloaded https://repo.maven.apache.org/maven2/com/sun/xml/fastinfoset/FastInfoset/2.1.1/FastInfoset-2.1.1.pom
2025-04-11 11:54:42,457 [Worker-15: Building] INFO  o.e.m.c.i.e.AbstractTransferListenerAdapter - Downloading https://repo.maven.apache.org/maven2/com/sun/xml/fastinfoset/fastinfoset-project/2.1.1/fastinfoset-project-2.1.1.pom
2025-04-11 11:54:42,481 [Worker-15: Building] INFO  o.e.m.c.i.e.AbstractTransferListenerAdapter - Downloaded https://repo.maven.apache.org/maven2/com/sun/xml/fastinfoset/fastinfoset-project/2.1.1/fastinfoset-project-2.1.1.pom
2025-04-11 11:54:42,565 [Worker-15: Building] INFO  o.e.m.c.i.e.AbstractTransferListenerAdapter - Downloading https://repo.maven.apache.org/maven2/javax/xml/bind/jaxb-api/2.3.1/jaxb-api-2.3.1.jar
2025-04-11 11:54:42,725 [Worker-15: Building] INFO  o.e.m.c.i.e.AbstractTransferListenerAdapter - Downloaded https://repo.maven.apache.org/maven2/javax/xml/bind/jaxb-api/2.3.1/jaxb-api-2.3.1.jar
2025-04-11 11:54:42,761 [BasicRepositoryConnector-repo.maven.apache.org-0-0] INFO  o.e.m.c.i.e.AbstractTransferListenerAdapter - Downloading https://repo.maven.apache.org/maven2/javax/activation/javax.activation-api/1.2.0/javax.activation-api-1.2.0.jar
2025-04-11 11:54:42,832 [BasicRepositoryConnector-repo.maven.apache.org-0-0] INFO  o.e.m.c.i.e.AbstractTransferListenerAdapter - Downloaded https://repo.maven.apache.org/maven2/javax/activation/javax.activation-api/1.2.0/javax.activation-api-1.2.0.jar
2025-04-11 11:54:42,841 [BasicRepositoryConnector-repo.maven.apache.org-0-3] INFO  o.e.m.c.i.e.AbstractTransferListenerAdapter - Downloading https://repo.maven.apache.org/maven2/com/sun/xml/fastinfoset/FastInfoset/2.1.1/FastInfoset-2.1.1.jar
2025-04-11 11:54:42,849 [BasicRepositoryConnector-repo.maven.apache.org-0-2] INFO  o.e.m.c.i.e.AbstractTransferListenerAdapter - Downloading https://repo.maven.apache.org/maven2/org/jvnet/staxex/stax-ex/2.1.0/stax-ex-2.1.0.jar
2025-04-11 11:54:42,858 [BasicRepositoryConnector-repo.maven.apache.org-0-1] INFO  o.e.m.c.i.e.AbstractTransferListenerAdapter - Downloading https://repo.maven.apache.org/maven2/org/glassfish/jaxb/jaxb-runtime/2.3.1/jaxb-runtime-2.3.1.jar
2025-04-11 11:54:42,917 [BasicRepositoryConnector-repo.maven.apache.org-0-2] INFO  o.e.m.c.i.e.AbstractTransferListenerAdapter - Downloaded https://repo.maven.apache.org/maven2/org/jvnet/staxex/stax-ex/2.1.0/stax-ex-2.1.0.jar
2025-04-11 11:54:43,329 [BasicRepositoryConnector-repo.maven.apache.org-0-3] INFO  o.e.m.c.i.e.AbstractTransferListenerAdapter - Downloaded https://repo.maven.apache.org/maven2/com/sun/xml/fastinfoset/FastInfoset/2.1.1/FastInfoset-2.1.1.jar
2025-04-11 11:54:43,637 [BasicRepositoryConnector-repo.maven.apache.org-0-1] INFO  o.e.m.c.i.e.AbstractTransferListenerAdapter - Downloaded https://repo.maven.apache.org/maven2/org/glassfish/jaxb/jaxb-runtime/2.3.1/jaxb-runtime-2.3.1.jar
2025-04-11 11:54:43,859 [Worker-15: Building] INFO  o.e.m.c.i.l.LifecycleMappingFactory - Using org.eclipse.m2e.jdt.JarLifecycleMapping lifecycle mapping for MavenProject: com.bbva.servicioconversiondivisas:servicio-conversion-divisas:0.0.1-SNAPSHOT @ C:\Users\Rosmira\OneDrive\Documentos\PruebasBBVA\workspace\servicio-conversion-divisas\pom.xml.
2025-04-11 11:54:44,177 [Worker-15: Building] ERROR o.e.m.c.i.URLConnectionCaches - Unexpected URLConnection defaultUseCaches enabled
2025-04-11 11:54:44,231 [Worker-15: Building] INFO  o.a.m.s.f.DefaultMavenResourcesFiltering - Copying 0 resource from src\main\resources to target\classes
2025-04-11 11:54:44,232 [Worker-15: Building] INFO  o.a.m.s.f.DefaultMavenResourcesFiltering - Copying 0 resource from src\main\resources to target\classes
2025-04-11 11:54:44,234 [Worker-15: Building] INFO  o.a.m.s.f.DefaultMavenResourcesFiltering - skip non existing resourceDirectory C:\Users\Rosmira\OneDrive\Documentos\PruebasBBVA\workspace\servicio-autenticacion\src\test\resources
2025-04-11 11:54:44,534 [Worker-22: Building] ERROR o.e.m.c.i.URLConnectionCaches - Unexpected URLConnection defaultUseCaches enabled
2025-04-11 11:54:44,537 [Worker-22: Building] INFO  o.a.m.s.f.DefaultMavenResourcesFiltering - Copying 1 resource from src\main\resources to target\classes
2025-04-11 11:54:44,577 [Worker-22: Building] INFO  o.a.m.s.f.DefaultMavenResourcesFiltering - Copying 0 resource from src\main\resources to target\classes
2025-04-11 11:54:44,580 [Worker-22: Building] INFO  o.a.m.s.f.DefaultMavenResourcesFiltering - skip non existing resourceDirectory C:\Users\Rosmira\OneDrive\Documentos\PruebasBBVA\workspace\servicio-autenticacion\src\test\resources
2025-04-11 11:54:44,611 [Worker-22: Building] ERROR o.e.m.c.i.URLConnectionCaches - Unexpected URLConnection defaultUseCaches enabled
2025-04-11 11:54:45,167 [Worker-24: Download sources and javadoc] INFO  o.e.m.c.i.e.AbstractTransferListenerAdapter - Downloading https://repo.maven.apache.org/maven2/javax/xml/bind/jaxb-api/2.3.1/jaxb-api-2.3.1-sources.jar
2025-04-11 11:54:45,286 [Worker-24: Download sources and javadoc] INFO  o.e.m.c.i.e.AbstractTransferListenerAdapter - Downloaded https://repo.maven.apache.org/maven2/javax/xml/bind/jaxb-api/2.3.1/jaxb-api-2.3.1-sources.jar
2025-04-11 11:54:45,289 [Worker-24: Download sources and javadoc] INFO  o.e.m.j.internal.DownloadSourcesJob - Downloaded sources for javax.xml.bind:jaxb-api:2.3.1
2025-04-11 11:54:45,408 [Worker-24: Download sources and javadoc] INFO  o.e.m.c.i.e.AbstractTransferListenerAdapter - Downloading https://repo.maven.apache.org/maven2/javax/activation/javax.activation-api/1.2.0/javax.activation-api-1.2.0-sources.jar
2025-04-11 11:54:45,487 [Worker-24: Download sources and javadoc] INFO  o.e.m.c.i.e.AbstractTransferListenerAdapter - Downloaded https://repo.maven.apache.org/maven2/javax/activation/javax.activation-api/1.2.0/javax.activation-api-1.2.0-sources.jar
2025-04-11 11:54:45,489 [Worker-24: Download sources and javadoc] INFO  o.e.m.j.internal.DownloadSourcesJob - Downloaded sources for javax.activation:javax.activation-api:1.2.0
2025-04-11 11:54:45,608 [Worker-24: Download sources and javadoc] INFO  o.e.m.c.i.e.AbstractTransferListenerAdapter - Downloading https://repo.maven.apache.org/maven2/org/glassfish/jaxb/jaxb-runtime/2.3.1/jaxb-runtime-2.3.1-sources.jar
2025-04-11 11:54:45,809 [Worker-24: Download sources and javadoc] INFO  o.e.m.c.i.e.AbstractTransferListenerAdapter - Downloaded https://repo.maven.apache.org/maven2/org/glassfish/jaxb/jaxb-runtime/2.3.1/jaxb-runtime-2.3.1-sources.jar
2025-04-11 11:54:45,811 [Worker-24: Download sources and javadoc] INFO  o.e.m.j.internal.DownloadSourcesJob - Downloaded sources for org.glassfish.jaxb:jaxb-runtime:2.3.1
2025-04-11 11:54:45,888 [Worker-24: Download sources and javadoc] INFO  o.e.m.c.i.e.AbstractTransferListenerAdapter - Downloading https://repo.maven.apache.org/maven2/org/jvnet/staxex/stax-ex/2.1.0/stax-ex-2.1.0-sources.jar
2025-04-11 11:54:45,895 [Worker-24: Download sources and javadoc] INFO  o.e.m.c.i.e.AbstractTransferListenerAdapter - Downloaded https://repo.maven.apache.org/maven2/org/jvnet/staxex/stax-ex/2.1.0/stax-ex-2.1.0-sources.jar
2025-04-11 11:54:45,898 [Worker-24: Download sources and javadoc] INFO  o.e.m.j.internal.DownloadSourcesJob - Downloaded sources for org.jvnet.staxex:stax-ex:2.1.0
2025-04-11 11:54:46,000 [Worker-24: Download sources and javadoc] INFO  o.e.m.c.i.e.AbstractTransferListenerAdapter - Downloading https://repo.maven.apache.org/maven2/com/sun/xml/fastinfoset/FastInfoset/2.1.1/FastInfoset-2.1.1-sources.jar
2025-04-11 11:54:46,170 [Worker-24: Download sources and javadoc] INFO  o.e.m.c.i.e.AbstractTransferListenerAdapter - Downloaded https://repo.maven.apache.org/maven2/com/sun/xml/fastinfoset/FastInfoset/2.1.1/FastInfoset-2.1.1-sources.jar
2025-04-11 11:54:46,172 [Worker-24: Download sources and javadoc] INFO  o.e.m.j.internal.DownloadSourcesJob - Downloaded sources for com.sun.xml.fastinfoset:FastInfoset:2.1.1
2025-04-11 11:54:46,650 [Worker-24: Building] ERROR o.e.m.c.i.URLConnectionCaches - Unexpected URLConnection defaultUseCaches enabled
2025-04-11 11:54:57,549 [Worker-10: Building] ERROR o.e.m.c.i.URLConnectionCaches - Unexpected URLConnection defaultUseCaches enabled
2025-04-11 11:54:57,684 [Worker-10: Building] INFO  o.e.m.c.i.l.LifecycleMappingFactory - Using org.eclipse.m2e.jdt.JarLifecycleMapping lifecycle mapping for MavenProject: com.bbva.servicioautenticacion:servicio-autenticacion:0.0.1-SNAPSHOT @ C:\Users\Rosmira\OneDrive\Documentos\PruebasBBVA\workspace\servicio-autenticacion\pom.xml.
2025-04-11 11:54:57,947 [Worker-10: Building] ERROR o.e.m.c.i.URLConnectionCaches - Unexpected URLConnection defaultUseCaches enabled
2025-04-11 11:54:58,021 [Worker-10: Building] INFO  o.a.m.s.f.DefaultMavenResourcesFiltering - Copying 0 resource from src\main\resources to target\classes
2025-04-11 11:54:58,022 [Worker-10: Building] INFO  o.a.m.s.f.DefaultMavenResourcesFiltering - Copying 0 resource from src\main\resources to target\classes
2025-04-11 11:54:58,025 [Worker-10: Building] INFO  o.a.m.s.f.DefaultMavenResourcesFiltering - skip non existing resourceDirectory C:\Users\Rosmira\OneDrive\Documentos\PruebasBBVA\workspace\servicio-autenticacion\src\test\resources
2025-04-11 11:54:58,293 [Worker-15: Building] ERROR o.e.m.c.i.URLConnectionCaches - Unexpected URLConnection defaultUseCaches enabled
2025-04-11 11:54:58,296 [Worker-15: Building] INFO  o.a.m.s.f.DefaultMavenResourcesFiltering - Copying 1 resource from src\main\resources to target\classes
2025-04-11 11:54:58,304 [Worker-15: Building] INFO  o.a.m.s.f.DefaultMavenResourcesFiltering - Copying 0 resource from src\main\resources to target\classes
2025-04-11 11:54:58,307 [Worker-15: Building] INFO  o.a.m.s.f.DefaultMavenResourcesFiltering - skip non existing resourceDirectory C:\Users\Rosmira\OneDrive\Documentos\PruebasBBVA\workspace\servicio-autenticacion\src\test\resources
2025-04-11 11:57:43,901 [Worker-22: Building] ERROR o.e.m.c.i.URLConnectionCaches - Unexpected URLConnection defaultUseCaches enabled
2025-04-11 11:57:43,906 [Worker-22: Building] INFO  o.a.m.s.f.DefaultMavenResourcesFiltering - Copying 1 resource from src\main\resources to target\classes
2025-04-11 11:57:43,912 [Worker-22: Building] INFO  o.a.m.s.f.DefaultMavenResourcesFiltering - Copying 0 resource from src\main\resources to target\classes
2025-04-11 11:57:43,915 [Worker-22: Building] INFO  o.a.m.s.f.DefaultMavenResourcesFiltering - skip non existing resourceDirectory C:\Users\Rosmira\OneDrive\Documentos\PruebasBBVA\workspace\servicio-autenticacion\src\test\resources
2025-04-11 12:01:16,017 [Worker-2: Building] ERROR o.e.m.c.i.URLConnectionCaches - Unexpected URLConnection defaultUseCaches enabled
2025-04-11 12:01:16,021 [Worker-2: Building] INFO  o.a.m.s.f.DefaultMavenResourcesFiltering - Copying 1 resource from src\main\resources to target\classes
2025-04-11 12:01:16,029 [Worker-2: Building] INFO  o.a.m.s.f.DefaultMavenResourcesFiltering - Copying 0 resource from src\main\resources to target\classes
2025-04-11 12:01:16,032 [Worker-2: Building] INFO  o.a.m.s.f.DefaultMavenResourcesFiltering - skip non existing resourceDirectory C:\Users\Rosmira\OneDrive\Documentos\PruebasBBVA\workspace\servicio-autenticacion\src\test\resources
2025-04-11 12:03:55,839 [Worker-15: Building] ERROR o.e.m.c.i.URLConnectionCaches - Unexpected URLConnection defaultUseCaches enabled
2025-04-11 12:03:55,842 [Worker-15: Building] INFO  o.a.m.s.f.DefaultMavenResourcesFiltering - Copying 1 resource from src\main\resources to target\classes
2025-04-11 12:03:55,845 [Worker-15: Building] INFO  o.a.m.s.f.DefaultMavenResourcesFiltering - Copying 0 resource from src\main\resources to target\classes
2025-04-11 12:03:55,847 [Worker-15: Building] INFO  o.a.m.s.f.DefaultMavenResourcesFiltering - skip non existing resourceDirectory C:\Users\Rosmira\OneDrive\Documentos\PruebasBBVA\workspace\servicio-autenticacion\src\test\resources
2025-04-11 12:05:27,353 [Worker-22: Building] ERROR o.e.m.c.i.URLConnectionCaches - Unexpected URLConnection defaultUseCaches enabled
2025-04-11 12:05:27,358 [Worker-22: Building] INFO  o.a.m.s.f.DefaultMavenResourcesFiltering - Copying 1 resource from src\main\resources to target\classes
2025-04-11 12:05:27,363 [Worker-22: Building] INFO  o.a.m.s.f.DefaultMavenResourcesFiltering - Copying 0 resource from src\main\resources to target\classes
2025-04-11 12:05:27,365 [Worker-22: Building] INFO  o.a.m.s.f.DefaultMavenResourcesFiltering - skip non existing resourceDirectory C:\Users\Rosmira\OneDrive\Documentos\PruebasBBVA\workspace\servicio-autenticacion\src\test\resources
2025-04-11 12:06:24,906 [Worker-27: Building] ERROR o.e.m.c.i.URLConnectionCaches - Unexpected URLConnection defaultUseCaches enabled
2025-04-11 12:06:24,909 [Worker-27: Building] INFO  o.a.m.s.f.DefaultMavenResourcesFiltering - Copying 1 resource from src\main\resources to target\classes
2025-04-11 12:06:24,917 [Worker-27: Building] INFO  o.a.m.s.f.DefaultMavenResourcesFiltering - Copying 0 resource from src\main\resources to target\classes
2025-04-11 12:06:24,918 [Worker-27: Building] INFO  o.a.m.s.f.DefaultMavenResourcesFiltering - skip non existing resourceDirectory C:\Users\Rosmira\OneDrive\Documentos\PruebasBBVA\workspace\servicio-autenticacion\src\test\resources
2025-04-11 12:13:49,035 [Worker-23: Building] ERROR o.e.m.c.i.URLConnectionCaches - Unexpected URLConnection defaultUseCaches enabled
2025-04-11 12:13:49,184 [Worker-23: Building] INFO  o.e.m.c.i.l.LifecycleMappingFactory - Using org.eclipse.m2e.jdt.JarLifecycleMapping lifecycle mapping for MavenProject: com.bbva.servicioconversiondivisas:servicio-conversion-divisas:0.0.1-SNAPSHOT @ C:\Users\Rosmira\OneDrive\Documentos\PruebasBBVA\workspace\servicio-conversion-divisas\pom.xml.
2025-04-11 12:13:49,470 [Worker-23: Building] ERROR o.e.m.c.i.URLConnectionCaches - Unexpected URLConnection defaultUseCaches enabled
2025-04-11 12:13:49,524 [Worker-23: Building] INFO  o.a.m.s.f.DefaultMavenResourcesFiltering - Copying 0 resource from src\main\resources to target\classes
2025-04-11 12:13:49,525 [Worker-23: Building] INFO  o.a.m.s.f.DefaultMavenResourcesFiltering - Copying 0 resource from src\main\resources to target\classes
2025-04-11 12:13:49,527 [Worker-23: Building] INFO  o.a.m.s.f.DefaultMavenResourcesFiltering - skip non existing resourceDirectory C:\Users\Rosmira\OneDrive\Documentos\PruebasBBVA\workspace\servicio-conversion-divisas\src\test\resources
2025-04-11 12:13:50,726 [Worker-15: Building] ERROR o.e.m.c.i.URLConnectionCaches - Unexpected URLConnection defaultUseCaches enabled
2025-04-11 12:13:50,729 [Worker-15: Building] INFO  o.a.m.s.f.DefaultMavenResourcesFiltering - Copying 1 resource from src\main\resources to target\classes
2025-04-11 12:13:50,740 [Worker-15: Building] INFO  o.a.m.s.f.DefaultMavenResourcesFiltering - Copying 2 resources from src\main\resources to target\classes
2025-04-11 12:13:50,744 [Worker-15: Building] INFO  o.a.m.s.f.DefaultMavenResourcesFiltering - skip non existing resourceDirectory C:\Users\Rosmira\OneDrive\Documentos\PruebasBBVA\workspace\servicio-conversion-divisas\src\test\resources
2025-04-11 12:16:00,259 [Worker-23: Building] ERROR o.e.m.c.i.URLConnectionCaches - Unexpected URLConnection defaultUseCaches enabled
2025-04-11 12:16:00,262 [Worker-23: Building] INFO  o.a.m.s.f.DefaultMavenResourcesFiltering - Copying 1 resource from src\main\resources to target\classes
2025-04-11 12:16:00,267 [Worker-23: Building] INFO  o.a.m.s.f.DefaultMavenResourcesFiltering - Copying 2 resources from src\main\resources to target\classes
2025-04-11 12:16:00,270 [Worker-23: Building] INFO  o.a.m.s.f.DefaultMavenResourcesFiltering - skip non existing resourceDirectory C:\Users\Rosmira\OneDrive\Documentos\PruebasBBVA\workspace\servicio-conversion-divisas\src\test\resources
2025-04-11 12:16:06,098 [Worker-24: Building] ERROR o.e.m.c.i.URLConnectionCaches - Unexpected URLConnection defaultUseCaches enabled
2025-04-11 12:16:06,102 [Worker-24: Building] INFO  o.a.m.s.f.DefaultMavenResourcesFiltering - Copying 1 resource from src\main\resources to target\classes
2025-04-11 12:16:06,108 [Worker-24: Building] INFO  o.a.m.s.f.DefaultMavenResourcesFiltering - Copying 2 resources from src\main\resources to target\classes
2025-04-11 12:16:06,110 [Worker-24: Building] INFO  o.a.m.s.f.DefaultMavenResourcesFiltering - skip non existing resourceDirectory C:\Users\Rosmira\OneDrive\Documentos\PruebasBBVA\workspace\servicio-conversion-divisas\src\test\resources
2025-04-11 12:16:21,160 [Worker-27: Building] ERROR o.e.m.c.i.URLConnectionCaches - Unexpected URLConnection defaultUseCaches enabled
2025-04-11 12:16:21,165 [Worker-27: Building] INFO  o.a.m.s.f.DefaultMavenResourcesFiltering - Copying 1 resource from src\main\resources to target\classes
2025-04-11 12:16:21,168 [Worker-27: Building] INFO  o.a.m.s.f.DefaultMavenResourcesFiltering - Copying 2 resources from src\main\resources to target\classes
2025-04-11 12:16:21,170 [Worker-27: Building] INFO  o.a.m.s.f.DefaultMavenResourcesFiltering - skip non existing resourceDirectory C:\Users\Rosmira\OneDrive\Documentos\PruebasBBVA\workspace\servicio-conversion-divisas\src\test\resources
2025-04-11 12:18:27,023 [Worker-20: Building] ERROR o.e.m.c.i.URLConnectionCaches - Unexpected URLConnection defaultUseCaches enabled
2025-04-11 12:18:27,026 [Worker-20: Building] INFO  o.a.m.s.f.DefaultMavenResourcesFiltering - Copying 1 resource from src\main\resources to target\classes
2025-04-11 12:18:27,032 [Worker-20: Building] INFO  o.a.m.s.f.DefaultMavenResourcesFiltering - Copying 0 resource from src\main\resources to target\classes
2025-04-11 12:18:27,034 [Worker-20: Building] INFO  o.a.m.s.f.DefaultMavenResourcesFiltering - skip non existing resourceDirectory C:\Users\Rosmira\OneDrive\Documentos\PruebasBBVA\workspace\servicio-conversion-divisas\src\test\resources
2025-04-11 12:23:38,564 [Worker-10: Building] ERROR o.e.m.c.i.URLConnectionCaches - Unexpected URLConnection defaultUseCaches enabled
2025-04-11 12:23:38,568 [Worker-10: Building] INFO  o.a.m.s.f.DefaultMavenResourcesFiltering - Copying 1 resource from src\main\resources to target\classes
2025-04-11 12:23:38,580 [Worker-10: Building] INFO  o.a.m.s.f.DefaultMavenResourcesFiltering - Copying 0 resource from src\main\resources to target\classes
2025-04-11 12:23:38,582 [Worker-10: Building] INFO  o.a.m.s.f.DefaultMavenResourcesFiltering - skip non existing resourceDirectory C:\Users\Rosmira\OneDrive\Documentos\PruebasBBVA\workspace\servicio-conversion-divisas\src\test\resources
2025-04-11 12:24:28,114 [Worker-15: Building] ERROR o.e.m.c.i.URLConnectionCaches - Unexpected URLConnection defaultUseCaches enabled
2025-04-11 12:24:28,131 [Worker-15: Building] INFO  o.a.m.s.f.DefaultMavenResourcesFiltering - Copying 1 resource from src\main\resources to target\classes
2025-04-11 12:24:28,138 [Worker-15: Building] INFO  o.a.m.s.f.DefaultMavenResourcesFiltering - Copying 2 resources from src\main\resources to target\classes
2025-04-11 12:24:28,141 [Worker-15: Building] INFO  o.a.m.s.f.DefaultMavenResourcesFiltering - skip non existing resourceDirectory C:\Users\Rosmira\OneDrive\Documentos\PruebasBBVA\workspace\servicio-conversion-divisas\src\test\resources
2025-04-11 12:24:41,776 [Worker-27: Building] ERROR o.e.m.c.i.URLConnectionCaches - Unexpected URLConnection defaultUseCaches enabled
2025-04-11 12:24:41,781 [Worker-27: Building] INFO  o.a.m.s.f.DefaultMavenResourcesFiltering - Copying 1 resource from src\main\resources to target\classes
2025-04-11 12:24:41,787 [Worker-27: Building] INFO  o.a.m.s.f.DefaultMavenResourcesFiltering - Copying 2 resources from src\main\resources to target\classes
2025-04-11 12:24:41,789 [Worker-27: Building] INFO  o.a.m.s.f.DefaultMavenResourcesFiltering - skip non existing resourceDirectory C:\Users\Rosmira\OneDrive\Documentos\PruebasBBVA\workspace\servicio-conversion-divisas\src\test\resources
2025-04-11 12:26:41,906 [Worker-25: Building] ERROR o.e.m.c.i.URLConnectionCaches - Unexpected URLConnection defaultUseCaches enabled
2025-04-11 12:26:41,910 [Worker-25: Building] INFO  o.a.m.s.f.DefaultMavenResourcesFiltering - Copying 1 resource from src\main\resources to target\classes
2025-04-11 12:26:41,913 [Worker-25: Building] INFO  o.a.m.s.f.DefaultMavenResourcesFiltering - Copying 2 resources from src\main\resources to target\classes
2025-04-11 12:26:41,915 [Worker-25: Building] INFO  o.a.m.s.f.DefaultMavenResourcesFiltering - skip non existing resourceDirectory C:\Users\Rosmira\OneDrive\Documentos\PruebasBBVA\workspace\servicio-conversion-divisas\src\test\resources
2025-04-11 12:27:35,190 [Worker-21: Building] ERROR o.e.m.c.i.URLConnectionCaches - Unexpected URLConnection defaultUseCaches enabled
2025-04-11 12:27:35,196 [Worker-21: Building] INFO  o.a.m.s.f.DefaultMavenResourcesFiltering - Copying 1 resource from src\main\resources to target\classes
2025-04-11 12:27:35,202 [Worker-21: Building] INFO  o.a.m.s.f.DefaultMavenResourcesFiltering - Copying 2 resources from src\main\resources to target\classes
2025-04-11 12:27:35,204 [Worker-21: Building] INFO  o.a.m.s.f.DefaultMavenResourcesFiltering - skip non existing resourceDirectory C:\Users\Rosmira\OneDrive\Documentos\PruebasBBVA\workspace\servicio-conversion-divisas\src\test\resources
2025-04-11 12:27:43,359 [Worker-25: Building] ERROR o.e.m.c.i.URLConnectionCaches - Unexpected URLConnection defaultUseCaches enabled
2025-04-11 12:27:43,363 [Worker-25: Building] INFO  o.a.m.s.f.DefaultMavenResourcesFiltering - Copying 1 resource from src\main\resources to target\classes
2025-04-11 12:27:43,367 [Worker-25: Building] INFO  o.a.m.s.f.DefaultMavenResourcesFiltering - Copying 2 resources from src\main\resources to target\classes
2025-04-11 12:27:43,369 [Worker-25: Building] INFO  o.a.m.s.f.DefaultMavenResourcesFiltering - skip non existing resourceDirectory C:\Users\Rosmira\OneDrive\Documentos\PruebasBBVA\workspace\servicio-conversion-divisas\src\test\resources
2025-04-11 12:41:40,694 [Worker-20: Building] ERROR o.e.m.c.i.URLConnectionCaches - Unexpected URLConnection defaultUseCaches enabled
2025-04-11 12:41:40,702 [Worker-20: Building] INFO  o.a.m.s.f.DefaultMavenResourcesFiltering - Copying 1 resource from src\main\resources to target\classes
2025-04-11 12:41:40,749 [Worker-20: Building] INFO  o.a.m.s.f.DefaultMavenResourcesFiltering - Copying 0 resource from src\main\resources to target\classes
2025-04-11 12:41:40,754 [Worker-20: Building] INFO  o.a.m.s.f.DefaultMavenResourcesFiltering - skip non existing resourceDirectory C:\Users\Rosmira\OneDrive\Documentos\PruebasBBVA\workspace\servicio-conversion-divisas\src\test\resources
2025-04-11 12:53:28,395 [Worker-24: Building] ERROR o.e.m.c.i.URLConnectionCaches - Unexpected URLConnection defaultUseCaches enabled
2025-04-11 12:53:28,399 [Worker-24: Building] INFO  o.a.m.s.f.DefaultMavenResourcesFiltering - Copying 1 resource from src\main\resources to target\classes
2025-04-11 12:53:28,408 [Worker-24: Building] INFO  o.a.m.s.f.DefaultMavenResourcesFiltering - Copying 0 resource from src\main\resources to target\classes
2025-04-11 12:53:28,410 [Worker-24: Building] INFO  o.a.m.s.f.DefaultMavenResourcesFiltering - skip non existing resourceDirectory C:\Users\Rosmira\OneDrive\Documentos\PruebasBBVA\workspace\servicio-conversion-divisas\src\test\resources
2025-04-11 12:56:27,773 [Worker-10: Building] ERROR o.e.m.c.i.URLConnectionCaches - Unexpected URLConnection defaultUseCaches enabled
2025-04-11 12:56:27,776 [Worker-10: Building] INFO  o.a.m.s.f.DefaultMavenResourcesFiltering - Copying 1 resource from src\main\resources to target\classes
2025-04-11 12:56:27,782 [Worker-10: Building] INFO  o.a.m.s.f.DefaultMavenResourcesFiltering - Copying 2 resources from src\main\resources to target\classes
2025-04-11 12:56:27,784 [Worker-10: Building] INFO  o.a.m.s.f.DefaultMavenResourcesFiltering - skip non existing resourceDirectory C:\Users\Rosmira\OneDrive\Documentos\PruebasBBVA\workspace\servicio-conversion-divisas\src\test\resources
2025-04-11 13:47:55,994 [Worker-30: Building] ERROR o.e.m.c.i.URLConnectionCaches - Unexpected URLConnection defaultUseCaches enabled
2025-04-11 13:47:56,011 [Worker-30: Building] INFO  o.a.m.s.f.DefaultMavenResourcesFiltering - Copying 1 resource from src\main\resources to target\classes
2025-04-11 13:47:56,025 [Worker-30: Building] INFO  o.a.m.s.f.DefaultMavenResourcesFiltering - Copying 0 resource from src\main\resources to target\classes
2025-04-11 13:47:56,028 [Worker-30: Building] INFO  o.a.m.s.f.DefaultMavenResourcesFiltering - skip non existing resourceDirectory C:\Users\Rosmira\OneDrive\Documentos\PruebasBBVA\workspace\servicio-autenticacion\src\test\resources
2025-04-11 13:48:36,458 [Worker-21: Building] ERROR o.e.m.c.i.URLConnectionCaches - Unexpected URLConnection defaultUseCaches enabled
2025-04-11 13:48:36,461 [Worker-21: Building] INFO  o.a.m.s.f.DefaultMavenResourcesFiltering - Copying 1 resource from src\main\resources to target\classes
2025-04-11 13:48:36,473 [Worker-21: Building] INFO  o.a.m.s.f.DefaultMavenResourcesFiltering - Copying 0 resource from src\main\resources to target\classes
2025-04-11 13:48:36,475 [Worker-21: Building] INFO  o.a.m.s.f.DefaultMavenResourcesFiltering - skip non existing resourceDirectory C:\Users\Rosmira\OneDrive\Documentos\PruebasBBVA\workspace\servicio-autenticacion\src\test\resources
2025-04-11 13:48:49,583 [Worker-21: Building] ERROR o.e.m.c.i.URLConnectionCaches - Unexpected URLConnection defaultUseCaches enabled
2025-04-11 13:48:49,590 [Worker-21: Building] INFO  o.a.m.s.f.DefaultMavenResourcesFiltering - Copying 1 resource from src\main\resources to target\classes
2025-04-11 13:48:49,614 [Worker-21: Building] INFO  o.a.m.s.f.DefaultMavenResourcesFiltering - Copying 0 resource from src\main\resources to target\classes
2025-04-11 13:48:49,617 [Worker-21: Building] INFO  o.a.m.s.f.DefaultMavenResourcesFiltering - skip non existing resourceDirectory C:\Users\Rosmira\OneDrive\Documentos\PruebasBBVA\workspace\servicio-autenticacion\src\test\resources
2025-04-11 13:56:24,186 [Worker-6: Loading available Gradle versions] INFO  o.e.b.c.i.u.g.PublishedGradleVersions - Gradle version information cache is up-to-date. Trying to read.
2025-04-11 14:26:31,825 [Worker-20: Building] ERROR o.e.m.c.i.URLConnectionCaches - Unexpected URLConnection defaultUseCaches enabled
2025-04-11 14:26:31,914 [Worker-20: Building] INFO  o.a.m.s.f.DefaultMavenResourcesFiltering - Copying 1 resource from src\main\resources to target\classes
2025-04-11 14:26:31,923 [Worker-20: Building] INFO  o.a.m.s.f.DefaultMavenResourcesFiltering - Copying 0 resource from src\main\resources to target\classes
2025-04-11 14:26:31,927 [Worker-20: Building] INFO  o.a.m.s.f.DefaultMavenResourcesFiltering - skip non existing resourceDirectory C:\Users\Rosmira\OneDrive\Documentos\PruebasBBVA\workspace\servicio-autenticacion\src\test\resources
2025-04-11 14:27:15,552 [Worker-20: Building] ERROR o.e.m.c.i.URLConnectionCaches - Unexpected URLConnection defaultUseCaches enabled
2025-04-11 14:27:15,560 [Worker-20: Building] INFO  o.a.m.s.f.DefaultMavenResourcesFiltering - Copying 1 resource from src\main\resources to target\classes
2025-04-11 14:27:15,567 [Worker-20: Building] INFO  o.a.m.s.f.DefaultMavenResourcesFiltering - Copying 0 resource from src\main\resources to target\classes
2025-04-11 14:27:15,573 [Worker-20: Building] INFO  o.a.m.s.f.DefaultMavenResourcesFiltering - skip non existing resourceDirectory C:\Users\Rosmira\OneDrive\Documentos\PruebasBBVA\workspace\servicio-autenticacion\src\test\resources
2025-04-11 14:31:19,681 [Worker-20: Building] ERROR o.e.m.c.i.URLConnectionCaches - Unexpected URLConnection defaultUseCaches enabled
2025-04-11 14:31:19,728 [Worker-20: Building] INFO  o.a.m.s.f.DefaultMavenResourcesFiltering - Copying 1 resource from src\main\resources to target\classes
2025-04-11 14:31:19,738 [Worker-20: Building] INFO  o.a.m.s.f.DefaultMavenResourcesFiltering - Copying 2 resources from src\main\resources to target\classes
2025-04-11 14:31:19,747 [Worker-20: Building] INFO  o.a.m.s.f.DefaultMavenResourcesFiltering - skip non existing resourceDirectory C:\Users\Rosmira\OneDrive\Documentos\PruebasBBVA\workspace\servicio-conversion-divisas\src\test\resources
2025-04-11 14:51:22,439 [Worker-20: Building] ERROR o.e.m.c.i.URLConnectionCaches - Unexpected URLConnection defaultUseCaches enabled
2025-04-11 14:51:22,443 [Worker-20: Building] INFO  o.a.m.s.f.DefaultMavenResourcesFiltering - Copying 1 resource from src\main\resources to target\classes
2025-04-11 14:51:22,450 [Worker-20: Building] INFO  o.a.m.s.f.DefaultMavenResourcesFiltering - Copying 0 resource from src\main\resources to target\classes
2025-04-11 14:51:22,452 [Worker-20: Building] INFO  o.a.m.s.f.DefaultMavenResourcesFiltering - skip non existing resourceDirectory C:\Users\Rosmira\OneDrive\Documentos\PruebasBBVA\workspace\servicio-autenticacion\src\test\resources
2025-04-11 14:53:05,444 [Worker-20: Building] ERROR o.e.m.c.i.URLConnectionCaches - Unexpected URLConnection defaultUseCaches enabled
2025-04-11 14:53:05,448 [Worker-20: Building] INFO  o.a.m.s.f.DefaultMavenResourcesFiltering - Copying 1 resource from src\main\resources to target\classes
2025-04-11 14:53:05,452 [Worker-20: Building] INFO  o.a.m.s.f.DefaultMavenResourcesFiltering - Copying 0 resource from src\main\resources to target\classes
2025-04-11 14:53:05,454 [Worker-20: Building] INFO  o.a.m.s.f.DefaultMavenResourcesFiltering - skip non existing resourceDirectory C:\Users\Rosmira\OneDrive\Documentos\PruebasBBVA\workspace\servicio-autenticacion\src\test\resources
2025-04-11 14:53:51,035 [Worker-22: Building] ERROR o.e.m.c.i.URLConnectionCaches - Unexpected URLConnection defaultUseCaches enabled
2025-04-11 14:53:51,038 [Worker-22: Building] INFO  o.a.m.s.f.DefaultMavenResourcesFiltering - Copying 1 resource from src\main\resources to target\classes
2025-04-11 14:53:51,053 [Worker-22: Building] INFO  o.a.m.s.f.DefaultMavenResourcesFiltering - Copying 0 resource from src\main\resources to target\classes
2025-04-11 14:53:51,059 [Worker-22: Building] INFO  o.a.m.s.f.DefaultMavenResourcesFiltering - skip non existing resourceDirectory C:\Users\Rosmira\OneDrive\Documentos\PruebasBBVA\workspace\servicio-autenticacion\src\test\resources
2025-04-11 14:53:56,682 [Worker-22: Building] ERROR o.e.m.c.i.URLConnectionCaches - Unexpected URLConnection defaultUseCaches enabled
2025-04-11 14:53:56,688 [Worker-22: Building] INFO  o.a.m.s.f.DefaultMavenResourcesFiltering - Copying 1 resource from src\main\resources to target\classes
2025-04-11 14:53:56,692 [Worker-22: Building] INFO  o.a.m.s.f.DefaultMavenResourcesFiltering - Copying 0 resource from src\main\resources to target\classes
2025-04-11 14:53:56,694 [Worker-22: Building] INFO  o.a.m.s.f.DefaultMavenResourcesFiltering - skip non existing resourceDirectory C:\Users\Rosmira\OneDrive\Documentos\PruebasBBVA\workspace\servicio-autenticacion\src\test\resources
2025-04-11 14:55:48,342 [Worker-22: Building] ERROR o.e.m.c.i.URLConnectionCaches - Unexpected URLConnection defaultUseCaches enabled
2025-04-11 14:55:48,348 [Worker-22: Building] INFO  o.a.m.s.f.DefaultMavenResourcesFiltering - Copying 1 resource from src\main\resources to target\classes
2025-04-11 14:55:48,352 [Worker-22: Building] INFO  o.a.m.s.f.DefaultMavenResourcesFiltering - Copying 0 resource from src\main\resources to target\classes
2025-04-11 14:55:48,355 [Worker-22: Building] INFO  o.a.m.s.f.DefaultMavenResourcesFiltering - skip non existing resourceDirectory C:\Users\Rosmira\OneDrive\Documentos\PruebasBBVA\workspace\servicio-autenticacion\src\test\resources
2025-04-11 14:55:48,419 [Worker-22: Building] ERROR o.e.m.c.i.URLConnectionCaches - Unexpected URLConnection defaultUseCaches enabled
2025-04-11 14:55:48,425 [Worker-22: Building] INFO  o.a.m.s.f.DefaultMavenResourcesFiltering - Copying 1 resource from src\main\resources to target\classes
2025-04-11 14:55:48,435 [Worker-22: Building] INFO  o.a.m.s.f.DefaultMavenResourcesFiltering - Copying 2 resources from src\main\resources to target\classes
2025-04-11 14:55:48,438 [Worker-22: Building] INFO  o.a.m.s.f.DefaultMavenResourcesFiltering - skip non existing resourceDirectory C:\Users\Rosmira\OneDrive\Documentos\PruebasBBVA\workspace\servicio-conversion-divisas\src\test\resources
2025-04-11 14:55:54,963 [Worker-21: Building] ERROR o.e.m.c.i.URLConnectionCaches - Unexpected URLConnection defaultUseCaches enabled
2025-04-11 14:55:54,968 [Worker-21: Building] INFO  o.a.m.s.f.DefaultMavenResourcesFiltering - Copying 1 resource from src\main\resources to target\classes
2025-04-11 14:55:54,971 [Worker-21: Building] INFO  o.a.m.s.f.DefaultMavenResourcesFiltering - Copying 2 resources from src\main\resources to target\classes
2025-04-11 14:55:54,974 [Worker-21: Building] INFO  o.a.m.s.f.DefaultMavenResourcesFiltering - skip non existing resourceDirectory C:\Users\Rosmira\OneDrive\Documentos\PruebasBBVA\workspace\servicio-conversion-divisas\src\test\resources
2025-04-11 14:55:58,531 [Worker-5: Building] ERROR o.e.m.c.i.URLConnectionCaches - Unexpected URLConnection defaultUseCaches enabled
2025-04-11 14:55:58,538 [Worker-5: Building] INFO  o.a.m.s.f.DefaultMavenResourcesFiltering - Copying 1 resource from src\main\resources to target\classes
2025-04-11 14:55:58,542 [Worker-5: Building] INFO  o.a.m.s.f.DefaultMavenResourcesFiltering - Copying 2 resources from src\main\resources to target\classes
2025-04-11 14:55:58,545 [Worker-5: Building] INFO  o.a.m.s.f.DefaultMavenResourcesFiltering - skip non existing resourceDirectory C:\Users\Rosmira\OneDrive\Documentos\PruebasBBVA\workspace\servicio-conversion-divisas\src\test\resources
2025-04-11 14:56:06,209 [Worker-2: Building] ERROR o.e.m.c.i.URLConnectionCaches - Unexpected URLConnection defaultUseCaches enabled
2025-04-11 14:56:06,212 [Worker-2: Building] INFO  o.a.m.s.f.DefaultMavenResourcesFiltering - Copying 1 resource from src\main\resources to target\classes
2025-04-11 14:56:06,215 [Worker-2: Building] INFO  o.a.m.s.f.DefaultMavenResourcesFiltering - Copying 0 resource from src\main\resources to target\classes
2025-04-11 14:56:06,218 [Worker-2: Building] INFO  o.a.m.s.f.DefaultMavenResourcesFiltering - skip non existing resourceDirectory C:\Users\Rosmira\OneDrive\Documentos\PruebasBBVA\workspace\servicio-autenticacion\src\test\resources
2025-04-11 14:56:22,058 [Worker-3: Building] ERROR o.e.m.c.i.URLConnectionCaches - Unexpected URLConnection defaultUseCaches enabled
2025-04-11 14:56:22,061 [Worker-3: Building] INFO  o.a.m.s.f.DefaultMavenResourcesFiltering - Copying 1 resource from src\main\resources to target\classes
2025-04-11 14:56:22,064 [Worker-3: Building] INFO  o.a.m.s.f.DefaultMavenResourcesFiltering - Copying 0 resource from src\main\resources to target\classes
2025-04-11 14:56:22,066 [Worker-3: Building] INFO  o.a.m.s.f.DefaultMavenResourcesFiltering - skip non existing resourceDirectory C:\Users\Rosmira\OneDrive\Documentos\PruebasBBVA\workspace\servicio-autenticacion\src\test\resources
2025-04-11 14:56:39,372 [Worker-5: Building] ERROR o.e.m.c.i.URLConnectionCaches - Unexpected URLConnection defaultUseCaches enabled
2025-04-11 14:56:39,377 [Worker-5: Building] INFO  o.a.m.s.f.DefaultMavenResourcesFiltering - Copying 1 resource from src\main\resources to target\classes
2025-04-11 14:56:39,381 [Worker-5: Building] INFO  o.a.m.s.f.DefaultMavenResourcesFiltering - Copying 0 resource from src\main\resources to target\classes
2025-04-11 14:56:39,383 [Worker-5: Building] INFO  o.a.m.s.f.DefaultMavenResourcesFiltering - skip non existing resourceDirectory C:\Users\Rosmira\OneDrive\Documentos\PruebasBBVA\workspace\servicio-autenticacion\src\test\resources
2025-04-11 14:56:51,858 [Worker-2: Building] ERROR o.e.m.c.i.URLConnectionCaches - Unexpected URLConnection defaultUseCaches enabled
2025-04-11 14:56:51,862 [Worker-2: Building] INFO  o.a.m.s.f.DefaultMavenResourcesFiltering - Copying 1 resource from src\main\resources to target\classes
2025-04-11 14:56:51,865 [Worker-2: Building] INFO  o.a.m.s.f.DefaultMavenResourcesFiltering - Copying 2 resources from src\main\resources to target\classes
2025-04-11 14:56:51,867 [Worker-2: Building] INFO  o.a.m.s.f.DefaultMavenResourcesFiltering - skip non existing resourceDirectory C:\Users\Rosmira\OneDrive\Documentos\PruebasBBVA\workspace\servicio-conversion-divisas\src\test\resources
2025-04-11 14:57:08,181 [Worker-21: Building] ERROR o.e.m.c.i.URLConnectionCaches - Unexpected URLConnection defaultUseCaches enabled
2025-04-11 14:57:08,187 [Worker-21: Building] INFO  o.a.m.s.f.DefaultMavenResourcesFiltering - Copying 1 resource from src\main\resources to target\classes
2025-04-11 14:57:08,190 [Worker-21: Building] INFO  o.a.m.s.f.DefaultMavenResourcesFiltering - Copying 2 resources from src\main\resources to target\classes
2025-04-11 14:57:08,193 [Worker-21: Building] INFO  o.a.m.s.f.DefaultMavenResourcesFiltering - skip non existing resourceDirectory C:\Users\Rosmira\OneDrive\Documentos\PruebasBBVA\workspace\servicio-conversion-divisas\src\test\resources
2025-04-11 14:57:49,139 [Worker-3: Building] ERROR o.e.m.c.i.URLConnectionCaches - Unexpected URLConnection defaultUseCaches enabled
2025-04-11 14:57:49,144 [Worker-3: Building] INFO  o.a.m.s.f.DefaultMavenResourcesFiltering - Copying 1 resource from src\main\resources to target\classes
2025-04-11 14:57:49,146 [Worker-3: Building] INFO  o.a.m.s.f.DefaultMavenResourcesFiltering - Copying 2 resources from src\main\resources to target\classes
2025-04-11 14:57:49,149 [Worker-3: Building] INFO  o.a.m.s.f.DefaultMavenResourcesFiltering - skip non existing resourceDirectory C:\Users\Rosmira\OneDrive\Documentos\PruebasBBVA\workspace\servicio-conversion-divisas\src\test\resources
2025-04-11 14:58:45,501 [Worker-5: Building] ERROR o.e.m.c.i.URLConnectionCaches - Unexpected URLConnection defaultUseCaches enabled
2025-04-11 14:58:45,506 [Worker-5: Building] INFO  o.a.m.s.f.DefaultMavenResourcesFiltering - Copying 1 resource from src\main\resources to target\classes
2025-04-11 14:58:45,513 [Worker-5: Building] INFO  o.a.m.s.f.DefaultMavenResourcesFiltering - Copying 2 resources from src\main\resources to target\classes
2025-04-11 14:58:45,516 [Worker-5: Building] INFO  o.a.m.s.f.DefaultMavenResourcesFiltering - skip non existing resourceDirectory C:\Users\Rosmira\OneDrive\Documentos\PruebasBBVA\workspace\servicio-conversion-divisas\src\test\resources
2025-04-11 14:59:37,895 [Worker-22: Building] ERROR o.e.m.c.i.URLConnectionCaches - Unexpected URLConnection defaultUseCaches enabled
2025-04-11 14:59:37,898 [Worker-22: Building] INFO  o.a.m.s.f.DefaultMavenResourcesFiltering - Copying 1 resource from src\main\resources to target\classes
2025-04-11 14:59:37,901 [Worker-22: Building] INFO  o.a.m.s.f.DefaultMavenResourcesFiltering - Copying 2 resources from src\main\resources to target\classes
2025-04-11 14:59:37,903 [Worker-22: Building] INFO  o.a.m.s.f.DefaultMavenResourcesFiltering - skip non existing resourceDirectory C:\Users\Rosmira\OneDrive\Documentos\PruebasBBVA\workspace\servicio-conversion-divisas\src\test\resources
2025-04-11 14:59:46,815 [Worker-20: Building] ERROR o.e.m.c.i.URLConnectionCaches - Unexpected URLConnection defaultUseCaches enabled
2025-04-11 14:59:46,819 [Worker-20: Building] INFO  o.a.m.s.f.DefaultMavenResourcesFiltering - Copying 1 resource from src\main\resources to target\classes
2025-04-11 14:59:46,825 [Worker-20: Building] INFO  o.a.m.s.f.DefaultMavenResourcesFiltering - Copying 2 resources from src\main\resources to target\classes
2025-04-11 14:59:46,827 [Worker-20: Building] INFO  o.a.m.s.f.DefaultMavenResourcesFiltering - skip non existing resourceDirectory C:\Users\Rosmira\OneDrive\Documentos\PruebasBBVA\workspace\servicio-conversion-divisas\src\test\resources
2025-04-11 15:00:17,359 [Worker-5: Building] ERROR o.e.m.c.i.URLConnectionCaches - Unexpected URLConnection defaultUseCaches enabled
2025-04-11 15:00:17,364 [Worker-5: Building] INFO  o.a.m.s.f.DefaultMavenResourcesFiltering - Copying 1 resource from src\main\resources to target\classes
2025-04-11 15:00:17,369 [Worker-5: Building] INFO  o.a.m.s.f.DefaultMavenResourcesFiltering - Copying 2 resources from src\main\resources to target\classes
2025-04-11 15:00:17,372 [Worker-5: Building] INFO  o.a.m.s.f.DefaultMavenResourcesFiltering - skip non existing resourceDirectory C:\Users\Rosmira\OneDrive\Documentos\PruebasBBVA\workspace\servicio-conversion-divisas\src\test\resources
2025-04-11 15:00:31,839 [Worker-22: Building] ERROR o.e.m.c.i.URLConnectionCaches - Unexpected URLConnection defaultUseCaches enabled
2025-04-11 15:00:31,843 [Worker-22: Building] INFO  o.a.m.s.f.DefaultMavenResourcesFiltering - Copying 1 resource from src\main\resources to target\classes
2025-04-11 15:00:31,847 [Worker-22: Building] INFO  o.a.m.s.f.DefaultMavenResourcesFiltering - Copying 2 resources from src\main\resources to target\classes
2025-04-11 15:00:31,849 [Worker-22: Building] INFO  o.a.m.s.f.DefaultMavenResourcesFiltering - skip non existing resourceDirectory C:\Users\Rosmira\OneDrive\Documentos\PruebasBBVA\workspace\servicio-conversion-divisas\src\test\resources
2025-04-11 15:01:15,473 [Worker-3: Building] ERROR o.e.m.c.i.URLConnectionCaches - Unexpected URLConnection defaultUseCaches enabled
2025-04-11 15:01:15,477 [Worker-3: Building] INFO  o.a.m.s.f.DefaultMavenResourcesFiltering - Copying 1 resource from src\main\resources to target\classes
2025-04-11 15:01:15,480 [Worker-3: Building] INFO  o.a.m.s.f.DefaultMavenResourcesFiltering - Copying 2 resources from src\main\resources to target\classes
2025-04-11 15:01:15,483 [Worker-3: Building] INFO  o.a.m.s.f.DefaultMavenResourcesFiltering - skip non existing resourceDirectory C:\Users\Rosmira\OneDrive\Documentos\PruebasBBVA\workspace\servicio-conversion-divisas\src\test\resources
2025-04-11 15:04:02,361 [Worker-23: Building] ERROR o.e.m.c.i.URLConnectionCaches - Unexpected URLConnection defaultUseCaches enabled
2025-04-11 15:04:02,371 [Worker-23: Building] INFO  o.a.m.s.f.DefaultMavenResourcesFiltering - Copying 1 resource from src\main\resources to target\classes
2025-04-11 15:04:02,376 [Worker-23: Building] INFO  o.a.m.s.f.DefaultMavenResourcesFiltering - Copying 2 resources from src\main\resources to target\classes
2025-04-11 15:04:02,378 [Worker-23: Building] INFO  o.a.m.s.f.DefaultMavenResourcesFiltering - skip non existing resourceDirectory C:\Users\Rosmira\OneDrive\Documentos\PruebasBBVA\workspace\servicio-conversion-divisas\src\test\resources
2025-04-11 15:04:41,859 [Worker-22: Building] ERROR o.e.m.c.i.URLConnectionCaches - Unexpected URLConnection defaultUseCaches enabled
2025-04-11 15:04:41,862 [Worker-22: Building] INFO  o.a.m.s.f.DefaultMavenResourcesFiltering - Copying 1 resource from src\main\resources to target\classes
2025-04-11 15:04:41,869 [Worker-22: Building] INFO  o.a.m.s.f.DefaultMavenResourcesFiltering - Copying 2 resources from src\main\resources to target\classes
2025-04-11 15:04:41,872 [Worker-22: Building] INFO  o.a.m.s.f.DefaultMavenResourcesFiltering - skip non existing resourceDirectory C:\Users\Rosmira\OneDrive\Documentos\PruebasBBVA\workspace\servicio-conversion-divisas\src\test\resources
2025-04-11 15:20:13,605 [Worker-2: Building] ERROR o.e.m.c.i.URLConnectionCaches - Unexpected URLConnection defaultUseCaches enabled
2025-04-11 15:20:13,609 [Worker-2: Building] INFO  o.a.m.s.f.DefaultMavenResourcesFiltering - Copying 1 resource from src\main\resources to target\classes
2025-04-11 15:20:13,615 [Worker-2: Building] INFO  o.a.m.s.f.DefaultMavenResourcesFiltering - Copying 2 resources from src\main\resources to target\classes
2025-04-11 15:20:13,617 [Worker-2: Building] INFO  o.a.m.s.f.DefaultMavenResourcesFiltering - skip non existing resourceDirectory C:\Users\Rosmira\OneDrive\Documentos\PruebasBBVA\workspace\servicio-conversion-divisas\src\test\resources
2025-04-11 15:20:47,716 [Worker-20: Building] ERROR o.e.m.c.i.URLConnectionCaches - Unexpected URLConnection defaultUseCaches enabled
2025-04-11 15:20:47,719 [Worker-20: Building] INFO  o.a.m.s.f.DefaultMavenResourcesFiltering - Copying 1 resource from src\main\resources to target\classes
2025-04-11 15:20:47,724 [Worker-20: Building] INFO  o.a.m.s.f.DefaultMavenResourcesFiltering - Copying 2 resources from src\main\resources to target\classes
2025-04-11 15:20:47,727 [Worker-20: Building] INFO  o.a.m.s.f.DefaultMavenResourcesFiltering - skip non existing resourceDirectory C:\Users\Rosmira\OneDrive\Documentos\PruebasBBVA\workspace\servicio-conversion-divisas\src\test\resources
2025-04-11 15:20:55,728 [Worker-21: Building] ERROR o.e.m.c.i.URLConnectionCaches - Unexpected URLConnection defaultUseCaches enabled
2025-04-11 15:20:55,731 [Worker-21: Building] INFO  o.a.m.s.f.DefaultMavenResourcesFiltering - Copying 1 resource from src\main\resources to target\classes
2025-04-11 15:20:55,737 [Worker-21: Building] INFO  o.a.m.s.f.DefaultMavenResourcesFiltering - Copying 2 resources from src\main\resources to target\classes
2025-04-11 15:20:55,739 [Worker-21: Building] INFO  o.a.m.s.f.DefaultMavenResourcesFiltering - skip non existing resourceDirectory C:\Users\Rosmira\OneDrive\Documentos\PruebasBBVA\workspace\servicio-conversion-divisas\src\test\resources
2025-04-11 15:21:18,501 [Worker-23: Building] ERROR o.e.m.c.i.URLConnectionCaches - Unexpected URLConnection defaultUseCaches enabled
2025-04-11 15:21:18,506 [Worker-23: Building] INFO  o.a.m.s.f.DefaultMavenResourcesFiltering - Copying 1 resource from src\main\resources to target\classes
2025-04-11 15:21:18,513 [Worker-23: Building] INFO  o.a.m.s.f.DefaultMavenResourcesFiltering - Copying 2 resources from src\main\resources to target\classes
2025-04-11 15:21:18,516 [Worker-23: Building] INFO  o.a.m.s.f.DefaultMavenResourcesFiltering - skip non existing resourceDirectory C:\Users\Rosmira\OneDrive\Documentos\PruebasBBVA\workspace\servicio-conversion-divisas\src\test\resources
2025-04-11 15:21:23,268 [Worker-20: Building] ERROR o.e.m.c.i.URLConnectionCaches - Unexpected URLConnection defaultUseCaches enabled
2025-04-11 15:21:23,271 [Worker-20: Building] INFO  o.a.m.s.f.DefaultMavenResourcesFiltering - Copying 1 resource from src\main\resources to target\classes
2025-04-11 15:21:23,277 [Worker-20: Building] INFO  o.a.m.s.f.DefaultMavenResourcesFiltering - Copying 2 resources from src\main\resources to target\classes
2025-04-11 15:21:23,279 [Worker-20: Building] INFO  o.a.m.s.f.DefaultMavenResourcesFiltering - skip non existing resourceDirectory C:\Users\Rosmira\OneDrive\Documentos\PruebasBBVA\workspace\servicio-conversion-divisas\src\test\resources
2025-04-11 15:21:39,520 [Worker-24: Building] ERROR o.e.m.c.i.URLConnectionCaches - Unexpected URLConnection defaultUseCaches enabled
2025-04-11 15:21:39,525 [Worker-24: Building] INFO  o.a.m.s.f.DefaultMavenResourcesFiltering - Copying 1 resource from src\main\resources to target\classes
2025-04-11 15:21:39,531 [Worker-24: Building] INFO  o.a.m.s.f.DefaultMavenResourcesFiltering - Copying 2 resources from src\main\resources to target\classes
2025-04-11 15:21:39,533 [Worker-24: Building] INFO  o.a.m.s.f.DefaultMavenResourcesFiltering - skip non existing resourceDirectory C:\Users\Rosmira\OneDrive\Documentos\PruebasBBVA\workspace\servicio-conversion-divisas\src\test\resources
2025-04-11 15:26:55,827 [Worker-25: Building] ERROR o.e.m.c.i.URLConnectionCaches - Unexpected URLConnection defaultUseCaches enabled
2025-04-11 15:26:55,831 [Worker-25: Building] INFO  o.a.m.s.f.DefaultMavenResourcesFiltering - Copying 1 resource from src\main\resources to target\classes
2025-04-11 15:26:55,844 [Worker-25: Building] INFO  o.a.m.s.f.DefaultMavenResourcesFiltering - Copying 2 resources from src\main\resources to target\classes
2025-04-11 15:26:55,850 [Worker-25: Building] INFO  o.a.m.s.f.DefaultMavenResourcesFiltering - skip non existing resourceDirectory C:\Users\Rosmira\OneDrive\Documentos\PruebasBBVA\workspace\servicio-conversion-divisas\src\test\resources
2025-04-11 15:27:08,690 [Worker-27: Building] ERROR o.e.m.c.i.URLConnectionCaches - Unexpected URLConnection defaultUseCaches enabled
2025-04-11 15:27:08,694 [Worker-27: Building] INFO  o.a.m.s.f.DefaultMavenResourcesFiltering - Copying 1 resource from src\main\resources to target\classes
2025-04-11 15:27:08,695 [Worker-27: Building] INFO  o.a.m.s.f.DefaultMavenResourcesFiltering - Copying 2 resources from src\main\resources to target\classes
2025-04-11 15:27:08,700 [Worker-27: Building] INFO  o.a.m.s.f.DefaultMavenResourcesFiltering - skip non existing resourceDirectory C:\Users\Rosmira\OneDrive\Documentos\PruebasBBVA\workspace\servicio-conversion-divisas\src\test\resources
2025-04-11 15:28:14,950 [Worker-3: Building] ERROR o.e.m.c.i.URLConnectionCaches - Unexpected URLConnection defaultUseCaches enabled
2025-04-11 15:28:14,954 [Worker-3: Building] INFO  o.a.m.s.f.DefaultMavenResourcesFiltering - Copying 1 resource from src\main\resources to target\classes
2025-04-11 15:28:14,962 [Worker-3: Building] INFO  o.a.m.s.f.DefaultMavenResourcesFiltering - Copying 2 resources from src\main\resources to target\classes
2025-04-11 15:28:14,965 [Worker-3: Building] INFO  o.a.m.s.f.DefaultMavenResourcesFiltering - skip non existing resourceDirectory C:\Users\Rosmira\OneDrive\Documentos\PruebasBBVA\workspace\servicio-conversion-divisas\src\test\resources
2025-04-11 15:29:07,741 [Worker-2: Building] ERROR o.e.m.c.i.URLConnectionCaches - Unexpected URLConnection defaultUseCaches enabled
2025-04-11 15:29:07,744 [Worker-2: Building] INFO  o.a.m.s.f.DefaultMavenResourcesFiltering - Copying 1 resource from src\main\resources to target\classes
2025-04-11 15:29:07,748 [Worker-2: Building] INFO  o.a.m.s.f.DefaultMavenResourcesFiltering - Copying 2 resources from src\main\resources to target\classes
2025-04-11 15:29:07,750 [Worker-2: Building] INFO  o.a.m.s.f.DefaultMavenResourcesFiltering - skip non existing resourceDirectory C:\Users\Rosmira\OneDrive\Documentos\PruebasBBVA\workspace\servicio-conversion-divisas\src\test\resources
2025-04-11 15:29:56,324 [Worker-26: Building] ERROR o.e.m.c.i.URLConnectionCaches - Unexpected URLConnection defaultUseCaches enabled
2025-04-11 15:29:56,328 [Worker-26: Building] INFO  o.a.m.s.f.DefaultMavenResourcesFiltering - Copying 1 resource from src\main\resources to target\classes
2025-04-11 15:29:56,336 [Worker-26: Building] INFO  o.a.m.s.f.DefaultMavenResourcesFiltering - Copying 2 resources from src\main\resources to target\classes
2025-04-11 15:29:56,339 [Worker-26: Building] INFO  o.a.m.s.f.DefaultMavenResourcesFiltering - skip non existing resourceDirectory C:\Users\Rosmira\OneDrive\Documentos\PruebasBBVA\workspace\servicio-conversion-divisas\src\test\resources
2025-04-11 15:31:13,640 [Worker-2: Building] ERROR o.e.m.c.i.URLConnectionCaches - Unexpected URLConnection defaultUseCaches enabled
2025-04-11 15:31:13,643 [Worker-2: Building] INFO  o.a.m.s.f.DefaultMavenResourcesFiltering - Copying 1 resource from src\main\resources to target\classes
2025-04-11 15:31:13,652 [Worker-2: Building] INFO  o.a.m.s.f.DefaultMavenResourcesFiltering - Copying 2 resources from src\main\resources to target\classes
2025-04-11 15:31:13,654 [Worker-2: Building] INFO  o.a.m.s.f.DefaultMavenResourcesFiltering - skip non existing resourceDirectory C:\Users\Rosmira\OneDrive\Documentos\PruebasBBVA\workspace\servicio-conversion-divisas\src\test\resources
2025-04-11 15:31:24,627 [Worker-23: Building] ERROR o.e.m.c.i.URLConnectionCaches - Unexpected URLConnection defaultUseCaches enabled
2025-04-11 15:31:24,631 [Worker-23: Building] INFO  o.a.m.s.f.DefaultMavenResourcesFiltering - Copying 1 resource from src\main\resources to target\classes
2025-04-11 15:31:24,635 [Worker-23: Building] INFO  o.a.m.s.f.DefaultMavenResourcesFiltering - Copying 2 resources from src\main\resources to target\classes
2025-04-11 15:31:24,637 [Worker-23: Building] INFO  o.a.m.s.f.DefaultMavenResourcesFiltering - skip non existing resourceDirectory C:\Users\Rosmira\OneDrive\Documentos\PruebasBBVA\workspace\servicio-conversion-divisas\src\test\resources
2025-04-11 15:32:22,436 [Worker-5: Building] ERROR o.e.m.c.i.URLConnectionCaches - Unexpected URLConnection defaultUseCaches enabled
2025-04-11 15:32:22,439 [Worker-5: Building] INFO  o.a.m.s.f.DefaultMavenResourcesFiltering - Copying 1 resource from src\main\resources to target\classes
2025-04-11 15:32:22,445 [Worker-5: Building] INFO  o.a.m.s.f.DefaultMavenResourcesFiltering - Copying 2 resources from src\main\resources to target\classes
2025-04-11 15:32:22,447 [Worker-5: Building] INFO  o.a.m.s.f.DefaultMavenResourcesFiltering - skip non existing resourceDirectory C:\Users\Rosmira\OneDrive\Documentos\PruebasBBVA\workspace\servicio-conversion-divisas\src\test\resources
2025-04-11 15:33:18,562 [Worker-20: Building] ERROR o.e.m.c.i.URLConnectionCaches - Unexpected URLConnection defaultUseCaches enabled
2025-04-11 15:33:18,566 [Worker-20: Building] INFO  o.a.m.s.f.DefaultMavenResourcesFiltering - Copying 1 resource from src\main\resources to target\classes
2025-04-11 15:33:18,572 [Worker-20: Building] INFO  o.a.m.s.f.DefaultMavenResourcesFiltering - Copying 2 resources from src\main\resources to target\classes
2025-04-11 15:33:18,574 [Worker-20: Building] INFO  o.a.m.s.f.DefaultMavenResourcesFiltering - skip non existing resourceDirectory C:\Users\Rosmira\OneDrive\Documentos\PruebasBBVA\workspace\servicio-conversion-divisas\src\test\resources
2025-04-11 15:35:18,808 [Worker-22: Building] ERROR o.e.m.c.i.URLConnectionCaches - Unexpected URLConnection defaultUseCaches enabled
2025-04-11 15:35:18,812 [Worker-22: Building] INFO  o.a.m.s.f.DefaultMavenResourcesFiltering - Copying 1 resource from src\main\resources to target\classes
2025-04-11 15:35:18,816 [Worker-22: Building] INFO  o.a.m.s.f.DefaultMavenResourcesFiltering - Copying 2 resources from src\main\resources to target\classes
2025-04-11 15:35:18,818 [Worker-22: Building] INFO  o.a.m.s.f.DefaultMavenResourcesFiltering - skip non existing resourceDirectory C:\Users\Rosmira\OneDrive\Documentos\PruebasBBVA\workspace\servicio-conversion-divisas\src\test\resources
2025-04-11 15:42:32,639 [Worker-5: Building] ERROR o.e.m.c.i.URLConnectionCaches - Unexpected URLConnection defaultUseCaches enabled
2025-04-11 15:42:32,643 [Worker-5: Building] INFO  o.a.m.s.f.DefaultMavenResourcesFiltering - Copying 1 resource from src\main\resources to target\classes
2025-04-11 15:42:32,649 [Worker-5: Building] INFO  o.a.m.s.f.DefaultMavenResourcesFiltering - Copying 2 resources from src\main\resources to target\classes
2025-04-11 15:42:32,652 [Worker-5: Building] INFO  o.a.m.s.f.DefaultMavenResourcesFiltering - skip non existing resourceDirectory C:\Users\Rosmira\OneDrive\Documentos\PruebasBBVA\workspace\servicio-conversion-divisas\src\test\resources
2025-04-11 15:42:59,897 [Worker-28: Building] ERROR o.e.m.c.i.URLConnectionCaches - Unexpected URLConnection defaultUseCaches enabled
2025-04-11 15:42:59,906 [Worker-28: Building] INFO  o.a.m.s.f.DefaultMavenResourcesFiltering - Copying 1 resource from src\main\resources to target\classes
2025-04-11 15:42:59,912 [Worker-28: Building] INFO  o.a.m.s.f.DefaultMavenResourcesFiltering - Copying 2 resources from src\main\resources to target\classes
2025-04-11 15:42:59,914 [Worker-28: Building] INFO  o.a.m.s.f.DefaultMavenResourcesFiltering - skip non existing resourceDirectory C:\Users\Rosmira\OneDrive\Documentos\PruebasBBVA\workspace\servicio-conversion-divisas\src\test\resources
2025-04-11 15:43:18,891 [Worker-28: Building] ERROR o.e.m.c.i.URLConnectionCaches - Unexpected URLConnection defaultUseCaches enabled
2025-04-11 15:43:19,645 [Worker-28: Building] INFO  o.e.m.c.i.l.LifecycleMappingFactory - Using org.eclipse.m2e.jdt.JarLifecycleMapping lifecycle mapping for MavenProject: com.bbva.servicioconversiondivisas:servicio-conversion-divisas:0.0.1-SNAPSHOT @ C:\Users\Rosmira\OneDrive\Documentos\PruebasBBVA\workspace\servicio-conversion-divisas\pom.xml.
2025-04-11 15:43:20,108 [Worker-28: Building] INFO  o.e.m.c.i.p.WorkspaceClassifierResolverManager - Resolving P/servicio-autenticacion: com.bbva.servicioautenticacion:servicio-autenticacion:0.0.1-SNAPSHOT with classifier  to /servicio-autenticacion/target/classes
2025-04-11 15:43:20,330 [Worker-28: Building] ERROR o.e.m.c.i.URLConnectionCaches - Unexpected URLConnection defaultUseCaches enabled
2025-04-11 15:43:20,441 [Worker-28: Building] INFO  o.a.m.s.f.DefaultMavenResourcesFiltering - Copying 0 resource from src\main\resources to target\classes
2025-04-11 15:43:20,444 [Worker-28: Building] INFO  o.a.m.s.f.DefaultMavenResourcesFiltering - Copying 0 resource from src\main\resources to target\classes
2025-04-11 15:43:20,450 [Worker-28: Building] INFO  o.a.m.s.f.DefaultMavenResourcesFiltering - skip non existing resourceDirectory C:\Users\Rosmira\OneDrive\Documentos\PruebasBBVA\workspace\servicio-conversion-divisas\src\test\resources
2025-04-11 15:43:21,764 [Worker-28: Building] ERROR o.e.m.c.i.URLConnectionCaches - Unexpected URLConnection defaultUseCaches enabled
2025-04-11 15:43:21,770 [Worker-28: Building] INFO  o.a.m.s.f.DefaultMavenResourcesFiltering - Copying 1 resource from src\main\resources to target\classes
2025-04-11 15:43:21,786 [Worker-28: Building] INFO  o.a.m.s.f.DefaultMavenResourcesFiltering - Copying 2 resources from src\main\resources to target\classes
2025-04-11 15:43:21,794 [Worker-28: Building] INFO  o.a.m.s.f.DefaultMavenResourcesFiltering - skip non existing resourceDirectory C:\Users\Rosmira\OneDrive\Documentos\PruebasBBVA\workspace\servicio-conversion-divisas\src\test\resources
2025-04-11 15:44:52,903 [Worker-22: Building] ERROR o.e.m.c.i.URLConnectionCaches - Unexpected URLConnection defaultUseCaches enabled
2025-04-11 15:44:52,907 [Worker-22: Building] INFO  o.a.m.s.f.DefaultMavenResourcesFiltering - Copying 1 resource from src\main\resources to target\classes
2025-04-11 15:44:52,912 [Worker-22: Building] INFO  o.a.m.s.f.DefaultMavenResourcesFiltering - Copying 2 resources from src\main\resources to target\classes
2025-04-11 15:44:52,914 [Worker-22: Building] INFO  o.a.m.s.f.DefaultMavenResourcesFiltering - skip non existing resourceDirectory C:\Users\Rosmira\OneDrive\Documentos\PruebasBBVA\workspace\servicio-conversion-divisas\src\test\resources
2025-04-11 15:45:06,970 [Worker-20: Building] ERROR o.e.m.c.i.URLConnectionCaches - Unexpected URLConnection defaultUseCaches enabled
2025-04-11 15:45:06,973 [Worker-20: Building] INFO  o.a.m.s.f.DefaultMavenResourcesFiltering - Copying 1 resource from src\main\resources to target\classes
2025-04-11 15:45:06,978 [Worker-20: Building] INFO  o.a.m.s.f.DefaultMavenResourcesFiltering - Copying 2 resources from src\main\resources to target\classes
2025-04-11 15:45:06,980 [Worker-20: Building] INFO  o.a.m.s.f.DefaultMavenResourcesFiltering - skip non existing resourceDirectory C:\Users\Rosmira\OneDrive\Documentos\PruebasBBVA\workspace\servicio-conversion-divisas\src\test\resources
2025-04-11 15:45:23,806 [Worker-3: Building] ERROR o.e.m.c.i.URLConnectionCaches - Unexpected URLConnection defaultUseCaches enabled
2025-04-11 15:45:23,809 [Worker-3: Building] INFO  o.a.m.s.f.DefaultMavenResourcesFiltering - Copying 1 resource from src\main\resources to target\classes
2025-04-11 15:45:23,813 [Worker-3: Building] INFO  o.a.m.s.f.DefaultMavenResourcesFiltering - Copying 2 resources from src\main\resources to target\classes
2025-04-11 15:45:23,815 [Worker-3: Building] INFO  o.a.m.s.f.DefaultMavenResourcesFiltering - skip non existing resourceDirectory C:\Users\Rosmira\OneDrive\Documentos\PruebasBBVA\workspace\servicio-conversion-divisas\src\test\resources
2025-04-11 15:46:06,060 [Worker-26: Building] ERROR o.e.m.c.i.URLConnectionCaches - Unexpected URLConnection defaultUseCaches enabled
2025-04-11 15:46:06,063 [Worker-26: Building] INFO  o.a.m.s.f.DefaultMavenResourcesFiltering - Copying 1 resource from src\main\resources to target\classes
2025-04-11 15:46:06,067 [Worker-26: Building] INFO  o.a.m.s.f.DefaultMavenResourcesFiltering - Copying 2 resources from src\main\resources to target\classes
2025-04-11 15:46:06,069 [Worker-26: Building] INFO  o.a.m.s.f.DefaultMavenResourcesFiltering - skip non existing resourceDirectory C:\Users\Rosmira\OneDrive\Documentos\PruebasBBVA\workspace\servicio-conversion-divisas\src\test\resources
2025-04-11 15:46:17,082 [Worker-25: Building] ERROR o.e.m.c.i.URLConnectionCaches - Unexpected URLConnection defaultUseCaches enabled
2025-04-11 15:46:17,085 [Worker-25: Building] INFO  o.a.m.s.f.DefaultMavenResourcesFiltering - Copying 1 resource from src\main\resources to target\classes
2025-04-11 15:46:17,089 [Worker-25: Building] INFO  o.a.m.s.f.DefaultMavenResourcesFiltering - Copying 2 resources from src\main\resources to target\classes
2025-04-11 15:46:17,091 [Worker-25: Building] INFO  o.a.m.s.f.DefaultMavenResourcesFiltering - skip non existing resourceDirectory C:\Users\Rosmira\OneDrive\Documentos\PruebasBBVA\workspace\servicio-conversion-divisas\src\test\resources
2025-04-11 15:46:58,296 [Worker-22: Building] ERROR o.e.m.c.i.URLConnectionCaches - Unexpected URLConnection defaultUseCaches enabled
2025-04-11 15:46:58,301 [Worker-22: Building] INFO  o.a.m.s.f.DefaultMavenResourcesFiltering - Copying 1 resource from src\main\resources to target\classes
2025-04-11 15:46:58,305 [Worker-22: Building] INFO  o.a.m.s.f.DefaultMavenResourcesFiltering - Copying 2 resources from src\main\resources to target\classes
2025-04-11 15:46:58,307 [Worker-22: Building] INFO  o.a.m.s.f.DefaultMavenResourcesFiltering - skip non existing resourceDirectory C:\Users\Rosmira\OneDrive\Documentos\PruebasBBVA\workspace\servicio-conversion-divisas\src\test\resources
2025-04-11 15:55:35,826 [Worker-26: Building] ERROR o.e.m.c.i.URLConnectionCaches - Unexpected URLConnection defaultUseCaches enabled
2025-04-11 15:55:35,830 [Worker-26: Building] INFO  o.a.m.s.f.DefaultMavenResourcesFiltering - Copying 1 resource from src\main\resources to target\classes
2025-04-11 15:55:35,836 [Worker-26: Building] INFO  o.a.m.s.f.DefaultMavenResourcesFiltering - Copying 0 resource from src\main\resources to target\classes
2025-04-11 15:55:35,838 [Worker-26: Building] INFO  o.a.m.s.f.DefaultMavenResourcesFiltering - skip non existing resourceDirectory C:\Users\Rosmira\OneDrive\Documentos\PruebasBBVA\workspace\servicio-autenticacion\src\test\resources
2025-04-11 15:56:16,295 [Worker-28: Building] ERROR o.e.m.c.i.URLConnectionCaches - Unexpected URLConnection defaultUseCaches enabled
2025-04-11 15:56:16,298 [Worker-28: Building] INFO  o.a.m.s.f.DefaultMavenResourcesFiltering - Copying 1 resource from src\main\resources to target\classes
2025-04-11 15:56:16,304 [Worker-28: Building] INFO  o.a.m.s.f.DefaultMavenResourcesFiltering - Copying 2 resources from src\main\resources to target\classes
2025-04-11 15:56:16,306 [Worker-28: Building] INFO  o.a.m.s.f.DefaultMavenResourcesFiltering - skip non existing resourceDirectory C:\Users\Rosmira\OneDrive\Documentos\PruebasBBVA\workspace\servicio-conversion-divisas\src\test\resources
2025-04-11 15:57:13,723 [Worker-23: Launching servicio-conversion-divisas - ServicioConversionDivisasApplication] INFO  o.e.m.c.i.p.WorkspaceClassifierResolverManager - Resolving P/servicio-autenticacion: com.bbva.servicioautenticacion:servicio-autenticacion:0.0.1-SNAPSHOT with classifier null to /servicio-autenticacion/target/classes
2025-04-11 15:57:13,780 [Worker-23: Launching servicio-conversion-divisas - ServicioConversionDivisasApplication] INFO  o.e.m.c.i.p.WorkspaceClassifierResolverManager - Resolving P/servicio-autenticacion: com.bbva.servicioautenticacion:servicio-autenticacion:0.0.1-SNAPSHOT with classifier null to /servicio-autenticacion/target/classes
2025-04-11 15:57:13,831 [Worker-23: Launching servicio-conversion-divisas - ServicioConversionDivisasApplication] INFO  o.e.m.c.i.p.WorkspaceClassifierResolverManager - Resolving P/servicio-autenticacion: com.bbva.servicioautenticacion:servicio-autenticacion:0.0.1-SNAPSHOT with classifier null to /servicio-autenticacion/target/classes
2025-04-11 15:57:34,381 [Worker-22: Building] ERROR o.e.m.c.i.URLConnectionCaches - Unexpected URLConnection defaultUseCaches enabled
2025-04-11 15:57:34,385 [Worker-22: Building] INFO  o.a.m.s.f.DefaultMavenResourcesFiltering - Copying 1 resource from src\main\resources to target\classes
2025-04-11 15:57:34,389 [Worker-22: Building] INFO  o.a.m.s.f.DefaultMavenResourcesFiltering - Copying 2 resources from src\main\resources to target\classes
2025-04-11 15:57:34,392 [Worker-22: Building] INFO  o.a.m.s.f.DefaultMavenResourcesFiltering - skip non existing resourceDirectory C:\Users\Rosmira\OneDrive\Documentos\PruebasBBVA\workspace\servicio-conversion-divisas\src\test\resources
2025-04-11 15:57:47,844 [Worker-28: Building] ERROR o.e.m.c.i.URLConnectionCaches - Unexpected URLConnection defaultUseCaches enabled
2025-04-11 15:57:47,847 [Worker-28: Building] INFO  o.a.m.s.f.DefaultMavenResourcesFiltering - Copying 1 resource from src\main\resources to target\classes
2025-04-11 15:57:47,853 [Worker-28: Building] INFO  o.a.m.s.f.DefaultMavenResourcesFiltering - Copying 2 resources from src\main\resources to target\classes
2025-04-11 15:57:47,855 [Worker-28: Building] INFO  o.a.m.s.f.DefaultMavenResourcesFiltering - skip non existing resourceDirectory C:\Users\Rosmira\OneDrive\Documentos\PruebasBBVA\workspace\servicio-conversion-divisas\src\test\resources
2025-04-11 15:58:03,178 [Worker-21: Launching servicio-conversion-divisas - ServicioConversionDivisasApplication] INFO  o.e.m.c.i.p.WorkspaceClassifierResolverManager - Resolving P/servicio-autenticacion: com.bbva.servicioautenticacion:servicio-autenticacion:0.0.1-SNAPSHOT with classifier null to /servicio-autenticacion/target/classes
2025-04-11 15:58:03,232 [Worker-21: Launching servicio-conversion-divisas - ServicioConversionDivisasApplication] INFO  o.e.m.c.i.p.WorkspaceClassifierResolverManager - Resolving P/servicio-autenticacion: com.bbva.servicioautenticacion:servicio-autenticacion:0.0.1-SNAPSHOT with classifier null to /servicio-autenticacion/target/classes
2025-04-11 15:58:03,281 [Worker-21: Launching servicio-conversion-divisas - ServicioConversionDivisasApplication] INFO  o.e.m.c.i.p.WorkspaceClassifierResolverManager - Resolving P/servicio-autenticacion: com.bbva.servicioautenticacion:servicio-autenticacion:0.0.1-SNAPSHOT with classifier null to /servicio-autenticacion/target/classes
2025-04-11 15:59:03,748 [Worker-27: Building] ERROR o.e.m.c.i.URLConnectionCaches - Unexpected URLConnection defaultUseCaches enabled
2025-04-11 15:59:03,752 [Worker-27: Building] INFO  o.a.m.s.f.DefaultMavenResourcesFiltering - Copying 1 resource from src\main\resources to target\classes
2025-04-11 15:59:03,755 [Worker-27: Building] INFO  o.a.m.s.f.DefaultMavenResourcesFiltering - Copying 0 resource from src\main\resources to target\classes
2025-04-11 15:59:03,757 [Worker-27: Building] INFO  o.a.m.s.f.DefaultMavenResourcesFiltering - skip non existing resourceDirectory C:\Users\Rosmira\OneDrive\Documentos\PruebasBBVA\workspace\servicio-autenticacion\src\test\resources
2025-04-11 16:00:40,334 [Worker-29: Building] ERROR o.e.m.c.i.URLConnectionCaches - Unexpected URLConnection defaultUseCaches enabled
2025-04-11 16:00:40,340 [Worker-29: Building] INFO  o.a.m.s.f.DefaultMavenResourcesFiltering - Copying 1 resource from src\main\resources to target\classes
2025-04-11 16:00:40,347 [Worker-29: Building] INFO  o.a.m.s.f.DefaultMavenResourcesFiltering - Copying 2 resources from src\main\resources to target\classes
2025-04-11 16:00:40,348 [Worker-29: Building] INFO  o.a.m.s.f.DefaultMavenResourcesFiltering - skip non existing resourceDirectory C:\Users\Rosmira\OneDrive\Documentos\PruebasBBVA\workspace\servicio-conversion-divisas\src\test\resources
2025-04-11 16:00:55,158 [Worker-26: Launching servicio-conversion-divisas - ServicioConversionDivisasApplication] INFO  o.e.m.c.i.p.WorkspaceClassifierResolverManager - Resolving P/servicio-autenticacion: com.bbva.servicioautenticacion:servicio-autenticacion:0.0.1-SNAPSHOT with classifier null to /servicio-autenticacion/target/classes
2025-04-11 16:00:55,205 [Worker-26: Launching servicio-conversion-divisas - ServicioConversionDivisasApplication] INFO  o.e.m.c.i.p.WorkspaceClassifierResolverManager - Resolving P/servicio-autenticacion: com.bbva.servicioautenticacion:servicio-autenticacion:0.0.1-SNAPSHOT with classifier null to /servicio-autenticacion/target/classes
2025-04-11 16:00:55,251 [Worker-26: Launching servicio-conversion-divisas - ServicioConversionDivisasApplication] INFO  o.e.m.c.i.p.WorkspaceClassifierResolverManager - Resolving P/servicio-autenticacion: com.bbva.servicioautenticacion:servicio-autenticacion:0.0.1-SNAPSHOT with classifier null to /servicio-autenticacion/target/classes
2025-04-11 16:01:59,078 [Worker-5: Building] ERROR o.e.m.c.i.URLConnectionCaches - Unexpected URLConnection defaultUseCaches enabled
2025-04-11 16:01:59,082 [Worker-5: Building] INFO  o.a.m.s.f.DefaultMavenResourcesFiltering - Copying 1 resource from src\main\resources to target\classes
2025-04-11 16:01:59,088 [Worker-5: Building] INFO  o.a.m.s.f.DefaultMavenResourcesFiltering - Copying 2 resources from src\main\resources to target\classes
2025-04-11 16:01:59,091 [Worker-5: Building] INFO  o.a.m.s.f.DefaultMavenResourcesFiltering - skip non existing resourceDirectory C:\Users\Rosmira\OneDrive\Documentos\PruebasBBVA\workspace\servicio-conversion-divisas\src\test\resources
2025-04-11 16:02:14,754 [Worker-20: Building] ERROR o.e.m.c.i.URLConnectionCaches - Unexpected URLConnection defaultUseCaches enabled
2025-04-11 16:02:14,761 [Worker-20: Building] INFO  o.a.m.s.f.DefaultMavenResourcesFiltering - Copying 1 resource from src\main\resources to target\classes
2025-04-11 16:02:14,774 [Worker-20: Building] INFO  o.a.m.s.f.DefaultMavenResourcesFiltering - Copying 2 resources from src\main\resources to target\classes
2025-04-11 16:02:14,780 [Worker-20: Building] INFO  o.a.m.s.f.DefaultMavenResourcesFiltering - skip non existing resourceDirectory C:\Users\Rosmira\OneDrive\Documentos\PruebasBBVA\workspace\servicio-conversion-divisas\src\test\resources
2025-04-11 16:02:53,525 [Worker-29: Launching servicio-conversion-divisas - ServicioConversionDivisasApplication] INFO  o.e.m.c.i.p.WorkspaceClassifierResolverManager - Resolving P/servicio-autenticacion: com.bbva.servicioautenticacion:servicio-autenticacion:0.0.1-SNAPSHOT with classifier null to /servicio-autenticacion/target/classes
2025-04-11 16:02:53,573 [Worker-29: Launching servicio-conversion-divisas - ServicioConversionDivisasApplication] INFO  o.e.m.c.i.p.WorkspaceClassifierResolverManager - Resolving P/servicio-autenticacion: com.bbva.servicioautenticacion:servicio-autenticacion:0.0.1-SNAPSHOT with classifier null to /servicio-autenticacion/target/classes
2025-04-11 16:02:53,650 [Worker-29: Launching servicio-conversion-divisas - ServicioConversionDivisasApplication] INFO  o.e.m.c.i.p.WorkspaceClassifierResolverManager - Resolving P/servicio-autenticacion: com.bbva.servicioautenticacion:servicio-autenticacion:0.0.1-SNAPSHOT with classifier null to /servicio-autenticacion/target/classes
2025-04-11 16:05:32,935 [Worker-30: Building] ERROR o.e.m.c.i.URLConnectionCaches - Unexpected URLConnection defaultUseCaches enabled
2025-04-11 16:05:32,944 [Worker-30: Building] INFO  o.a.m.s.f.DefaultMavenResourcesFiltering - Copying 1 resource from src\main\resources to target\classes
2025-04-11 16:05:32,955 [Worker-30: Building] INFO  o.a.m.s.f.DefaultMavenResourcesFiltering - Copying 2 resources from src\main\resources to target\classes
2025-04-11 16:05:32,959 [Worker-30: Building] INFO  o.a.m.s.f.DefaultMavenResourcesFiltering - skip non existing resourceDirectory C:\Users\Rosmira\OneDrive\Documentos\PruebasBBVA\workspace\servicio-conversion-divisas\src\test\resources
2025-04-11 16:10:13,252 [Worker-5: Building] ERROR o.e.m.c.i.URLConnectionCaches - Unexpected URLConnection defaultUseCaches enabled
2025-04-11 16:10:13,256 [Worker-5: Building] INFO  o.a.m.s.f.DefaultMavenResourcesFiltering - Copying 1 resource from src\main\resources to target\classes
2025-04-11 16:10:13,261 [Worker-5: Building] INFO  o.a.m.s.f.DefaultMavenResourcesFiltering - Copying 2 resources from src\main\resources to target\classes
2025-04-11 16:10:13,263 [Worker-5: Building] INFO  o.a.m.s.f.DefaultMavenResourcesFiltering - skip non existing resourceDirectory C:\Users\Rosmira\OneDrive\Documentos\PruebasBBVA\workspace\servicio-conversion-divisas\src\test\resources
2025-04-11 16:10:29,952 [Worker-25: Building] ERROR o.e.m.c.i.URLConnectionCaches - Unexpected URLConnection defaultUseCaches enabled
2025-04-11 16:10:29,955 [Worker-25: Building] INFO  o.a.m.s.f.DefaultMavenResourcesFiltering - Copying 1 resource from src\main\resources to target\classes
2025-04-11 16:10:29,958 [Worker-25: Building] INFO  o.a.m.s.f.DefaultMavenResourcesFiltering - Copying 2 resources from src\main\resources to target\classes
2025-04-11 16:10:29,960 [Worker-25: Building] INFO  o.a.m.s.f.DefaultMavenResourcesFiltering - skip non existing resourceDirectory C:\Users\Rosmira\OneDrive\Documentos\PruebasBBVA\workspace\servicio-conversion-divisas\src\test\resources
2025-04-11 16:22:57,128 [Worker-23: Building] ERROR o.e.m.c.i.URLConnectionCaches - Unexpected URLConnection defaultUseCaches enabled
2025-04-11 16:22:57,134 [Worker-23: Building] INFO  o.a.m.s.f.DefaultMavenResourcesFiltering - Copying 1 resource from src\main\resources to target\classes
2025-04-11 16:22:57,140 [Worker-23: Building] INFO  o.a.m.s.f.DefaultMavenResourcesFiltering - Copying 2 resources from src\main\resources to target\classes
2025-04-11 16:22:57,142 [Worker-23: Building] INFO  o.a.m.s.f.DefaultMavenResourcesFiltering - skip non existing resourceDirectory C:\Users\Rosmira\OneDrive\Documentos\PruebasBBVA\workspace\servicio-conversion-divisas\src\test\resources
2025-04-11 16:24:14,519 [Worker-27: Building] ERROR o.e.m.c.i.URLConnectionCaches - Unexpected URLConnection defaultUseCaches enabled
2025-04-11 16:24:14,522 [Worker-27: Building] INFO  o.a.m.s.f.DefaultMavenResourcesFiltering - Copying 1 resource from src\main\resources to target\classes
2025-04-11 16:24:14,528 [Worker-27: Building] INFO  o.a.m.s.f.DefaultMavenResourcesFiltering - Copying 2 resources from src\main\resources to target\classes
2025-04-11 16:24:14,530 [Worker-27: Building] INFO  o.a.m.s.f.DefaultMavenResourcesFiltering - skip non existing resourceDirectory C:\Users\Rosmira\OneDrive\Documentos\PruebasBBVA\workspace\servicio-conversion-divisas\src\test\resources
2025-04-11 16:25:01,575 [Worker-29: Building] ERROR o.e.m.c.i.URLConnectionCaches - Unexpected URLConnection defaultUseCaches enabled
2025-04-11 16:25:01,578 [Worker-29: Building] INFO  o.a.m.s.f.DefaultMavenResourcesFiltering - Copying 1 resource from src\main\resources to target\classes
2025-04-11 16:25:01,582 [Worker-29: Building] INFO  o.a.m.s.f.DefaultMavenResourcesFiltering - Copying 2 resources from src\main\resources to target\classes
2025-04-11 16:25:01,584 [Worker-29: Building] INFO  o.a.m.s.f.DefaultMavenResourcesFiltering - skip non existing resourceDirectory C:\Users\Rosmira\OneDrive\Documentos\PruebasBBVA\workspace\servicio-conversion-divisas\src\test\resources
2025-04-11 16:26:47,430 [Worker-26: Building] ERROR o.e.m.c.i.URLConnectionCaches - Unexpected URLConnection defaultUseCaches enabled
2025-04-11 16:26:47,434 [Worker-26: Building] INFO  o.a.m.s.f.DefaultMavenResourcesFiltering - Copying 1 resource from src\main\resources to target\classes
2025-04-11 16:26:47,438 [Worker-26: Building] INFO  o.a.m.s.f.DefaultMavenResourcesFiltering - Copying 2 resources from src\main\resources to target\classes
2025-04-11 16:26:47,440 [Worker-26: Building] INFO  o.a.m.s.f.DefaultMavenResourcesFiltering - skip non existing resourceDirectory C:\Users\Rosmira\OneDrive\Documentos\PruebasBBVA\workspace\servicio-conversion-divisas\src\test\resources
2025-04-11 16:29:35,594 [Worker-8: Building] ERROR o.e.m.c.i.URLConnectionCaches - Unexpected URLConnection defaultUseCaches enabled
2025-04-11 16:29:35,597 [Worker-8: Building] INFO  o.a.m.s.f.DefaultMavenResourcesFiltering - Copying 1 resource from src\main\resources to target\classes
2025-04-11 16:29:35,603 [Worker-8: Building] INFO  o.a.m.s.f.DefaultMavenResourcesFiltering - Copying 2 resources from src\main\resources to target\classes
2025-04-11 16:29:35,605 [Worker-8: Building] INFO  o.a.m.s.f.DefaultMavenResourcesFiltering - skip non existing resourceDirectory C:\Users\Rosmira\OneDrive\Documentos\PruebasBBVA\workspace\servicio-conversion-divisas\src\test\resources
2025-04-11 16:29:45,050 [Worker-3: Launching servicio-conversion-divisas - ServicioConversionDivisasApplication] INFO  o.e.m.c.i.p.WorkspaceClassifierResolverManager - Resolving P/servicio-autenticacion: com.bbva.servicioautenticacion:servicio-autenticacion:0.0.1-SNAPSHOT with classifier null to /servicio-autenticacion/target/classes
2025-04-11 16:29:45,102 [Worker-3: Launching servicio-conversion-divisas - ServicioConversionDivisasApplication] INFO  o.e.m.c.i.p.WorkspaceClassifierResolverManager - Resolving P/servicio-autenticacion: com.bbva.servicioautenticacion:servicio-autenticacion:0.0.1-SNAPSHOT with classifier null to /servicio-autenticacion/target/classes
2025-04-11 16:29:45,151 [Worker-3: Launching servicio-conversion-divisas - ServicioConversionDivisasApplication] INFO  o.e.m.c.i.p.WorkspaceClassifierResolverManager - Resolving P/servicio-autenticacion: com.bbva.servicioautenticacion:servicio-autenticacion:0.0.1-SNAPSHOT with classifier null to /servicio-autenticacion/target/classes
2025-04-11 16:33:33,061 [Worker-26: Launching servicio-conversion-divisas - ServicioConversionDivisasApplication] INFO  o.e.m.c.i.p.WorkspaceClassifierResolverManager - Resolving P/servicio-autenticacion: com.bbva.servicioautenticacion:servicio-autenticacion:0.0.1-SNAPSHOT with classifier null to /servicio-autenticacion/target/classes
2025-04-11 16:33:33,110 [Worker-26: Launching servicio-conversion-divisas - ServicioConversionDivisasApplication] INFO  o.e.m.c.i.p.WorkspaceClassifierResolverManager - Resolving P/servicio-autenticacion: com.bbva.servicioautenticacion:servicio-autenticacion:0.0.1-SNAPSHOT with classifier null to /servicio-autenticacion/target/classes
2025-04-11 16:33:33,163 [Worker-26: Launching servicio-conversion-divisas - ServicioConversionDivisasApplication] INFO  o.e.m.c.i.p.WorkspaceClassifierResolverManager - Resolving P/servicio-autenticacion: com.bbva.servicioautenticacion:servicio-autenticacion:0.0.1-SNAPSHOT with classifier null to /servicio-autenticacion/target/classes
2025-04-11 16:38:12,381 [Worker-3: Building] ERROR o.e.m.c.i.URLConnectionCaches - Unexpected URLConnection defaultUseCaches enabled
2025-04-11 16:38:12,387 [Worker-3: Building] INFO  o.a.m.s.f.DefaultMavenResourcesFiltering - Copying 1 resource from src\main\resources to target\classes
2025-04-11 16:38:12,395 [Worker-3: Building] INFO  o.a.m.s.f.DefaultMavenResourcesFiltering - Copying 2 resources from src\main\resources to target\classes
2025-04-11 16:38:12,397 [Worker-3: Building] INFO  o.a.m.s.f.DefaultMavenResourcesFiltering - skip non existing resourceDirectory C:\Users\Rosmira\OneDrive\Documentos\PruebasBBVA\workspace\servicio-conversion-divisas\src\test\resources
2025-04-11 16:38:28,280 [Worker-21: Building] ERROR o.e.m.c.i.URLConnectionCaches - Unexpected URLConnection defaultUseCaches enabled
2025-04-11 16:38:28,283 [Worker-21: Building] INFO  o.a.m.s.f.DefaultMavenResourcesFiltering - Copying 1 resource from src\main\resources to target\classes
2025-04-11 16:38:28,291 [Worker-21: Building] INFO  o.a.m.s.f.DefaultMavenResourcesFiltering - Copying 2 resources from src\main\resources to target\classes
2025-04-11 16:38:28,293 [Worker-21: Building] INFO  o.a.m.s.f.DefaultMavenResourcesFiltering - skip non existing resourceDirectory C:\Users\Rosmira\OneDrive\Documentos\PruebasBBVA\workspace\servicio-conversion-divisas\src\test\resources
2025-04-11 16:39:56,643 [Worker-3: Launching ContextLoadTest] INFO  o.e.m.c.i.p.WorkspaceClassifierResolverManager - Resolving P/servicio-autenticacion: com.bbva.servicioautenticacion:servicio-autenticacion:0.0.1-SNAPSHOT with classifier null to /servicio-autenticacion/target/classes
2025-04-11 16:39:56,800 [Worker-3: Launching ContextLoadTest] INFO  o.e.m.c.i.p.WorkspaceClassifierResolverManager - Resolving P/servicio-autenticacion: com.bbva.servicioautenticacion:servicio-autenticacion:0.0.1-SNAPSHOT with classifier null to /servicio-autenticacion/target/classes
2025-04-11 16:39:56,876 [Worker-3: Launching ContextLoadTest] INFO  o.e.m.c.i.p.WorkspaceClassifierResolverManager - Resolving P/servicio-autenticacion: com.bbva.servicioautenticacion:servicio-autenticacion:0.0.1-SNAPSHOT with classifier null to /servicio-autenticacion/target/classes
2025-04-11 16:40:13,212 [Worker-27: Launching ServicioConversionDivisasApplicationTests] INFO  o.e.m.c.i.p.WorkspaceClassifierResolverManager - Resolving P/servicio-autenticacion: com.bbva.servicioautenticacion:servicio-autenticacion:0.0.1-SNAPSHOT with classifier null to /servicio-autenticacion/target/classes
2025-04-11 16:40:13,351 [Worker-27: Launching ServicioConversionDivisasApplicationTests] INFO  o.e.m.c.i.p.WorkspaceClassifierResolverManager - Resolving P/servicio-autenticacion: com.bbva.servicioautenticacion:servicio-autenticacion:0.0.1-SNAPSHOT with classifier null to /servicio-autenticacion/target/classes
2025-04-11 16:40:13,418 [Worker-27: Launching ServicioConversionDivisasApplicationTests] INFO  o.e.m.c.i.p.WorkspaceClassifierResolverManager - Resolving P/servicio-autenticacion: com.bbva.servicioautenticacion:servicio-autenticacion:0.0.1-SNAPSHOT with classifier null to /servicio-autenticacion/target/classes
2025-04-11 16:40:41,052 [Worker-27: Launching ConvertirDivisasControllerTest] INFO  o.e.m.c.i.p.WorkspaceClassifierResolverManager - Resolving P/servicio-autenticacion: com.bbva.servicioautenticacion:servicio-autenticacion:0.0.1-SNAPSHOT with classifier null to /servicio-autenticacion/target/classes
2025-04-11 16:40:41,184 [Worker-27: Launching ConvertirDivisasControllerTest] INFO  o.e.m.c.i.p.WorkspaceClassifierResolverManager - Resolving P/servicio-autenticacion: com.bbva.servicioautenticacion:servicio-autenticacion:0.0.1-SNAPSHOT with classifier null to /servicio-autenticacion/target/classes
2025-04-11 16:40:41,252 [Worker-27: Launching ConvertirDivisasControllerTest] INFO  o.e.m.c.i.p.WorkspaceClassifierResolverManager - Resolving P/servicio-autenticacion: com.bbva.servicioautenticacion:servicio-autenticacion:0.0.1-SNAPSHOT with classifier null to /servicio-autenticacion/target/classes
2025-04-11 16:41:35,926 [Worker-25: Building] ERROR o.e.m.c.i.URLConnectionCaches - Unexpected URLConnection defaultUseCaches enabled
2025-04-11 16:41:35,931 [Worker-25: Building] INFO  o.a.m.s.f.DefaultMavenResourcesFiltering - Copying 0 resource from src\main\resources to target\classes
2025-04-11 16:41:35,932 [Worker-25: Building] INFO  o.a.m.s.f.DefaultMavenResourcesFiltering - Copying 0 resource from src\main\resources to target\classes
2025-04-11 16:41:35,933 [Worker-25: Building] INFO  o.a.m.s.f.DefaultMavenResourcesFiltering - skip non existing resourceDirectory C:\Users\Rosmira\OneDrive\Documentos\PruebasBBVA\workspace\servicio-conversion-divisas\src\test\resources
2025-04-11 16:41:40,167 [Worker-22: Launching ConvertirDivisasServiceTest] INFO  o.e.m.c.i.p.WorkspaceClassifierResolverManager - Resolving P/servicio-autenticacion: com.bbva.servicioautenticacion:servicio-autenticacion:0.0.1-SNAPSHOT with classifier null to /servicio-autenticacion/target/classes
2025-04-11 16:41:40,293 [Worker-22: Launching ConvertirDivisasServiceTest] INFO  o.e.m.c.i.p.WorkspaceClassifierResolverManager - Resolving P/servicio-autenticacion: com.bbva.servicioautenticacion:servicio-autenticacion:0.0.1-SNAPSHOT with classifier null to /servicio-autenticacion/target/classes
2025-04-11 16:41:40,365 [Worker-22: Launching ConvertirDivisasServiceTest] INFO  o.e.m.c.i.p.WorkspaceClassifierResolverManager - Resolving P/servicio-autenticacion: com.bbva.servicioautenticacion:servicio-autenticacion:0.0.1-SNAPSHOT with classifier null to /servicio-autenticacion/target/classes
2025-04-11 16:42:43,348 [Worker-22: Building] ERROR o.e.m.c.i.URLConnectionCaches - Unexpected URLConnection defaultUseCaches enabled
2025-04-11 16:42:43,351 [Worker-22: Building] INFO  o.a.m.s.f.DefaultMavenResourcesFiltering - Copying 0 resource from src\main\resources to target\classes
2025-04-11 16:42:43,352 [Worker-22: Building] INFO  o.a.m.s.f.DefaultMavenResourcesFiltering - Copying 0 resource from src\main\resources to target\classes
2025-04-11 16:42:43,353 [Worker-22: Building] INFO  o.a.m.s.f.DefaultMavenResourcesFiltering - skip non existing resourceDirectory C:\Users\Rosmira\OneDrive\Documentos\PruebasBBVA\workspace\servicio-conversion-divisas\src\test\resources
2025-04-11 16:42:53,223 [Worker-3: Launching ConvertirDivisasServiceTest] INFO  o.e.m.c.i.p.WorkspaceClassifierResolverManager - Resolving P/servicio-autenticacion: com.bbva.servicioautenticacion:servicio-autenticacion:0.0.1-SNAPSHOT with classifier null to /servicio-autenticacion/target/classes
2025-04-11 16:42:53,309 [Worker-3: Launching ConvertirDivisasServiceTest] INFO  o.e.m.c.i.p.WorkspaceClassifierResolverManager - Resolving P/servicio-autenticacion: com.bbva.servicioautenticacion:servicio-autenticacion:0.0.1-SNAPSHOT with classifier null to /servicio-autenticacion/target/classes
2025-04-11 16:42:53,379 [Worker-3: Launching ConvertirDivisasServiceTest] INFO  o.e.m.c.i.p.WorkspaceClassifierResolverManager - Resolving P/servicio-autenticacion: com.bbva.servicioautenticacion:servicio-autenticacion:0.0.1-SNAPSHOT with classifier null to /servicio-autenticacion/target/classes
2025-04-11 16:43:24,265 [Worker-2: Building] ERROR o.e.m.c.i.URLConnectionCaches - Unexpected URLConnection defaultUseCaches enabled
2025-04-11 16:43:24,268 [Worker-2: Building] INFO  o.a.m.s.f.DefaultMavenResourcesFiltering - Copying 1 resource from src\main\resources to target\classes
2025-04-11 16:43:24,276 [Worker-2: Building] INFO  o.a.m.s.f.DefaultMavenResourcesFiltering - Copying 2 resources from src\main\resources to target\classes
2025-04-11 16:43:24,279 [Worker-2: Building] INFO  o.a.m.s.f.DefaultMavenResourcesFiltering - skip non existing resourceDirectory C:\Users\Rosmira\OneDrive\Documentos\PruebasBBVA\workspace\servicio-conversion-divisas\src\test\resources
2025-04-11 16:43:45,273 [Worker-5: Launching ConvertirDivisasControllerTest] INFO  o.e.m.c.i.p.WorkspaceClassifierResolverManager - Resolving P/servicio-autenticacion: com.bbva.servicioautenticacion:servicio-autenticacion:0.0.1-SNAPSHOT with classifier null to /servicio-autenticacion/target/classes
2025-04-11 16:43:45,386 [Worker-5: Launching ConvertirDivisasControllerTest] INFO  o.e.m.c.i.p.WorkspaceClassifierResolverManager - Resolving P/servicio-autenticacion: com.bbva.servicioautenticacion:servicio-autenticacion:0.0.1-SNAPSHOT with classifier null to /servicio-autenticacion/target/classes
2025-04-11 16:43:45,452 [Worker-5: Launching ConvertirDivisasControllerTest] INFO  o.e.m.c.i.p.WorkspaceClassifierResolverManager - Resolving P/servicio-autenticacion: com.bbva.servicioautenticacion:servicio-autenticacion:0.0.1-SNAPSHOT with classifier null to /servicio-autenticacion/target/classes
2025-04-11 16:44:18,888 [Worker-27: Launching Rerun ConvertirDivisasControllerTest] INFO  o.e.m.c.i.p.WorkspaceClassifierResolverManager - Resolving P/servicio-autenticacion: com.bbva.servicioautenticacion:servicio-autenticacion:0.0.1-SNAPSHOT with classifier null to /servicio-autenticacion/target/classes
2025-04-11 16:44:19,070 [Worker-27: Launching Rerun ConvertirDivisasControllerTest] INFO  o.e.m.c.i.p.WorkspaceClassifierResolverManager - Resolving P/servicio-autenticacion: com.bbva.servicioautenticacion:servicio-autenticacion:0.0.1-SNAPSHOT with classifier null to /servicio-autenticacion/target/classes
2025-04-11 16:44:19,136 [Worker-27: Launching Rerun ConvertirDivisasControllerTest] INFO  o.e.m.c.i.p.WorkspaceClassifierResolverManager - Resolving P/servicio-autenticacion: com.bbva.servicioautenticacion:servicio-autenticacion:0.0.1-SNAPSHOT with classifier null to /servicio-autenticacion/target/classes
2025-04-11 16:44:33,431 [Worker-22: Launching Rerun testConvertirDivisas_ValidationError()] INFO  o.e.m.c.i.p.WorkspaceClassifierResolverManager - Resolving P/servicio-autenticacion: com.bbva.servicioautenticacion:servicio-autenticacion:0.0.1-SNAPSHOT with classifier null to /servicio-autenticacion/target/classes
2025-04-11 16:44:33,561 [Worker-22: Launching Rerun testConvertirDivisas_ValidationError()] INFO  o.e.m.c.i.p.WorkspaceClassifierResolverManager - Resolving P/servicio-autenticacion: com.bbva.servicioautenticacion:servicio-autenticacion:0.0.1-SNAPSHOT with classifier null to /servicio-autenticacion/target/classes
2025-04-11 16:44:33,633 [Worker-22: Launching Rerun testConvertirDivisas_ValidationError()] INFO  o.e.m.c.i.p.WorkspaceClassifierResolverManager - Resolving P/servicio-autenticacion: com.bbva.servicioautenticacion:servicio-autenticacion:0.0.1-SNAPSHOT with classifier null to /servicio-autenticacion/target/classes
2025-04-11 16:45:46,075 [Worker-30: Building] ERROR o.e.m.c.i.URLConnectionCaches - Unexpected URLConnection defaultUseCaches enabled
2025-04-11 16:45:46,080 [Worker-30: Building] INFO  o.a.m.s.f.DefaultMavenResourcesFiltering - Copying 0 resource from src\main\resources to target\classes
2025-04-11 16:45:46,081 [Worker-30: Building] INFO  o.a.m.s.f.DefaultMavenResourcesFiltering - Copying 0 resource from src\main\resources to target\classes
2025-04-11 16:45:46,082 [Worker-30: Building] INFO  o.a.m.s.f.DefaultMavenResourcesFiltering - skip non existing resourceDirectory C:\Users\Rosmira\OneDrive\Documentos\PruebasBBVA\workspace\servicio-conversion-divisas\src\test\resources
2025-04-11 16:45:52,650 [Worker-28: Launching Rerun ConvertirDivisasControllerTest] INFO  o.e.m.c.i.p.WorkspaceClassifierResolverManager - Resolving P/servicio-autenticacion: com.bbva.servicioautenticacion:servicio-autenticacion:0.0.1-SNAPSHOT with classifier null to /servicio-autenticacion/target/classes
2025-04-11 16:45:52,780 [Worker-28: Launching Rerun ConvertirDivisasControllerTest] INFO  o.e.m.c.i.p.WorkspaceClassifierResolverManager - Resolving P/servicio-autenticacion: com.bbva.servicioautenticacion:servicio-autenticacion:0.0.1-SNAPSHOT with classifier null to /servicio-autenticacion/target/classes
2025-04-11 16:45:52,848 [Worker-28: Launching Rerun ConvertirDivisasControllerTest] INFO  o.e.m.c.i.p.WorkspaceClassifierResolverManager - Resolving P/servicio-autenticacion: com.bbva.servicioautenticacion:servicio-autenticacion:0.0.1-SNAPSHOT with classifier null to /servicio-autenticacion/target/classes
2025-04-11 16:53:41,192 [Worker-27: Building] ERROR o.e.m.c.i.URLConnectionCaches - Unexpected URLConnection defaultUseCaches enabled
2025-04-11 16:53:41,199 [Worker-27: Building] INFO  o.a.m.s.f.DefaultMavenResourcesFiltering - Copying 0 resource from src\main\resources to target\classes
2025-04-11 16:53:41,201 [Worker-27: Building] INFO  o.a.m.s.f.DefaultMavenResourcesFiltering - Copying 0 resource from src\main\resources to target\classes
2025-04-11 16:53:41,203 [Worker-27: Building] INFO  o.a.m.s.f.DefaultMavenResourcesFiltering - skip non existing resourceDirectory C:\Users\Rosmira\OneDrive\Documentos\PruebasBBVA\workspace\servicio-conversion-divisas\src\test\resources
2025-04-11 16:54:31,872 [Worker-2: Building] ERROR o.e.m.c.i.URLConnectionCaches - Unexpected URLConnection defaultUseCaches enabled
2025-04-11 16:54:49,088 [Worker-27: Building] ERROR o.e.m.c.i.URLConnectionCaches - Unexpected URLConnection defaultUseCaches enabled
2025-04-11 16:54:49,092 [Worker-27: Building] INFO  o.a.m.s.f.DefaultMavenResourcesFiltering - Copying 0 resource from src\main\resources to target\classes
2025-04-11 16:54:49,093 [Worker-27: Building] INFO  o.a.m.s.f.DefaultMavenResourcesFiltering - Copying 0 resource from src\main\resources to target\classes
2025-04-11 16:54:49,096 [Worker-27: Building] INFO  o.a.m.s.f.DefaultMavenResourcesFiltering - skip non existing resourceDirectory C:\Users\Rosmira\OneDrive\Documentos\PruebasBBVA\workspace\servicio-conversion-divisas\src\test\resources
2025-04-11 16:55:14,929 [Worker-2: Building] ERROR o.e.m.c.i.URLConnectionCaches - Unexpected URLConnection defaultUseCaches enabled
2025-04-11 16:55:14,933 [Worker-2: Building] INFO  o.a.m.s.f.DefaultMavenResourcesFiltering - Copying 0 resource from src\main\resources to target\classes
2025-04-11 16:55:14,934 [Worker-2: Building] INFO  o.a.m.s.f.DefaultMavenResourcesFiltering - Copying 0 resource from src\main\resources to target\classes
2025-04-11 16:55:14,936 [Worker-2: Building] INFO  o.a.m.s.f.DefaultMavenResourcesFiltering - skip non existing resourceDirectory C:\Users\Rosmira\OneDrive\Documentos\PruebasBBVA\workspace\servicio-conversion-divisas\src\test\resources
2025-04-11 16:55:23,936 [Worker-30: Launching ConvertirDivisasControllerTest] INFO  o.e.m.c.i.p.WorkspaceClassifierResolverManager - Resolving P/servicio-autenticacion: com.bbva.servicioautenticacion:servicio-autenticacion:0.0.1-SNAPSHOT with classifier null to /servicio-autenticacion/target/classes
2025-04-11 16:55:24,092 [Worker-30: Launching ConvertirDivisasControllerTest] INFO  o.e.m.c.i.p.WorkspaceClassifierResolverManager - Resolving P/servicio-autenticacion: com.bbva.servicioautenticacion:servicio-autenticacion:0.0.1-SNAPSHOT with classifier null to /servicio-autenticacion/target/classes
2025-04-11 16:55:24,159 [Worker-30: Launching ConvertirDivisasControllerTest] INFO  o.e.m.c.i.p.WorkspaceClassifierResolverManager - Resolving P/servicio-autenticacion: com.bbva.servicioautenticacion:servicio-autenticacion:0.0.1-SNAPSHOT with classifier null to /servicio-autenticacion/target/classes
2025-04-11 16:55:49,302 [Worker-23: Launching Rerun testConvertirDivisas_ValidationError()] INFO  o.e.m.c.i.p.WorkspaceClassifierResolverManager - Resolving P/servicio-autenticacion: com.bbva.servicioautenticacion:servicio-autenticacion:0.0.1-SNAPSHOT with classifier null to /servicio-autenticacion/target/classes
2025-04-11 16:55:49,427 [Worker-23: Launching Rerun testConvertirDivisas_ValidationError()] INFO  o.e.m.c.i.p.WorkspaceClassifierResolverManager - Resolving P/servicio-autenticacion: com.bbva.servicioautenticacion:servicio-autenticacion:0.0.1-SNAPSHOT with classifier null to /servicio-autenticacion/target/classes
2025-04-11 16:55:49,508 [Worker-23: Launching Rerun testConvertirDivisas_ValidationError()] INFO  o.e.m.c.i.p.WorkspaceClassifierResolverManager - Resolving P/servicio-autenticacion: com.bbva.servicioautenticacion:servicio-autenticacion:0.0.1-SNAPSHOT with classifier null to /servicio-autenticacion/target/classes
2025-04-11 16:56:17,362 [Worker-28: Building] ERROR o.e.m.c.i.URLConnectionCaches - Unexpected URLConnection defaultUseCaches enabled
2025-04-11 16:56:17,365 [Worker-28: Building] INFO  o.a.m.s.f.DefaultMavenResourcesFiltering - Copying 0 resource from src\main\resources to target\classes
2025-04-11 16:56:17,366 [Worker-28: Building] INFO  o.a.m.s.f.DefaultMavenResourcesFiltering - Copying 0 resource from src\main\resources to target\classes
2025-04-11 16:56:17,367 [Worker-28: Building] INFO  o.a.m.s.f.DefaultMavenResourcesFiltering - skip non existing resourceDirectory C:\Users\Rosmira\OneDrive\Documentos\PruebasBBVA\workspace\servicio-conversion-divisas\src\test\resources
2025-04-11 16:56:22,364 [Worker-25: Launching ConvertirDivisasControllerTest] INFO  o.e.m.c.i.p.WorkspaceClassifierResolverManager - Resolving P/servicio-autenticacion: com.bbva.servicioautenticacion:servicio-autenticacion:0.0.1-SNAPSHOT with classifier null to /servicio-autenticacion/target/classes
2025-04-11 16:56:22,509 [Worker-25: Launching ConvertirDivisasControllerTest] INFO  o.e.m.c.i.p.WorkspaceClassifierResolverManager - Resolving P/servicio-autenticacion: com.bbva.servicioautenticacion:servicio-autenticacion:0.0.1-SNAPSHOT with classifier null to /servicio-autenticacion/target/classes
2025-04-11 16:56:22,574 [Worker-25: Launching ConvertirDivisasControllerTest] INFO  o.e.m.c.i.p.WorkspaceClassifierResolverManager - Resolving P/servicio-autenticacion: com.bbva.servicioautenticacion:servicio-autenticacion:0.0.1-SNAPSHOT with classifier null to /servicio-autenticacion/target/classes
2025-04-11 16:56:46,267 [Worker-27: Launching Rerun testConvertirDivisas_ValidationError()] INFO  o.e.m.c.i.p.WorkspaceClassifierResolverManager - Resolving P/servicio-autenticacion: com.bbva.servicioautenticacion:servicio-autenticacion:0.0.1-SNAPSHOT with classifier null to /servicio-autenticacion/target/classes
2025-04-11 16:56:46,438 [Worker-27: Launching Rerun testConvertirDivisas_ValidationError()] INFO  o.e.m.c.i.p.WorkspaceClassifierResolverManager - Resolving P/servicio-autenticacion: com.bbva.servicioautenticacion:servicio-autenticacion:0.0.1-SNAPSHOT with classifier null to /servicio-autenticacion/target/classes
2025-04-11 16:56:46,508 [Worker-27: Launching Rerun testConvertirDivisas_ValidationError()] INFO  o.e.m.c.i.p.WorkspaceClassifierResolverManager - Resolving P/servicio-autenticacion: com.bbva.servicioautenticacion:servicio-autenticacion:0.0.1-SNAPSHOT with classifier null to /servicio-autenticacion/target/classes
2025-04-11 16:57:06,899 [Worker-5: Launching ConvertirDivisasControllerTest] INFO  o.e.m.c.i.p.WorkspaceClassifierResolverManager - Resolving P/servicio-autenticacion: com.bbva.servicioautenticacion:servicio-autenticacion:0.0.1-SNAPSHOT with classifier null to /servicio-autenticacion/target/classes
2025-04-11 16:57:07,107 [Worker-5: Launching ConvertirDivisasControllerTest] INFO  o.e.m.c.i.p.WorkspaceClassifierResolverManager - Resolving P/servicio-autenticacion: com.bbva.servicioautenticacion:servicio-autenticacion:0.0.1-SNAPSHOT with classifier null to /servicio-autenticacion/target/classes
2025-04-11 16:57:07,211 [Worker-5: Launching ConvertirDivisasControllerTest] INFO  o.e.m.c.i.p.WorkspaceClassifierResolverManager - Resolving P/servicio-autenticacion: com.bbva.servicioautenticacion:servicio-autenticacion:0.0.1-SNAPSHOT with classifier null to /servicio-autenticacion/target/classes
2025-04-11 16:58:46,642 [Worker-20: Building] ERROR o.e.m.c.i.URLConnectionCaches - Unexpected URLConnection defaultUseCaches enabled
2025-04-11 16:58:46,646 [Worker-20: Building] INFO  o.a.m.s.f.DefaultMavenResourcesFiltering - Copying 0 resource from src\main\resources to target\classes
2025-04-11 16:58:46,647 [Worker-20: Building] INFO  o.a.m.s.f.DefaultMavenResourcesFiltering - Copying 0 resource from src\main\resources to target\classes
2025-04-11 16:58:46,648 [Worker-20: Building] INFO  o.a.m.s.f.DefaultMavenResourcesFiltering - skip non existing resourceDirectory C:\Users\Rosmira\OneDrive\Documentos\PruebasBBVA\workspace\servicio-conversion-divisas\src\test\resources
2025-04-11 16:59:00,618 [Worker-29: Launching ConvertirDivisasControllerTest] INFO  o.e.m.c.i.p.WorkspaceClassifierResolverManager - Resolving P/servicio-autenticacion: com.bbva.servicioautenticacion:servicio-autenticacion:0.0.1-SNAPSHOT with classifier null to /servicio-autenticacion/target/classes
2025-04-11 16:59:00,895 [Worker-29: Launching ConvertirDivisasControllerTest] INFO  o.e.m.c.i.p.WorkspaceClassifierResolverManager - Resolving P/servicio-autenticacion: com.bbva.servicioautenticacion:servicio-autenticacion:0.0.1-SNAPSHOT with classifier null to /servicio-autenticacion/target/classes
2025-04-11 16:59:00,961 [Worker-29: Launching ConvertirDivisasControllerTest] INFO  o.e.m.c.i.p.WorkspaceClassifierResolverManager - Resolving P/servicio-autenticacion: com.bbva.servicioautenticacion:servicio-autenticacion:0.0.1-SNAPSHOT with classifier null to /servicio-autenticacion/target/classes
2025-04-11 17:00:11,890 [Worker-22: Building] ERROR o.e.m.c.i.URLConnectionCaches - Unexpected URLConnection defaultUseCaches enabled
2025-04-11 17:00:11,893 [Worker-22: Building] INFO  o.a.m.s.f.DefaultMavenResourcesFiltering - Copying 0 resource from src\main\resources to target\classes
2025-04-11 17:00:11,894 [Worker-22: Building] INFO  o.a.m.s.f.DefaultMavenResourcesFiltering - Copying 0 resource from src\main\resources to target\classes
2025-04-11 17:00:11,896 [Worker-22: Building] INFO  o.a.m.s.f.DefaultMavenResourcesFiltering - skip non existing resourceDirectory C:\Users\Rosmira\OneDrive\Documentos\PruebasBBVA\workspace\servicio-conversion-divisas\src\test\resources
2025-04-11 17:00:19,270 [Worker-27: Launching ConvertirDivisasControllerTest] INFO  o.e.m.c.i.p.WorkspaceClassifierResolverManager - Resolving P/servicio-autenticacion: com.bbva.servicioautenticacion:servicio-autenticacion:0.0.1-SNAPSHOT with classifier null to /servicio-autenticacion/target/classes
2025-04-11 17:00:19,397 [Worker-27: Launching ConvertirDivisasControllerTest] INFO  o.e.m.c.i.p.WorkspaceClassifierResolverManager - Resolving P/servicio-autenticacion: com.bbva.servicioautenticacion:servicio-autenticacion:0.0.1-SNAPSHOT with classifier null to /servicio-autenticacion/target/classes
2025-04-11 17:00:19,466 [Worker-27: Launching ConvertirDivisasControllerTest] INFO  o.e.m.c.i.p.WorkspaceClassifierResolverManager - Resolving P/servicio-autenticacion: com.bbva.servicioautenticacion:servicio-autenticacion:0.0.1-SNAPSHOT with classifier null to /servicio-autenticacion/target/classes
2025-04-11 17:01:59,668 [Worker-24: Building] ERROR o.e.m.c.i.URLConnectionCaches - Unexpected URLConnection defaultUseCaches enabled
2025-04-11 17:02:06,125 [Worker-24: Building] ERROR o.e.m.c.i.URLConnectionCaches - Unexpected URLConnection defaultUseCaches enabled
2025-04-11 17:02:06,131 [Worker-24: Building] INFO  o.a.m.s.f.DefaultMavenResourcesFiltering - Copying 1 resource from src\main\resources to target\classes
2025-04-11 17:02:06,137 [Worker-24: Building] INFO  o.a.m.s.f.DefaultMavenResourcesFiltering - Copying 2 resources from src\main\resources to target\classes
2025-04-11 17:02:06,140 [Worker-24: Building] INFO  o.a.m.s.f.DefaultMavenResourcesFiltering - skip non existing resourceDirectory C:\Users\Rosmira\OneDrive\Documentos\PruebasBBVA\workspace\servicio-conversion-divisas\src\test\resources
2025-04-11 17:04:03,152 [Worker-30: Launching ConvertirDivisasControllerTest] INFO  o.e.m.c.i.p.WorkspaceClassifierResolverManager - Resolving P/servicio-autenticacion: com.bbva.servicioautenticacion:servicio-autenticacion:0.0.1-SNAPSHOT with classifier null to /servicio-autenticacion/target/classes
2025-04-11 17:04:03,286 [Worker-30: Launching ConvertirDivisasControllerTest] INFO  o.e.m.c.i.p.WorkspaceClassifierResolverManager - Resolving P/servicio-autenticacion: com.bbva.servicioautenticacion:servicio-autenticacion:0.0.1-SNAPSHOT with classifier null to /servicio-autenticacion/target/classes
2025-04-11 17:04:03,354 [Worker-30: Launching ConvertirDivisasControllerTest] INFO  o.e.m.c.i.p.WorkspaceClassifierResolverManager - Resolving P/servicio-autenticacion: com.bbva.servicioautenticacion:servicio-autenticacion:0.0.1-SNAPSHOT with classifier null to /servicio-autenticacion/target/classes
2025-04-11 17:04:37,788 [Worker-3: Building] ERROR o.e.m.c.i.URLConnectionCaches - Unexpected URLConnection defaultUseCaches enabled
2025-04-11 17:04:37,794 [Worker-3: Building] INFO  o.a.m.s.f.DefaultMavenResourcesFiltering - Copying 0 resource from src\main\resources to target\classes
2025-04-11 17:04:37,795 [Worker-3: Building] INFO  o.a.m.s.f.DefaultMavenResourcesFiltering - Copying 0 resource from src\main\resources to target\classes
2025-04-11 17:04:37,796 [Worker-3: Building] INFO  o.a.m.s.f.DefaultMavenResourcesFiltering - skip non existing resourceDirectory C:\Users\Rosmira\OneDrive\Documentos\PruebasBBVA\workspace\servicio-conversion-divisas\src\test\resources
2025-04-11 17:04:44,657 [Worker-32: Launching ConvertirDivisasControllerTest] INFO  o.e.m.c.i.p.WorkspaceClassifierResolverManager - Resolving P/servicio-autenticacion: com.bbva.servicioautenticacion:servicio-autenticacion:0.0.1-SNAPSHOT with classifier null to /servicio-autenticacion/target/classes
2025-04-11 17:04:44,802 [Worker-32: Launching ConvertirDivisasControllerTest] INFO  o.e.m.c.i.p.WorkspaceClassifierResolverManager - Resolving P/servicio-autenticacion: com.bbva.servicioautenticacion:servicio-autenticacion:0.0.1-SNAPSHOT with classifier null to /servicio-autenticacion/target/classes
2025-04-11 17:04:44,868 [Worker-32: Launching ConvertirDivisasControllerTest] INFO  o.e.m.c.i.p.WorkspaceClassifierResolverManager - Resolving P/servicio-autenticacion: com.bbva.servicioautenticacion:servicio-autenticacion:0.0.1-SNAPSHOT with classifier null to /servicio-autenticacion/target/classes
2025-04-11 17:05:31,948 [Worker-32: Launching ConvertirDivisasControllerTest] INFO  o.e.m.c.i.p.WorkspaceClassifierResolverManager - Resolving P/servicio-autenticacion: com.bbva.servicioautenticacion:servicio-autenticacion:0.0.1-SNAPSHOT with classifier null to /servicio-autenticacion/target/classes
2025-04-11 17:05:32,077 [Worker-32: Launching ConvertirDivisasControllerTest] INFO  o.e.m.c.i.p.WorkspaceClassifierResolverManager - Resolving P/servicio-autenticacion: com.bbva.servicioautenticacion:servicio-autenticacion:0.0.1-SNAPSHOT with classifier null to /servicio-autenticacion/target/classes
2025-04-11 17:05:32,146 [Worker-32: Launching ConvertirDivisasControllerTest] INFO  o.e.m.c.i.p.WorkspaceClassifierResolverManager - Resolving P/servicio-autenticacion: com.bbva.servicioautenticacion:servicio-autenticacion:0.0.1-SNAPSHOT with classifier null to /servicio-autenticacion/target/classes
2025-04-11 17:06:09,135 [Worker-30: Building] ERROR o.e.m.c.i.URLConnectionCaches - Unexpected URLConnection defaultUseCaches enabled
2025-04-11 17:06:09,140 [Worker-30: Building] INFO  o.a.m.s.f.DefaultMavenResourcesFiltering - Copying 0 resource from src\main\resources to target\classes
2025-04-11 17:06:09,141 [Worker-30: Building] INFO  o.a.m.s.f.DefaultMavenResourcesFiltering - Copying 0 resource from src\main\resources to target\classes
2025-04-11 17:06:09,143 [Worker-30: Building] INFO  o.a.m.s.f.DefaultMavenResourcesFiltering - skip non existing resourceDirectory C:\Users\Rosmira\OneDrive\Documentos\PruebasBBVA\workspace\servicio-conversion-divisas\src\test\resources
2025-04-11 17:06:17,180 [Worker-33: Launching ConvertirDivisasControllerTest] INFO  o.e.m.c.i.p.WorkspaceClassifierResolverManager - Resolving P/servicio-autenticacion: com.bbva.servicioautenticacion:servicio-autenticacion:0.0.1-SNAPSHOT with classifier null to /servicio-autenticacion/target/classes
2025-04-11 17:06:17,303 [Worker-33: Launching ConvertirDivisasControllerTest] INFO  o.e.m.c.i.p.WorkspaceClassifierResolverManager - Resolving P/servicio-autenticacion: com.bbva.servicioautenticacion:servicio-autenticacion:0.0.1-SNAPSHOT with classifier null to /servicio-autenticacion/target/classes
2025-04-11 17:06:17,370 [Worker-33: Launching ConvertirDivisasControllerTest] INFO  o.e.m.c.i.p.WorkspaceClassifierResolverManager - Resolving P/servicio-autenticacion: com.bbva.servicioautenticacion:servicio-autenticacion:0.0.1-SNAPSHOT with classifier null to /servicio-autenticacion/target/classes
2025-04-11 17:06:34,500 [Worker-30: Building] ERROR o.e.m.c.i.URLConnectionCaches - Unexpected URLConnection defaultUseCaches enabled
2025-04-11 17:06:34,503 [Worker-30: Building] INFO  o.a.m.s.f.DefaultMavenResourcesFiltering - Copying 0 resource from src\main\resources to target\classes
2025-04-11 17:06:34,504 [Worker-30: Building] INFO  o.a.m.s.f.DefaultMavenResourcesFiltering - Copying 0 resource from src\main\resources to target\classes
2025-04-11 17:06:34,506 [Worker-30: Building] INFO  o.a.m.s.f.DefaultMavenResourcesFiltering - skip non existing resourceDirectory C:\Users\Rosmira\OneDrive\Documentos\PruebasBBVA\workspace\servicio-conversion-divisas\src\test\resources
2025-04-11 17:06:39,597 [Worker-3: Launching ConvertirDivisasControllerTest] INFO  o.e.m.c.i.p.WorkspaceClassifierResolverManager - Resolving P/servicio-autenticacion: com.bbva.servicioautenticacion:servicio-autenticacion:0.0.1-SNAPSHOT with classifier null to /servicio-autenticacion/target/classes
2025-04-11 17:06:39,711 [Worker-3: Launching ConvertirDivisasControllerTest] INFO  o.e.m.c.i.p.WorkspaceClassifierResolverManager - Resolving P/servicio-autenticacion: com.bbva.servicioautenticacion:servicio-autenticacion:0.0.1-SNAPSHOT with classifier null to /servicio-autenticacion/target/classes
2025-04-11 17:06:39,780 [Worker-3: Launching ConvertirDivisasControllerTest] INFO  o.e.m.c.i.p.WorkspaceClassifierResolverManager - Resolving P/servicio-autenticacion: com.bbva.servicioautenticacion:servicio-autenticacion:0.0.1-SNAPSHOT with classifier null to /servicio-autenticacion/target/classes
2025-04-11 17:09:43,750 [Worker-32: Building] ERROR o.e.m.c.i.URLConnectionCaches - Unexpected URLConnection defaultUseCaches enabled
2025-04-11 17:09:43,753 [Worker-32: Building] INFO  o.a.m.s.f.DefaultMavenResourcesFiltering - Copying 0 resource from src\main\resources to target\classes
2025-04-11 17:09:43,755 [Worker-32: Building] INFO  o.a.m.s.f.DefaultMavenResourcesFiltering - Copying 0 resource from src\main\resources to target\classes
2025-04-11 17:09:43,756 [Worker-32: Building] INFO  o.a.m.s.f.DefaultMavenResourcesFiltering - skip non existing resourceDirectory C:\Users\Rosmira\OneDrive\Documentos\PruebasBBVA\workspace\servicio-conversion-divisas\src\test\resources
2025-04-11 17:10:17,477 [Worker-35: Building] ERROR o.e.m.c.i.URLConnectionCaches - Unexpected URLConnection defaultUseCaches enabled
2025-04-11 17:10:17,480 [Worker-35: Building] INFO  o.a.m.s.f.DefaultMavenResourcesFiltering - Copying 0 resource from src\main\resources to target\classes
2025-04-11 17:10:17,480 [Worker-35: Building] INFO  o.a.m.s.f.DefaultMavenResourcesFiltering - Copying 0 resource from src\main\resources to target\classes
2025-04-11 17:10:17,482 [Worker-35: Building] INFO  o.a.m.s.f.DefaultMavenResourcesFiltering - skip non existing resourceDirectory C:\Users\Rosmira\OneDrive\Documentos\PruebasBBVA\workspace\servicio-conversion-divisas\src\test\resources
2025-04-11 17:10:23,579 [Worker-32: Launching ConvertirDivisasControllerTest] INFO  o.e.m.c.i.p.WorkspaceClassifierResolverManager - Resolving P/servicio-autenticacion: com.bbva.servicioautenticacion:servicio-autenticacion:0.0.1-SNAPSHOT with classifier null to /servicio-autenticacion/target/classes
2025-04-11 17:10:23,702 [Worker-32: Launching ConvertirDivisasControllerTest] INFO  o.e.m.c.i.p.WorkspaceClassifierResolverManager - Resolving P/servicio-autenticacion: com.bbva.servicioautenticacion:servicio-autenticacion:0.0.1-SNAPSHOT with classifier null to /servicio-autenticacion/target/classes
2025-04-11 17:10:23,771 [Worker-32: Launching ConvertirDivisasControllerTest] INFO  o.e.m.c.i.p.WorkspaceClassifierResolverManager - Resolving P/servicio-autenticacion: com.bbva.servicioautenticacion:servicio-autenticacion:0.0.1-SNAPSHOT with classifier null to /servicio-autenticacion/target/classes
2025-04-11 17:11:09,925 [Worker-32: Launching Rerun testConvertirDivisas_ValidationError()] INFO  o.e.m.c.i.p.WorkspaceClassifierResolverManager - Resolving P/servicio-autenticacion: com.bbva.servicioautenticacion:servicio-autenticacion:0.0.1-SNAPSHOT with classifier null to /servicio-autenticacion/target/classes
2025-04-11 17:11:10,036 [Worker-32: Launching Rerun testConvertirDivisas_ValidationError()] INFO  o.e.m.c.i.p.WorkspaceClassifierResolverManager - Resolving P/servicio-autenticacion: com.bbva.servicioautenticacion:servicio-autenticacion:0.0.1-SNAPSHOT with classifier null to /servicio-autenticacion/target/classes
2025-04-11 17:11:10,103 [Worker-32: Launching Rerun testConvertirDivisas_ValidationError()] INFO  o.e.m.c.i.p.WorkspaceClassifierResolverManager - Resolving P/servicio-autenticacion: com.bbva.servicioautenticacion:servicio-autenticacion:0.0.1-SNAPSHOT with classifier null to /servicio-autenticacion/target/classes
2025-04-11 17:11:41,561 [Worker-35: Launching Rerun testConvertirDivisas_ValidationError()] INFO  o.e.m.c.i.p.WorkspaceClassifierResolverManager - Resolving P/servicio-autenticacion: com.bbva.servicioautenticacion:servicio-autenticacion:0.0.1-SNAPSHOT with classifier null to /servicio-autenticacion/target/classes
2025-04-11 17:11:41,679 [Worker-35: Launching Rerun testConvertirDivisas_ValidationError()] INFO  o.e.m.c.i.p.WorkspaceClassifierResolverManager - Resolving P/servicio-autenticacion: com.bbva.servicioautenticacion:servicio-autenticacion:0.0.1-SNAPSHOT with classifier null to /servicio-autenticacion/target/classes
2025-04-11 17:11:41,746 [Worker-35: Launching Rerun testConvertirDivisas_ValidationError()] INFO  o.e.m.c.i.p.WorkspaceClassifierResolverManager - Resolving P/servicio-autenticacion: com.bbva.servicioautenticacion:servicio-autenticacion:0.0.1-SNAPSHOT with classifier null to /servicio-autenticacion/target/classes
2025-04-11 17:15:20,998 [Worker-38: Building] ERROR o.e.m.c.i.URLConnectionCaches - Unexpected URLConnection defaultUseCaches enabled
2025-04-11 17:15:21,001 [Worker-38: Building] INFO  o.a.m.s.f.DefaultMavenResourcesFiltering - Copying 1 resource from src\main\resources to target\classes
2025-04-11 17:15:21,007 [Worker-38: Building] INFO  o.a.m.s.f.DefaultMavenResourcesFiltering - Copying 2 resources from src\main\resources to target\classes
2025-04-11 17:15:21,010 [Worker-38: Building] INFO  o.a.m.s.f.DefaultMavenResourcesFiltering - skip non existing resourceDirectory C:\Users\Rosmira\OneDrive\Documentos\PruebasBBVA\workspace\servicio-conversion-divisas\src\test\resources
2025-04-11 17:15:30,989 [Worker-42: Launching ConvertirDivisasControllerTest] INFO  o.e.m.c.i.p.WorkspaceClassifierResolverManager - Resolving P/servicio-autenticacion: com.bbva.servicioautenticacion:servicio-autenticacion:0.0.1-SNAPSHOT with classifier null to /servicio-autenticacion/target/classes
2025-04-11 17:15:31,129 [Worker-42: Launching ConvertirDivisasControllerTest] INFO  o.e.m.c.i.p.WorkspaceClassifierResolverManager - Resolving P/servicio-autenticacion: com.bbva.servicioautenticacion:servicio-autenticacion:0.0.1-SNAPSHOT with classifier null to /servicio-autenticacion/target/classes
2025-04-11 17:15:31,195 [Worker-42: Launching ConvertirDivisasControllerTest] INFO  o.e.m.c.i.p.WorkspaceClassifierResolverManager - Resolving P/servicio-autenticacion: com.bbva.servicioautenticacion:servicio-autenticacion:0.0.1-SNAPSHOT with classifier null to /servicio-autenticacion/target/classes
2025-04-11 17:20:54,182 [Worker-46: Building] ERROR o.e.m.c.i.URLConnectionCaches - Unexpected URLConnection defaultUseCaches enabled
2025-04-11 17:20:54,571 [Worker-46: Building] INFO  o.e.m.c.i.l.LifecycleMappingFactory - Using org.eclipse.m2e.jdt.JarLifecycleMapping lifecycle mapping for MavenProject: com.bbva.servicioconversiondivisas:servicio-conversion-divisas:0.0.1-SNAPSHOT @ C:\Users\Rosmira\OneDrive\Documentos\PruebasBBVA\workspace\servicio-conversion-divisas\pom.xml.
2025-04-11 17:20:55,428 [Worker-46: Building] INFO  o.e.m.c.i.e.AbstractTransferListenerAdapter - Downloading https://repo.maven.apache.org/maven2/org/springframework/security/spring-security-test/6.4.4/spring-security-test-6.4.4.pom
2025-04-11 17:20:55,441 [Worker-46: Building] INFO  o.e.m.c.i.e.AbstractTransferListenerAdapter - Downloaded https://repo.maven.apache.org/maven2/org/springframework/security/spring-security-test/6.4.4/spring-security-test-6.4.4.pom
2025-04-11 17:20:55,503 [Worker-46: Building] INFO  o.e.m.c.i.p.WorkspaceClassifierResolverManager - Resolving P/servicio-autenticacion: com.bbva.servicioautenticacion:servicio-autenticacion:0.0.1-SNAPSHOT with classifier  to /servicio-autenticacion/target/classes
2025-04-11 17:20:55,532 [Worker-46: Building] INFO  o.e.m.c.i.p.WorkspaceClassifierResolverManager - Resolving P/servicio-autenticacion: com.bbva.servicioautenticacion:servicio-autenticacion:0.0.1-SNAPSHOT with classifier  to /servicio-autenticacion/target/classes
2025-04-11 17:20:55,604 [Worker-46: Building] INFO  o.e.m.c.i.e.AbstractTransferListenerAdapter - Downloading https://repo.maven.apache.org/maven2/org/springframework/security/spring-security-test/6.4.4/spring-security-test-6.4.4.jar
2025-04-11 17:20:55,792 [Worker-46: Building] INFO  o.e.m.c.i.e.AbstractTransferListenerAdapter - Downloaded https://repo.maven.apache.org/maven2/org/springframework/security/spring-security-test/6.4.4/spring-security-test-6.4.4.jar
2025-04-11 17:20:56,009 [Worker-46: Building] ERROR o.e.m.c.i.URLConnectionCaches - Unexpected URLConnection defaultUseCaches enabled
2025-04-11 17:20:56,146 [Worker-46: Building] INFO  o.a.m.s.f.DefaultMavenResourcesFiltering - Copying 0 resource from src\main\resources to target\classes
2025-04-11 17:20:56,147 [Worker-46: Building] INFO  o.a.m.s.f.DefaultMavenResourcesFiltering - Copying 0 resource from src\main\resources to target\classes
2025-04-11 17:20:56,151 [Worker-46: Building] INFO  o.a.m.s.f.DefaultMavenResourcesFiltering - skip non existing resourceDirectory C:\Users\Rosmira\OneDrive\Documentos\PruebasBBVA\workspace\servicio-conversion-divisas\src\test\resources
2025-04-11 17:20:57,306 [Worker-49: Download sources and javadoc] INFO  o.e.m.c.i.e.AbstractTransferListenerAdapter - Downloading https://repo.maven.apache.org/maven2/org/springframework/security/spring-security-test/6.4.4/spring-security-test-6.4.4-sources.jar
2025-04-11 17:20:57,367 [Worker-48: Building] ERROR o.e.m.c.i.URLConnectionCaches - Unexpected URLConnection defaultUseCaches enabled
2025-04-11 17:20:57,369 [Worker-48: Building] INFO  o.a.m.s.f.DefaultMavenResourcesFiltering - Copying 1 resource from src\main\resources to target\classes
2025-04-11 17:20:57,379 [Worker-48: Building] INFO  o.a.m.s.f.DefaultMavenResourcesFiltering - Copying 2 resources from src\main\resources to target\classes
2025-04-11 17:20:57,382 [Worker-48: Building] INFO  o.a.m.s.f.DefaultMavenResourcesFiltering - skip non existing resourceDirectory C:\Users\Rosmira\OneDrive\Documentos\PruebasBBVA\workspace\servicio-conversion-divisas\src\test\resources
2025-04-11 17:20:57,433 [Worker-49: Download sources and javadoc] INFO  o.e.m.c.i.e.AbstractTransferListenerAdapter - Downloaded https://repo.maven.apache.org/maven2/org/springframework/security/spring-security-test/6.4.4/spring-security-test-6.4.4-sources.jar
2025-04-11 17:20:57,436 [Worker-49: Download sources and javadoc] INFO  o.e.m.j.internal.DownloadSourcesJob - Downloaded sources for org.springframework.security:spring-security-test:6.4.4
2025-04-11 17:20:58,422 [Worker-49: Building] ERROR o.e.m.c.i.URLConnectionCaches - Unexpected URLConnection defaultUseCaches enabled
2025-04-11 17:26:09,771 [Worker-43: Building] ERROR o.e.m.c.i.URLConnectionCaches - Unexpected URLConnection defaultUseCaches enabled
2025-04-11 17:26:09,774 [Worker-43: Building] INFO  o.a.m.s.f.DefaultMavenResourcesFiltering - Copying 0 resource from src\main\resources to target\classes
2025-04-11 17:26:09,775 [Worker-43: Building] INFO  o.a.m.s.f.DefaultMavenResourcesFiltering - Copying 0 resource from src\main\resources to target\classes
2025-04-11 17:26:09,777 [Worker-43: Building] INFO  o.a.m.s.f.DefaultMavenResourcesFiltering - skip non existing resourceDirectory C:\Users\Rosmira\OneDrive\Documentos\PruebasBBVA\workspace\servicio-conversion-divisas\src\test\resources
2025-04-11 17:27:19,103 [Worker-49: Building] ERROR o.e.m.c.i.URLConnectionCaches - Unexpected URLConnection defaultUseCaches enabled
2025-04-11 17:27:19,106 [Worker-49: Building] INFO  o.a.m.s.f.DefaultMavenResourcesFiltering - Copying 0 resource from src\main\resources to target\classes
2025-04-11 17:27:19,107 [Worker-49: Building] INFO  o.a.m.s.f.DefaultMavenResourcesFiltering - Copying 0 resource from src\main\resources to target\classes
2025-04-11 17:27:19,109 [Worker-49: Building] INFO  o.a.m.s.f.DefaultMavenResourcesFiltering - skip non existing resourceDirectory C:\Users\Rosmira\OneDrive\Documentos\PruebasBBVA\workspace\servicio-conversion-divisas\src\test\resources
2025-04-11 17:27:33,364 [Worker-48: Building] ERROR o.e.m.c.i.URLConnectionCaches - Unexpected URLConnection defaultUseCaches enabled
2025-04-11 17:27:33,367 [Worker-48: Building] INFO  o.a.m.s.f.DefaultMavenResourcesFiltering - Copying 0 resource from src\main\resources to target\classes
2025-04-11 17:27:33,368 [Worker-48: Building] INFO  o.a.m.s.f.DefaultMavenResourcesFiltering - Copying 0 resource from src\main\resources to target\classes
2025-04-11 17:27:33,370 [Worker-48: Building] INFO  o.a.m.s.f.DefaultMavenResourcesFiltering - skip non existing resourceDirectory C:\Users\Rosmira\OneDrive\Documentos\PruebasBBVA\workspace\servicio-conversion-divisas\src\test\resources
2025-04-11 17:27:38,952 [Worker-49: Launching ConvertirDivisasControllerTest] INFO  o.e.m.c.i.p.WorkspaceClassifierResolverManager - Resolving P/servicio-autenticacion: com.bbva.servicioautenticacion:servicio-autenticacion:0.0.1-SNAPSHOT with classifier null to /servicio-autenticacion/target/classes
2025-04-11 17:27:39,093 [Worker-49: Launching ConvertirDivisasControllerTest] INFO  o.e.m.c.i.p.WorkspaceClassifierResolverManager - Resolving P/servicio-autenticacion: com.bbva.servicioautenticacion:servicio-autenticacion:0.0.1-SNAPSHOT with classifier null to /servicio-autenticacion/target/classes
2025-04-11 17:27:39,159 [Worker-49: Launching ConvertirDivisasControllerTest] INFO  o.e.m.c.i.p.WorkspaceClassifierResolverManager - Resolving P/servicio-autenticacion: com.bbva.servicioautenticacion:servicio-autenticacion:0.0.1-SNAPSHOT with classifier null to /servicio-autenticacion/target/classes
2025-04-11 17:27:50,961 [Worker-49: Launching Rerun testConvertirExitoso()] INFO  o.e.m.c.i.p.WorkspaceClassifierResolverManager - Resolving P/servicio-autenticacion: com.bbva.servicioautenticacion:servicio-autenticacion:0.0.1-SNAPSHOT with classifier null to /servicio-autenticacion/target/classes
2025-04-11 17:27:51,064 [Worker-49: Launching Rerun testConvertirExitoso()] INFO  o.e.m.c.i.p.WorkspaceClassifierResolverManager - Resolving P/servicio-autenticacion: com.bbva.servicioautenticacion:servicio-autenticacion:0.0.1-SNAPSHOT with classifier null to /servicio-autenticacion/target/classes
2025-04-11 17:27:51,132 [Worker-49: Launching Rerun testConvertirExitoso()] INFO  o.e.m.c.i.p.WorkspaceClassifierResolverManager - Resolving P/servicio-autenticacion: com.bbva.servicioautenticacion:servicio-autenticacion:0.0.1-SNAPSHOT with classifier null to /servicio-autenticacion/target/classes
2025-04-11 17:28:14,990 [Worker-43: Launching Rerun testConvertirExitoso()] INFO  o.e.m.c.i.p.WorkspaceClassifierResolverManager - Resolving P/servicio-autenticacion: com.bbva.servicioautenticacion:servicio-autenticacion:0.0.1-SNAPSHOT with classifier null to /servicio-autenticacion/target/classes
2025-04-11 17:28:15,094 [Worker-43: Launching Rerun testConvertirExitoso()] INFO  o.e.m.c.i.p.WorkspaceClassifierResolverManager - Resolving P/servicio-autenticacion: com.bbva.servicioautenticacion:servicio-autenticacion:0.0.1-SNAPSHOT with classifier null to /servicio-autenticacion/target/classes
2025-04-11 17:28:15,159 [Worker-43: Launching Rerun testConvertirExitoso()] INFO  o.e.m.c.i.p.WorkspaceClassifierResolverManager - Resolving P/servicio-autenticacion: com.bbva.servicioautenticacion:servicio-autenticacion:0.0.1-SNAPSHOT with classifier null to /servicio-autenticacion/target/classes
2025-04-11 17:30:14,052 [Worker-46: Building] ERROR o.e.m.c.i.URLConnectionCaches - Unexpected URLConnection defaultUseCaches enabled
2025-04-11 17:30:14,057 [Worker-46: Building] INFO  o.a.m.s.f.DefaultMavenResourcesFiltering - Copying 0 resource from src\main\resources to target\classes
2025-04-11 17:30:14,058 [Worker-46: Building] INFO  o.a.m.s.f.DefaultMavenResourcesFiltering - Copying 0 resource from src\main\resources to target\classes
2025-04-11 17:30:14,060 [Worker-46: Building] INFO  o.a.m.s.f.DefaultMavenResourcesFiltering - skip non existing resourceDirectory C:\Users\Rosmira\OneDrive\Documentos\PruebasBBVA\workspace\servicio-conversion-divisas\src\test\resources
2025-04-11 17:30:27,590 [Worker-51: Building] ERROR o.e.m.c.i.URLConnectionCaches - Unexpected URLConnection defaultUseCaches enabled
2025-04-11 17:30:27,598 [Worker-51: Building] INFO  o.a.m.s.f.DefaultMavenResourcesFiltering - Copying 0 resource from src\main\resources to target\classes
2025-04-11 17:30:27,599 [Worker-51: Building] INFO  o.a.m.s.f.DefaultMavenResourcesFiltering - Copying 0 resource from src\main\resources to target\classes
2025-04-11 17:30:27,601 [Worker-51: Building] INFO  o.a.m.s.f.DefaultMavenResourcesFiltering - skip non existing resourceDirectory C:\Users\Rosmira\OneDrive\Documentos\PruebasBBVA\workspace\servicio-conversion-divisas\src\test\resources
2025-04-11 17:30:35,988 [Worker-53: Launching ConvertirDivisasControllerTest] INFO  o.e.m.c.i.p.WorkspaceClassifierResolverManager - Resolving P/servicio-autenticacion: com.bbva.servicioautenticacion:servicio-autenticacion:0.0.1-SNAPSHOT with classifier null to /servicio-autenticacion/target/classes
2025-04-11 17:30:36,146 [Worker-53: Launching ConvertirDivisasControllerTest] INFO  o.e.m.c.i.p.WorkspaceClassifierResolverManager - Resolving P/servicio-autenticacion: com.bbva.servicioautenticacion:servicio-autenticacion:0.0.1-SNAPSHOT with classifier null to /servicio-autenticacion/target/classes
2025-04-11 17:30:36,215 [Worker-53: Launching ConvertirDivisasControllerTest] INFO  o.e.m.c.i.p.WorkspaceClassifierResolverManager - Resolving P/servicio-autenticacion: com.bbva.servicioautenticacion:servicio-autenticacion:0.0.1-SNAPSHOT with classifier null to /servicio-autenticacion/target/classes
2025-04-11 17:30:44,323 [Worker-53: Launching Rerun testConvertirExitoso()] INFO  o.e.m.c.i.p.WorkspaceClassifierResolverManager - Resolving P/servicio-autenticacion: com.bbva.servicioautenticacion:servicio-autenticacion:0.0.1-SNAPSHOT with classifier null to /servicio-autenticacion/target/classes
2025-04-11 17:30:44,411 [Worker-53: Launching Rerun testConvertirExitoso()] INFO  o.e.m.c.i.p.WorkspaceClassifierResolverManager - Resolving P/servicio-autenticacion: com.bbva.servicioautenticacion:servicio-autenticacion:0.0.1-SNAPSHOT with classifier null to /servicio-autenticacion/target/classes
2025-04-11 17:30:44,478 [Worker-53: Launching Rerun testConvertirExitoso()] INFO  o.e.m.c.i.p.WorkspaceClassifierResolverManager - Resolving P/servicio-autenticacion: com.bbva.servicioautenticacion:servicio-autenticacion:0.0.1-SNAPSHOT with classifier null to /servicio-autenticacion/target/classes
2025-04-11 17:30:59,340 [Worker-43: Launching Rerun testConvertirExitoso()] INFO  o.e.m.c.i.p.WorkspaceClassifierResolverManager - Resolving P/servicio-autenticacion: com.bbva.servicioautenticacion:servicio-autenticacion:0.0.1-SNAPSHOT with classifier null to /servicio-autenticacion/target/classes
2025-04-11 17:30:59,439 [Worker-43: Launching Rerun testConvertirExitoso()] INFO  o.e.m.c.i.p.WorkspaceClassifierResolverManager - Resolving P/servicio-autenticacion: com.bbva.servicioautenticacion:servicio-autenticacion:0.0.1-SNAPSHOT with classifier null to /servicio-autenticacion/target/classes
2025-04-11 17:30:59,505 [Worker-43: Launching Rerun testConvertirExitoso()] INFO  o.e.m.c.i.p.WorkspaceClassifierResolverManager - Resolving P/servicio-autenticacion: com.bbva.servicioautenticacion:servicio-autenticacion:0.0.1-SNAPSHOT with classifier null to /servicio-autenticacion/target/classes
2025-04-11 17:33:52,254 [Worker-53: Building] ERROR o.e.m.c.i.URLConnectionCaches - Unexpected URLConnection defaultUseCaches enabled
2025-04-11 17:33:52,256 [Worker-53: Building] INFO  o.a.m.s.f.DefaultMavenResourcesFiltering - Copying 0 resource from src\main\resources to target\classes
2025-04-11 17:33:52,258 [Worker-53: Building] INFO  o.a.m.s.f.DefaultMavenResourcesFiltering - Copying 0 resource from src\main\resources to target\classes
2025-04-11 17:33:52,259 [Worker-53: Building] INFO  o.a.m.s.f.DefaultMavenResourcesFiltering - skip non existing resourceDirectory C:\Users\Rosmira\OneDrive\Documentos\PruebasBBVA\workspace\servicio-conversion-divisas\src\test\resources
2025-04-11 17:34:06,615 [Worker-50: Launching Rerun testConvertirExitoso()] INFO  o.e.m.c.i.p.WorkspaceClassifierResolverManager - Resolving P/servicio-autenticacion: com.bbva.servicioautenticacion:servicio-autenticacion:0.0.1-SNAPSHOT with classifier null to /servicio-autenticacion/target/classes
2025-04-11 17:34:06,689 [Worker-50: Launching Rerun testConvertirExitoso()] INFO  o.e.m.c.i.p.WorkspaceClassifierResolverManager - Resolving P/servicio-autenticacion: com.bbva.servicioautenticacion:servicio-autenticacion:0.0.1-SNAPSHOT with classifier null to /servicio-autenticacion/target/classes
2025-04-11 17:34:06,755 [Worker-50: Launching Rerun testConvertirExitoso()] INFO  o.e.m.c.i.p.WorkspaceClassifierResolverManager - Resolving P/servicio-autenticacion: com.bbva.servicioautenticacion:servicio-autenticacion:0.0.1-SNAPSHOT with classifier null to /servicio-autenticacion/target/classes
2025-04-11 18:06:58,011 [Worker-43: Building] ERROR o.e.m.c.i.URLConnectionCaches - Unexpected URLConnection defaultUseCaches enabled
2025-04-11 18:06:58,016 [Worker-43: Building] INFO  o.a.m.s.f.DefaultMavenResourcesFiltering - Copying 0 resource from src\main\resources to target\classes
2025-04-11 18:06:58,017 [Worker-43: Building] INFO  o.a.m.s.f.DefaultMavenResourcesFiltering - Copying 0 resource from src\main\resources to target\classes
2025-04-11 18:06:58,019 [Worker-43: Building] INFO  o.a.m.s.f.DefaultMavenResourcesFiltering - skip non existing resourceDirectory C:\Users\Rosmira\OneDrive\Documentos\PruebasBBVA\workspace\servicio-conversion-divisas\src\test\resources
2025-04-11 18:08:35,841 [Worker-48: Building] ERROR o.e.m.c.i.URLConnectionCaches - Unexpected URLConnection defaultUseCaches enabled
2025-04-11 18:08:35,845 [Worker-48: Building] INFO  o.a.m.s.f.DefaultMavenResourcesFiltering - Copying 0 resource from src\main\resources to target\classes
2025-04-11 18:08:35,846 [Worker-48: Building] INFO  o.a.m.s.f.DefaultMavenResourcesFiltering - Copying 0 resource from src\main\resources to target\classes
2025-04-11 18:08:35,848 [Worker-48: Building] INFO  o.a.m.s.f.DefaultMavenResourcesFiltering - skip non existing resourceDirectory C:\Users\Rosmira\OneDrive\Documentos\PruebasBBVA\workspace\servicio-conversion-divisas\src\test\resources
2025-04-11 18:08:45,944 [Worker-56: Launching ConvertirDivisasControllerTest] INFO  o.e.m.c.i.p.WorkspaceClassifierResolverManager - Resolving P/servicio-autenticacion: com.bbva.servicioautenticacion:servicio-autenticacion:0.0.1-SNAPSHOT with classifier null to /servicio-autenticacion/target/classes
2025-04-11 18:08:46,083 [Worker-56: Launching ConvertirDivisasControllerTest] INFO  o.e.m.c.i.p.WorkspaceClassifierResolverManager - Resolving P/servicio-autenticacion: com.bbva.servicioautenticacion:servicio-autenticacion:0.0.1-SNAPSHOT with classifier null to /servicio-autenticacion/target/classes
2025-04-11 18:08:46,152 [Worker-56: Launching ConvertirDivisasControllerTest] INFO  o.e.m.c.i.p.WorkspaceClassifierResolverManager - Resolving P/servicio-autenticacion: com.bbva.servicioautenticacion:servicio-autenticacion:0.0.1-SNAPSHOT with classifier null to /servicio-autenticacion/target/classes
2025-04-11 18:09:07,370 [Worker-57: Building] ERROR o.e.m.c.i.URLConnectionCaches - Unexpected URLConnection defaultUseCaches enabled
2025-04-11 18:09:07,373 [Worker-57: Building] INFO  o.a.m.s.f.DefaultMavenResourcesFiltering - Copying 0 resource from src\main\resources to target\classes
2025-04-11 18:09:07,374 [Worker-57: Building] INFO  o.a.m.s.f.DefaultMavenResourcesFiltering - Copying 0 resource from src\main\resources to target\classes
2025-04-11 18:09:07,375 [Worker-57: Building] INFO  o.a.m.s.f.DefaultMavenResourcesFiltering - skip non existing resourceDirectory C:\Users\Rosmira\OneDrive\Documentos\PruebasBBVA\workspace\servicio-conversion-divisas\src\test\resources
2025-04-11 18:09:15,042 [Worker-48: Launching Rerun ConvertirDivisasControllerTest] INFO  o.e.m.c.i.p.WorkspaceClassifierResolverManager - Resolving P/servicio-autenticacion: com.bbva.servicioautenticacion:servicio-autenticacion:0.0.1-SNAPSHOT with classifier null to /servicio-autenticacion/target/classes
2025-04-11 18:09:15,173 [Worker-48: Launching Rerun ConvertirDivisasControllerTest] INFO  o.e.m.c.i.p.WorkspaceClassifierResolverManager - Resolving P/servicio-autenticacion: com.bbva.servicioautenticacion:servicio-autenticacion:0.0.1-SNAPSHOT with classifier null to /servicio-autenticacion/target/classes
2025-04-11 18:09:15,239 [Worker-48: Launching Rerun ConvertirDivisasControllerTest] INFO  o.e.m.c.i.p.WorkspaceClassifierResolverManager - Resolving P/servicio-autenticacion: com.bbva.servicioautenticacion:servicio-autenticacion:0.0.1-SNAPSHOT with classifier null to /servicio-autenticacion/target/classes
2025-04-11 18:09:25,704 [Worker-48: Launching Rerun testConvertirExitoso()] INFO  o.e.m.c.i.p.WorkspaceClassifierResolverManager - Resolving P/servicio-autenticacion: com.bbva.servicioautenticacion:servicio-autenticacion:0.0.1-SNAPSHOT with classifier null to /servicio-autenticacion/target/classes
2025-04-11 18:09:25,937 [Worker-48: Launching Rerun testConvertirExitoso()] INFO  o.e.m.c.i.p.WorkspaceClassifierResolverManager - Resolving P/servicio-autenticacion: com.bbva.servicioautenticacion:servicio-autenticacion:0.0.1-SNAPSHOT with classifier null to /servicio-autenticacion/target/classes
2025-04-11 18:09:26,005 [Worker-48: Launching Rerun testConvertirExitoso()] INFO  o.e.m.c.i.p.WorkspaceClassifierResolverManager - Resolving P/servicio-autenticacion: com.bbva.servicioautenticacion:servicio-autenticacion:0.0.1-SNAPSHOT with classifier null to /servicio-autenticacion/target/classes
2025-04-11 18:09:37,004 [Worker-52: Building] ERROR o.e.m.c.i.URLConnectionCaches - Unexpected URLConnection defaultUseCaches enabled
2025-04-11 18:09:37,008 [Worker-52: Building] INFO  o.a.m.s.f.DefaultMavenResourcesFiltering - Copying 0 resource from src\main\resources to target\classes
2025-04-11 18:09:37,009 [Worker-52: Building] INFO  o.a.m.s.f.DefaultMavenResourcesFiltering - Copying 0 resource from src\main\resources to target\classes
2025-04-11 18:09:37,010 [Worker-52: Building] INFO  o.a.m.s.f.DefaultMavenResourcesFiltering - skip non existing resourceDirectory C:\Users\Rosmira\OneDrive\Documentos\PruebasBBVA\workspace\servicio-conversion-divisas\src\test\resources
2025-04-11 18:09:42,687 [Worker-56: Launching Rerun testConvertirExitoso()] INFO  o.e.m.c.i.p.WorkspaceClassifierResolverManager - Resolving P/servicio-autenticacion: com.bbva.servicioautenticacion:servicio-autenticacion:0.0.1-SNAPSHOT with classifier null to /servicio-autenticacion/target/classes
2025-04-11 18:09:42,820 [Worker-56: Launching Rerun testConvertirExitoso()] INFO  o.e.m.c.i.p.WorkspaceClassifierResolverManager - Resolving P/servicio-autenticacion: com.bbva.servicioautenticacion:servicio-autenticacion:0.0.1-SNAPSHOT with classifier null to /servicio-autenticacion/target/classes
2025-04-11 18:09:42,887 [Worker-56: Launching Rerun testConvertirExitoso()] INFO  o.e.m.c.i.p.WorkspaceClassifierResolverManager - Resolving P/servicio-autenticacion: com.bbva.servicioautenticacion:servicio-autenticacion:0.0.1-SNAPSHOT with classifier null to /servicio-autenticacion/target/classes
2025-04-11 18:10:23,846 [Worker-43: Building] ERROR o.e.m.c.i.URLConnectionCaches - Unexpected URLConnection defaultUseCaches enabled
2025-04-11 18:10:23,848 [Worker-43: Building] INFO  o.a.m.s.f.DefaultMavenResourcesFiltering - Copying 1 resource from src\main\resources to target\classes
2025-04-11 18:10:23,864 [Worker-43: Building] INFO  o.a.m.s.f.DefaultMavenResourcesFiltering - Copying 2 resources from src\main\resources to target\classes
2025-04-11 18:10:23,865 [Worker-43: Building] INFO  o.a.m.s.f.DefaultMavenResourcesFiltering - skip non existing resourceDirectory C:\Users\Rosmira\OneDrive\Documentos\PruebasBBVA\workspace\servicio-conversion-divisas\src\test\resources
2025-04-11 18:10:30,018 [Worker-48: Launching Rerun testConvertirExitoso()] INFO  o.e.m.c.i.p.WorkspaceClassifierResolverManager - Resolving P/servicio-autenticacion: com.bbva.servicioautenticacion:servicio-autenticacion:0.0.1-SNAPSHOT with classifier null to /servicio-autenticacion/target/classes
2025-04-11 18:10:30,143 [Worker-48: Launching Rerun testConvertirExitoso()] INFO  o.e.m.c.i.p.WorkspaceClassifierResolverManager - Resolving P/servicio-autenticacion: com.bbva.servicioautenticacion:servicio-autenticacion:0.0.1-SNAPSHOT with classifier null to /servicio-autenticacion/target/classes
2025-04-11 18:10:30,212 [Worker-48: Launching Rerun testConvertirExitoso()] INFO  o.e.m.c.i.p.WorkspaceClassifierResolverManager - Resolving P/servicio-autenticacion: com.bbva.servicioautenticacion:servicio-autenticacion:0.0.1-SNAPSHOT with classifier null to /servicio-autenticacion/target/classes
2025-04-12 08:50:07,124 [Worker-9: Loading available Gradle versions] INFO  o.e.b.c.i.u.g.PublishedGradleVersions - Gradle version information cache is out-of-date. Trying to update.
2025-04-12 09:23:00,053 [Worker-21: Check for devtools] INFO  o.e.m.c.i.p.WorkspaceClassifierResolverManager - Resolving P/servicio-autenticacion: com.bbva.servicioautenticacion:servicio-autenticacion:0.0.1-SNAPSHOT with classifier  to /servicio-autenticacion/target/classes
2025-04-12 09:25:18,670 [Worker-27: Launching servicio-conversion-divisas - ServicioConversionDivisasApplication] INFO  o.e.m.c.i.p.WorkspaceClassifierResolverManager - Resolving P/servicio-autenticacion: com.bbva.servicioautenticacion:servicio-autenticacion:0.0.1-SNAPSHOT with classifier null to /servicio-autenticacion/target/classes
2025-04-12 09:25:18,768 [Worker-27: Launching servicio-conversion-divisas - ServicioConversionDivisasApplication] INFO  o.e.m.c.i.p.WorkspaceClassifierResolverManager - Resolving P/servicio-autenticacion: com.bbva.servicioautenticacion:servicio-autenticacion:0.0.1-SNAPSHOT with classifier null to /servicio-autenticacion/target/classes
2025-04-12 09:25:18,847 [Worker-27: Launching servicio-conversion-divisas - ServicioConversionDivisasApplication] INFO  o.e.m.c.i.p.WorkspaceClassifierResolverManager - Resolving P/servicio-autenticacion: com.bbva.servicioautenticacion:servicio-autenticacion:0.0.1-SNAPSHOT with classifier null to /servicio-autenticacion/target/classes
2025-04-12 14:35:01,448 [Worker-27: Building] ERROR o.e.m.c.i.URLConnectionCaches - Unexpected URLConnection defaultUseCaches enabled
2025-04-12 14:35:02,063 [Worker-27: Building] INFO  o.e.m.c.i.e.AbstractTransferListenerAdapter - Downloading https://repo.maven.apache.org/maven2/org/jacoco/jacoco-maven-plugin/0.8.8/jacoco-maven-plugin-0.8.8.pom
2025-04-12 14:35:02,077 [Worker-27: Building] INFO  o.e.m.c.i.e.AbstractTransferListenerAdapter - Downloaded https://repo.maven.apache.org/maven2/org/jacoco/jacoco-maven-plugin/0.8.8/jacoco-maven-plugin-0.8.8.pom
2025-04-12 14:35:02,102 [Worker-27: Building] INFO  o.e.m.c.i.e.AbstractTransferListenerAdapter - Downloading https://repo.maven.apache.org/maven2/org/jacoco/org.jacoco.build/0.8.8/org.jacoco.build-0.8.8.pom
2025-04-12 14:35:02,123 [Worker-27: Building] INFO  o.e.m.c.i.e.AbstractTransferListenerAdapter - Downloaded https://repo.maven.apache.org/maven2/org/jacoco/org.jacoco.build/0.8.8/org.jacoco.build-0.8.8.pom
2025-04-12 14:35:02,140 [Worker-27: Building] INFO  o.e.m.c.i.e.AbstractTransferListenerAdapter - Downloading https://repo.maven.apache.org/maven2/org/jacoco/jacoco-maven-plugin/0.8.8/jacoco-maven-plugin-0.8.8.jar
2025-04-12 14:35:02,154 [Worker-27: Building] INFO  o.e.m.c.i.e.AbstractTransferListenerAdapter - Downloaded https://repo.maven.apache.org/maven2/org/jacoco/jacoco-maven-plugin/0.8.8/jacoco-maven-plugin-0.8.8.jar
2025-04-12 14:35:02,523 [Worker-27: Building] INFO  o.e.m.c.i.l.LifecycleMappingFactory - Using org.eclipse.m2e.jdt.JarLifecycleMapping lifecycle mapping for MavenProject: com.bbva.servicioconversiondivisas:servicio-conversion-divisas:0.0.1-SNAPSHOT @ C:\Users\Rosmira\OneDrive\Documentos\PruebasBBVA\workspace\servicio-conversion-divisas\pom.xml.
2025-04-12 14:35:03,108 [Worker-27: Building] INFO  o.e.m.c.i.p.WorkspaceClassifierResolverManager - Resolving P/servicio-autenticacion: com.bbva.servicioautenticacion:servicio-autenticacion:0.0.1-SNAPSHOT with classifier  to /servicio-autenticacion/target/classes
2025-04-12 14:35:03,654 [Worker-27: Building] ERROR o.e.m.c.i.URLConnectionCaches - Unexpected URLConnection defaultUseCaches enabled
2025-04-12 14:35:03,854 [Worker-27: Building] INFO  o.a.m.s.f.DefaultMavenResourcesFiltering - Copying 1 resource from src\main\resources to target\classes
2025-04-12 14:35:03,888 [Worker-27: Building] INFO  o.a.m.s.f.DefaultMavenResourcesFiltering - Copying 2 resources from src\main\resources to target\classes
2025-04-12 14:35:03,897 [Worker-27: Building] INFO  o.a.m.s.f.DefaultMavenResourcesFiltering - skip non existing resourceDirectory C:\Users\Rosmira\OneDrive\Documentos\PruebasBBVA\workspace\servicio-conversion-divisas\src\test\resources
2025-04-12 14:35:04,492 [Worker-32: Updating Maven Project] INFO  o.e.m.c.i.p.ProjectConfigurationManager - Update started
2025-04-12 14:35:04,544 [Worker-32: Updating Maven Project] ERROR o.e.m.c.i.URLConnectionCaches - Unexpected URLConnection defaultUseCaches enabled
2025-04-12 14:35:05,148 [Worker-32: Updating Maven Project] INFO  o.e.m.c.i.l.LifecycleMappingFactory - Using org.eclipse.m2e.jdt.JarLifecycleMapping lifecycle mapping for MavenProject: com.bbva.servicioconversiondivisas:servicio-conversion-divisas:0.0.1-SNAPSHOT @ C:\Users\Rosmira\OneDrive\Documentos\PruebasBBVA\workspace\servicio-conversion-divisas\pom.xml.
2025-04-12 14:35:05,812 [Worker-32: Updating Maven Project] INFO  o.e.m.c.i.p.WorkspaceClassifierResolverManager - Resolving P/servicio-autenticacion: com.bbva.servicioautenticacion:servicio-autenticacion:0.0.1-SNAPSHOT with classifier  to /servicio-autenticacion/target/classes
2025-04-12 14:35:06,288 [Worker-32: Updating Maven Project] ERROR o.e.m.c.i.URLConnectionCaches - Unexpected URLConnection defaultUseCaches enabled
2025-04-12 14:35:06,482 [Worker-32: Updating Maven Project] INFO  o.e.m.j.i.AbstractJavaProjectConfigurator - Adding source folder /servicio-conversion-divisas/src/main/java
2025-04-12 14:35:06,486 [Worker-32: Updating Maven Project] INFO  o.e.m.j.i.AbstractJavaProjectConfigurator - Adding resource folder /servicio-conversion-divisas/src/main/resources
2025-04-12 14:35:06,489 [Worker-32: Updating Maven Project] INFO  o.e.m.j.i.AbstractJavaProjectConfigurator - Adding resource folder /servicio-conversion-divisas/src/main/resources
2025-04-12 14:35:06,491 [Worker-32: Updating Maven Project] INFO  o.e.m.j.i.AbstractJavaProjectConfigurator - Adding source folder /servicio-conversion-divisas/src/test/java
2025-04-12 14:35:06,495 [Worker-32: Updating Maven Project] INFO  o.e.m.j.i.AbstractJavaProjectConfigurator - Adding resource folder /servicio-conversion-divisas/src/test/resources
2025-04-12 14:35:06,817 [Worker-32: Updating Maven Project] INFO  o.e.m.jdt.internal.UnitTestSupport - Reset launch configuration name: ContextLoadTest
2025-04-12 14:35:06,817 [Worker-32: Updating Maven Project] INFO  o.e.m.jdt.internal.UnitTestSupport - Updating ContextLoadTest from maven configuration
2025-04-12 14:35:07,146 [Worker-32: Updating Maven Project] INFO  o.e.m.jdt.internal.UnitTestSupport - Reset launch configuration name: ConvertirDivisasControllerTest
2025-04-12 14:35:07,146 [Worker-32: Updating Maven Project] INFO  o.e.m.jdt.internal.UnitTestSupport - Updating ConvertirDivisasControllerTest from maven configuration
2025-04-12 14:35:07,157 [Worker-32: Updating Maven Project] INFO  o.e.m.jdt.internal.UnitTestSupport - Reset launch configuration name: ConvertirDivisasServiceTest
2025-04-12 14:35:07,158 [Worker-32: Updating Maven Project] INFO  o.e.m.jdt.internal.UnitTestSupport - Updating ConvertirDivisasServiceTest from maven configuration
2025-04-12 14:35:07,172 [Worker-32: Updating Maven Project] INFO  o.e.m.jdt.internal.UnitTestSupport - Reset launch configuration name: ServicioConversionDivisasApplicationTests
2025-04-12 14:35:07,173 [Worker-32: Updating Maven Project] INFO  o.e.m.jdt.internal.UnitTestSupport - Updating ServicioConversionDivisasApplicationTests from maven configuration
2025-04-12 14:35:07,408 [Worker-32: Updating Maven Project] INFO  o.e.m.c.i.p.ProjectConfigurationManager - Update completed for 1 poms: local refresh takes 0,00 sec, refresh facades takes 1,00 sec, update config takes 0,00 sec 
2025-04-12 14:35:07,427 [Worker-33: Updating Maven Project] INFO  o.e.m.c.i.p.ProjectConfigurationManager - Update started
2025-04-12 14:35:07,475 [Worker-33: Updating Maven Project] ERROR o.e.m.c.i.URLConnectionCaches - Unexpected URLConnection defaultUseCaches enabled
2025-04-12 14:35:07,982 [Worker-33: Updating Maven Project] INFO  o.e.m.c.i.l.LifecycleMappingFactory - Using org.eclipse.m2e.jdt.JarLifecycleMapping lifecycle mapping for MavenProject: com.bbva.servicioconversiondivisas:servicio-conversion-divisas:0.0.1-SNAPSHOT @ C:\Users\Rosmira\OneDrive\Documentos\PruebasBBVA\workspace\servicio-conversion-divisas\pom.xml.
2025-04-12 14:35:08,486 [Worker-33: Updating Maven Project] INFO  o.e.m.c.i.p.WorkspaceClassifierResolverManager - Resolving P/servicio-autenticacion: com.bbva.servicioautenticacion:servicio-autenticacion:0.0.1-SNAPSHOT with classifier  to /servicio-autenticacion/target/classes
2025-04-12 14:35:09,215 [Worker-33: Updating Maven Project] ERROR o.e.m.c.i.URLConnectionCaches - Unexpected URLConnection defaultUseCaches enabled
2025-04-12 14:35:09,251 [Worker-33: Updating Maven Project] INFO  o.e.m.j.i.AbstractJavaProjectConfigurator - Adding source folder /servicio-conversion-divisas/src/main/java
2025-04-12 14:35:09,253 [Worker-33: Updating Maven Project] INFO  o.e.m.j.i.AbstractJavaProjectConfigurator - Adding resource folder /servicio-conversion-divisas/src/main/resources
2025-04-12 14:35:09,254 [Worker-33: Updating Maven Project] INFO  o.e.m.j.i.AbstractJavaProjectConfigurator - Adding resource folder /servicio-conversion-divisas/src/main/resources
2025-04-12 14:35:09,254 [Worker-33: Updating Maven Project] INFO  o.e.m.j.i.AbstractJavaProjectConfigurator - Adding source folder /servicio-conversion-divisas/src/test/java
2025-04-12 14:35:09,256 [Worker-33: Updating Maven Project] INFO  o.e.m.j.i.AbstractJavaProjectConfigurator - Adding resource folder /servicio-conversion-divisas/src/test/resources
2025-04-12 14:35:09,458 [Worker-33: Updating Maven Project] INFO  o.e.m.jdt.internal.UnitTestSupport - Reset launch configuration name: ContextLoadTest
2025-04-12 14:35:09,459 [Worker-33: Updating Maven Project] INFO  o.e.m.jdt.internal.UnitTestSupport - Updating ContextLoadTest from maven configuration
2025-04-12 14:35:09,476 [Worker-33: Updating Maven Project] INFO  o.e.m.jdt.internal.UnitTestSupport - Reset launch configuration name: ConvertirDivisasControllerTest
2025-04-12 14:35:09,477 [Worker-33: Updating Maven Project] INFO  o.e.m.jdt.internal.UnitTestSupport - Updating ConvertirDivisasControllerTest from maven configuration
2025-04-12 14:35:09,483 [Worker-33: Updating Maven Project] INFO  o.e.m.jdt.internal.UnitTestSupport - Reset launch configuration name: ConvertirDivisasServiceTest
2025-04-12 14:35:09,483 [Worker-33: Updating Maven Project] INFO  o.e.m.jdt.internal.UnitTestSupport - Updating ConvertirDivisasServiceTest from maven configuration
2025-04-12 14:35:09,489 [Worker-33: Updating Maven Project] INFO  o.e.m.jdt.internal.UnitTestSupport - Reset launch configuration name: ServicioConversionDivisasApplicationTests
2025-04-12 14:35:09,489 [Worker-33: Updating Maven Project] INFO  o.e.m.jdt.internal.UnitTestSupport - Updating ServicioConversionDivisasApplicationTests from maven configuration
2025-04-12 14:35:09,633 [Worker-33: Updating Maven Project] INFO  o.e.m.c.i.p.ProjectConfigurationManager - Update completed for 1 poms: local refresh takes 0,00 sec, refresh facades takes 1,00 sec, update config takes 0,00 sec 
2025-04-12 14:35:10,817 [Worker-28: Building] ERROR o.e.m.c.i.URLConnectionCaches - Unexpected URLConnection defaultUseCaches enabled
2025-04-12 14:35:10,966 [Worker-28: Building] INFO  o.a.m.s.f.DefaultMavenResourcesFiltering - Copying 1 resource from src\main\resources to target\classes
2025-04-12 14:35:10,991 [Worker-28: Building] INFO  o.a.m.s.f.DefaultMavenResourcesFiltering - Copying 2 resources from src\main\resources to target\classes
2025-04-12 14:35:11,006 [Worker-28: Building] INFO  o.a.m.s.f.DefaultMavenResourcesFiltering - skip non existing resourceDirectory C:\Users\Rosmira\OneDrive\Documentos\PruebasBBVA\workspace\servicio-conversion-divisas\src\test\resources
2025-04-12 14:35:28,773 [Worker-34: Launching Executing test in C__Users_Rosmira_OneDrive_Documentos_PruebasBBVA_workspace_servicio-conversion-divisas] INFO  o.eclipse.m2e.core.internal.Bundles - getClasspathEntries(Bundle=org.eclipse.m2e.maven.runtime_3.9.900.20250220-2013 [361])
2025-04-12 14:35:28,774 [Worker-34: Launching Executing test in C__Users_Rosmira_OneDrive_Documentos_PruebasBBVA_workspace_servicio-conversion-divisas] INFO  o.eclipse.m2e.core.internal.Bundles - 	Entry: C:\Users\Rosmira\OneDrive\Documentos\CapacitacionSpring\sts-4.29.1.RELEASE\plugins\org.eclipse.m2e.maven.runtime_3.9.900.20250220-2013
2025-04-12 14:35:28,774 [Worker-34: Launching Executing test in C__Users_Rosmira_OneDrive_Documentos_PruebasBBVA_workspace_servicio-conversion-divisas] INFO  o.eclipse.m2e.core.internal.Bundles - 	Entry: C:\Users\Rosmira\OneDrive\Documentos\CapacitacionSpring\sts-4.29.1.RELEASE\plugins\org.eclipse.m2e.maven.runtime_3.9.900.20250220-2013\jars\aopalliance-1.0.jar
2025-04-12 14:35:28,775 [Worker-34: Launching Executing test in C__Users_Rosmira_OneDrive_Documentos_PruebasBBVA_workspace_servicio-conversion-divisas] INFO  o.eclipse.m2e.core.internal.Bundles - 	Entry: C:\Users\Rosmira\OneDrive\Documentos\CapacitacionSpring\sts-4.29.1.RELEASE\plugins\org.eclipse.m2e.maven.runtime_3.9.900.20250220-2013\jars\guice-5.1.0.jar
2025-04-12 14:35:28,775 [Worker-34: Launching Executing test in C__Users_Rosmira_OneDrive_Documentos_PruebasBBVA_workspace_servicio-conversion-divisas] INFO  o.eclipse.m2e.core.internal.Bundles - 	Entry: C:\Users\Rosmira\OneDrive\Documentos\CapacitacionSpring\sts-4.29.1.RELEASE\plugins\org.eclipse.m2e.maven.runtime_3.9.900.20250220-2013\jars\httpclient-4.5.14.jar
2025-04-12 14:35:28,775 [Worker-34: Launching Executing test in C__Users_Rosmira_OneDrive_Documentos_PruebasBBVA_workspace_servicio-conversion-divisas] INFO  o.eclipse.m2e.core.internal.Bundles - 	Entry: C:\Users\Rosmira\OneDrive\Documentos\CapacitacionSpring\sts-4.29.1.RELEASE\plugins\org.eclipse.m2e.maven.runtime_3.9.900.20250220-2013\jars\httpcore-4.4.16.jar
2025-04-12 14:35:28,775 [Worker-34: Launching Executing test in C__Users_Rosmira_OneDrive_Documentos_PruebasBBVA_workspace_servicio-conversion-divisas] INFO  o.eclipse.m2e.core.internal.Bundles - 	Entry: C:\Users\Rosmira\OneDrive\Documentos\CapacitacionSpring\sts-4.29.1.RELEASE\plugins\org.eclipse.m2e.maven.runtime_3.9.900.20250220-2013\jars\jansi-2.4.1.jar
2025-04-12 14:35:28,775 [Worker-34: Launching Executing test in C__Users_Rosmira_OneDrive_Documentos_PruebasBBVA_workspace_servicio-conversion-divisas] INFO  o.eclipse.m2e.core.internal.Bundles - 	Entry: C:\Users\Rosmira\OneDrive\Documentos\CapacitacionSpring\sts-4.29.1.RELEASE\plugins\org.eclipse.m2e.maven.runtime_3.9.900.20250220-2013\jars\jcl-over-slf4j-1.7.36.jar
2025-04-12 14:35:28,775 [Worker-34: Launching Executing test in C__Users_Rosmira_OneDrive_Documentos_PruebasBBVA_workspace_servicio-conversion-divisas] INFO  o.eclipse.m2e.core.internal.Bundles - 	Entry: C:\Users\Rosmira\OneDrive\Documentos\CapacitacionSpring\sts-4.29.1.RELEASE\plugins\org.eclipse.m2e.maven.runtime_3.9.900.20250220-2013\jars\maven-artifact-3.9.9.jar
2025-04-12 14:35:28,775 [Worker-34: Launching Executing test in C__Users_Rosmira_OneDrive_Documentos_PruebasBBVA_workspace_servicio-conversion-divisas] INFO  o.eclipse.m2e.core.internal.Bundles - 	Entry: C:\Users\Rosmira\OneDrive\Documentos\CapacitacionSpring\sts-4.29.1.RELEASE\plugins\org.eclipse.m2e.maven.runtime_3.9.900.20250220-2013\jars\maven-builder-support-3.9.9.jar
2025-04-12 14:35:28,775 [Worker-34: Launching Executing test in C__Users_Rosmira_OneDrive_Documentos_PruebasBBVA_workspace_servicio-conversion-divisas] INFO  o.eclipse.m2e.core.internal.Bundles - 	Entry: C:\Users\Rosmira\OneDrive\Documentos\CapacitacionSpring\sts-4.29.1.RELEASE\plugins\org.eclipse.m2e.maven.runtime_3.9.900.20250220-2013\jars\maven-compat-3.9.9.jar
2025-04-12 14:35:28,775 [Worker-34: Launching Executing test in C__Users_Rosmira_OneDrive_Documentos_PruebasBBVA_workspace_servicio-conversion-divisas] INFO  o.eclipse.m2e.core.internal.Bundles - 	Entry: C:\Users\Rosmira\OneDrive\Documentos\CapacitacionSpring\sts-4.29.1.RELEASE\plugins\org.eclipse.m2e.maven.runtime_3.9.900.20250220-2013\jars\maven-core-3.9.9.jar
2025-04-12 14:35:28,775 [Worker-34: Launching Executing test in C__Users_Rosmira_OneDrive_Documentos_PruebasBBVA_workspace_servicio-conversion-divisas] INFO  o.eclipse.m2e.core.internal.Bundles - 	Entry: C:\Users\Rosmira\OneDrive\Documentos\CapacitacionSpring\sts-4.29.1.RELEASE\plugins\org.eclipse.m2e.maven.runtime_3.9.900.20250220-2013\jars\maven-embedder-3.9.9.jar
2025-04-12 14:35:28,775 [Worker-34: Launching Executing test in C__Users_Rosmira_OneDrive_Documentos_PruebasBBVA_workspace_servicio-conversion-divisas] INFO  o.eclipse.m2e.core.internal.Bundles - 	Entry: C:\Users\Rosmira\OneDrive\Documentos\CapacitacionSpring\sts-4.29.1.RELEASE\plugins\org.eclipse.m2e.maven.runtime_3.9.900.20250220-2013\jars\maven-model-3.9.9.jar
2025-04-12 14:35:28,775 [Worker-34: Launching Executing test in C__Users_Rosmira_OneDrive_Documentos_PruebasBBVA_workspace_servicio-conversion-divisas] INFO  o.eclipse.m2e.core.internal.Bundles - 	Entry: C:\Users\Rosmira\OneDrive\Documentos\CapacitacionSpring\sts-4.29.1.RELEASE\plugins\org.eclipse.m2e.maven.runtime_3.9.900.20250220-2013\jars\maven-model-builder-3.9.9.jar
2025-04-12 14:35:28,775 [Worker-34: Launching Executing test in C__Users_Rosmira_OneDrive_Documentos_PruebasBBVA_workspace_servicio-conversion-divisas] INFO  o.eclipse.m2e.core.internal.Bundles - 	Entry: C:\Users\Rosmira\OneDrive\Documentos\CapacitacionSpring\sts-4.29.1.RELEASE\plugins\org.eclipse.m2e.maven.runtime_3.9.900.20250220-2013\jars\maven-plugin-api-3.9.9.jar
2025-04-12 14:35:28,775 [Worker-34: Launching Executing test in C__Users_Rosmira_OneDrive_Documentos_PruebasBBVA_workspace_servicio-conversion-divisas] INFO  o.eclipse.m2e.core.internal.Bundles - 	Entry: C:\Users\Rosmira\OneDrive\Documentos\CapacitacionSpring\sts-4.29.1.RELEASE\plugins\org.eclipse.m2e.maven.runtime_3.9.900.20250220-2013\jars\maven-repository-metadata-3.9.9.jar
2025-04-12 14:35:28,776 [Worker-34: Launching Executing test in C__Users_Rosmira_OneDrive_Documentos_PruebasBBVA_workspace_servicio-conversion-divisas] INFO  o.eclipse.m2e.core.internal.Bundles - 	Entry: C:\Users\Rosmira\OneDrive\Documentos\CapacitacionSpring\sts-4.29.1.RELEASE\plugins\org.eclipse.m2e.maven.runtime_3.9.900.20250220-2013\jars\maven-resolver-api-1.9.22.jar
2025-04-12 14:35:28,776 [Worker-34: Launching Executing test in C__Users_Rosmira_OneDrive_Documentos_PruebasBBVA_workspace_servicio-conversion-divisas] INFO  o.eclipse.m2e.core.internal.Bundles - 	Entry: C:\Users\Rosmira\OneDrive\Documentos\CapacitacionSpring\sts-4.29.1.RELEASE\plugins\org.eclipse.m2e.maven.runtime_3.9.900.20250220-2013\jars\maven-resolver-connector-basic-1.9.22.jar
2025-04-12 14:35:28,776 [Worker-34: Launching Executing test in C__Users_Rosmira_OneDrive_Documentos_PruebasBBVA_workspace_servicio-conversion-divisas] INFO  o.eclipse.m2e.core.internal.Bundles - 	Entry: C:\Users\Rosmira\OneDrive\Documentos\CapacitacionSpring\sts-4.29.1.RELEASE\plugins\org.eclipse.m2e.maven.runtime_3.9.900.20250220-2013\jars\maven-resolver-impl-1.9.22.jar
2025-04-12 14:35:28,776 [Worker-34: Launching Executing test in C__Users_Rosmira_OneDrive_Documentos_PruebasBBVA_workspace_servicio-conversion-divisas] INFO  o.eclipse.m2e.core.internal.Bundles - 	Entry: C:\Users\Rosmira\OneDrive\Documentos\CapacitacionSpring\sts-4.29.1.RELEASE\plugins\org.eclipse.m2e.maven.runtime_3.9.900.20250220-2013\jars\maven-resolver-named-locks-1.9.22.jar
2025-04-12 14:35:28,776 [Worker-34: Launching Executing test in C__Users_Rosmira_OneDrive_Documentos_PruebasBBVA_workspace_servicio-conversion-divisas] INFO  o.eclipse.m2e.core.internal.Bundles - 	Entry: C:\Users\Rosmira\OneDrive\Documentos\CapacitacionSpring\sts-4.29.1.RELEASE\plugins\org.eclipse.m2e.maven.runtime_3.9.900.20250220-2013\jars\maven-resolver-provider-3.9.9.jar
2025-04-12 14:35:28,776 [Worker-34: Launching Executing test in C__Users_Rosmira_OneDrive_Documentos_PruebasBBVA_workspace_servicio-conversion-divisas] INFO  o.eclipse.m2e.core.internal.Bundles - 	Entry: C:\Users\Rosmira\OneDrive\Documentos\CapacitacionSpring\sts-4.29.1.RELEASE\plugins\org.eclipse.m2e.maven.runtime_3.9.900.20250220-2013\jars\maven-resolver-spi-1.9.22.jar
2025-04-12 14:35:28,776 [Worker-34: Launching Executing test in C__Users_Rosmira_OneDrive_Documentos_PruebasBBVA_workspace_servicio-conversion-divisas] INFO  o.eclipse.m2e.core.internal.Bundles - 	Entry: C:\Users\Rosmira\OneDrive\Documentos\CapacitacionSpring\sts-4.29.1.RELEASE\plugins\org.eclipse.m2e.maven.runtime_3.9.900.20250220-2013\jars\maven-resolver-transport-file-1.9.22.jar
2025-04-12 14:35:28,776 [Worker-34: Launching Executing test in C__Users_Rosmira_OneDrive_Documentos_PruebasBBVA_workspace_servicio-conversion-divisas] INFO  o.eclipse.m2e.core.internal.Bundles - 	Entry: C:\Users\Rosmira\OneDrive\Documentos\CapacitacionSpring\sts-4.29.1.RELEASE\plugins\org.eclipse.m2e.maven.runtime_3.9.900.20250220-2013\jars\maven-resolver-transport-http-1.9.22.jar
2025-04-12 14:35:28,776 [Worker-34: Launching Executing test in C__Users_Rosmira_OneDrive_Documentos_PruebasBBVA_workspace_servicio-conversion-divisas] INFO  o.eclipse.m2e.core.internal.Bundles - 	Entry: C:\Users\Rosmira\OneDrive\Documentos\CapacitacionSpring\sts-4.29.1.RELEASE\plugins\org.eclipse.m2e.maven.runtime_3.9.900.20250220-2013\jars\maven-resolver-transport-wagon-1.9.22.jar
2025-04-12 14:35:28,776 [Worker-34: Launching Executing test in C__Users_Rosmira_OneDrive_Documentos_PruebasBBVA_workspace_servicio-conversion-divisas] INFO  o.eclipse.m2e.core.internal.Bundles - 	Entry: C:\Users\Rosmira\OneDrive\Documentos\CapacitacionSpring\sts-4.29.1.RELEASE\plugins\org.eclipse.m2e.maven.runtime_3.9.900.20250220-2013\jars\maven-resolver-util-1.9.22.jar
2025-04-12 14:35:28,776 [Worker-34: Launching Executing test in C__Users_Rosmira_OneDrive_Documentos_PruebasBBVA_workspace_servicio-conversion-divisas] INFO  o.eclipse.m2e.core.internal.Bundles - 	Entry: C:\Users\Rosmira\OneDrive\Documentos\CapacitacionSpring\sts-4.29.1.RELEASE\plugins\org.eclipse.m2e.maven.runtime_3.9.900.20250220-2013\jars\maven-settings-3.9.9.jar
2025-04-12 14:35:28,776 [Worker-34: Launching Executing test in C__Users_Rosmira_OneDrive_Documentos_PruebasBBVA_workspace_servicio-conversion-divisas] INFO  o.eclipse.m2e.core.internal.Bundles - 	Entry: C:\Users\Rosmira\OneDrive\Documentos\CapacitacionSpring\sts-4.29.1.RELEASE\plugins\org.eclipse.m2e.maven.runtime_3.9.900.20250220-2013\jars\maven-settings-builder-3.9.9.jar
2025-04-12 14:35:28,776 [Worker-34: Launching Executing test in C__Users_Rosmira_OneDrive_Documentos_PruebasBBVA_workspace_servicio-conversion-divisas] INFO  o.eclipse.m2e.core.internal.Bundles - 	Entry: C:\Users\Rosmira\OneDrive\Documentos\CapacitacionSpring\sts-4.29.1.RELEASE\plugins\org.eclipse.m2e.maven.runtime_3.9.900.20250220-2013\jars\maven-shared-utils-3.4.2.jar
2025-04-12 14:35:28,776 [Worker-34: Launching Executing test in C__Users_Rosmira_OneDrive_Documentos_PruebasBBVA_workspace_servicio-conversion-divisas] INFO  o.eclipse.m2e.core.internal.Bundles - 	Entry: C:\Users\Rosmira\OneDrive\Documentos\CapacitacionSpring\sts-4.29.1.RELEASE\plugins\org.eclipse.m2e.maven.runtime_3.9.900.20250220-2013\jars\org.eclipse.sisu.inject-0.9.0.M3.jar
2025-04-12 14:35:28,776 [Worker-34: Launching Executing test in C__Users_Rosmira_OneDrive_Documentos_PruebasBBVA_workspace_servicio-conversion-divisas] INFO  o.eclipse.m2e.core.internal.Bundles - 	Entry: C:\Users\Rosmira\OneDrive\Documentos\CapacitacionSpring\sts-4.29.1.RELEASE\plugins\org.eclipse.m2e.maven.runtime_3.9.900.20250220-2013\jars\org.eclipse.sisu.plexus-0.9.0.M3.jar
2025-04-12 14:35:28,777 [Worker-34: Launching Executing test in C__Users_Rosmira_OneDrive_Documentos_PruebasBBVA_workspace_servicio-conversion-divisas] INFO  o.eclipse.m2e.core.internal.Bundles - 	Entry: C:\Users\Rosmira\OneDrive\Documentos\CapacitacionSpring\sts-4.29.1.RELEASE\plugins\org.eclipse.m2e.maven.runtime_3.9.900.20250220-2013\jars\plexus-build-api-0.0.7.jar
2025-04-12 14:35:28,777 [Worker-34: Launching Executing test in C__Users_Rosmira_OneDrive_Documentos_PruebasBBVA_workspace_servicio-conversion-divisas] INFO  o.eclipse.m2e.core.internal.Bundles - 	Entry: C:\Users\Rosmira\OneDrive\Documentos\CapacitacionSpring\sts-4.29.1.RELEASE\plugins\org.eclipse.m2e.maven.runtime_3.9.900.20250220-2013\jars\plexus-build-api-1.2.0.jar
2025-04-12 14:35:28,777 [Worker-34: Launching Executing test in C__Users_Rosmira_OneDrive_Documentos_PruebasBBVA_workspace_servicio-conversion-divisas] INFO  o.eclipse.m2e.core.internal.Bundles - 	Entry: C:\Users\Rosmira\OneDrive\Documentos\CapacitacionSpring\sts-4.29.1.RELEASE\plugins\org.eclipse.m2e.maven.runtime_3.9.900.20250220-2013\jars\plexus-cipher-2.0.jar
2025-04-12 14:35:28,777 [Worker-34: Launching Executing test in C__Users_Rosmira_OneDrive_Documentos_PruebasBBVA_workspace_servicio-conversion-divisas] INFO  o.eclipse.m2e.core.internal.Bundles - 	Entry: C:\Users\Rosmira\OneDrive\Documentos\CapacitacionSpring\sts-4.29.1.RELEASE\plugins\org.eclipse.m2e.maven.runtime_3.9.900.20250220-2013\jars\plexus-classworlds-2.8.0.jar
2025-04-12 14:35:28,777 [Worker-34: Launching Executing test in C__Users_Rosmira_OneDrive_Documentos_PruebasBBVA_workspace_servicio-conversion-divisas] INFO  o.eclipse.m2e.core.internal.Bundles - 	Entry: C:\Users\Rosmira\OneDrive\Documentos\CapacitacionSpring\sts-4.29.1.RELEASE\plugins\org.eclipse.m2e.maven.runtime_3.9.900.20250220-2013\jars\plexus-component-annotations-2.1.0.jar
2025-04-12 14:35:28,777 [Worker-34: Launching Executing test in C__Users_Rosmira_OneDrive_Documentos_PruebasBBVA_workspace_servicio-conversion-divisas] INFO  o.eclipse.m2e.core.internal.Bundles - 	Entry: C:\Users\Rosmira\OneDrive\Documentos\CapacitacionSpring\sts-4.29.1.RELEASE\plugins\org.eclipse.m2e.maven.runtime_3.9.900.20250220-2013\jars\plexus-interpolation-1.27.jar
2025-04-12 14:35:28,777 [Worker-34: Launching Executing test in C__Users_Rosmira_OneDrive_Documentos_PruebasBBVA_workspace_servicio-conversion-divisas] INFO  o.eclipse.m2e.core.internal.Bundles - 	Entry: C:\Users\Rosmira\OneDrive\Documentos\CapacitacionSpring\sts-4.29.1.RELEASE\plugins\org.eclipse.m2e.maven.runtime_3.9.900.20250220-2013\jars\plexus-sec-dispatcher-2.0.jar
2025-04-12 14:35:28,777 [Worker-34: Launching Executing test in C__Users_Rosmira_OneDrive_Documentos_PruebasBBVA_workspace_servicio-conversion-divisas] INFO  o.eclipse.m2e.core.internal.Bundles - 	Entry: C:\Users\Rosmira\OneDrive\Documentos\CapacitacionSpring\sts-4.29.1.RELEASE\plugins\org.eclipse.m2e.maven.runtime_3.9.900.20250220-2013\jars\plexus-utils-3.5.1.jar
2025-04-12 14:35:28,777 [Worker-34: Launching Executing test in C__Users_Rosmira_OneDrive_Documentos_PruebasBBVA_workspace_servicio-conversion-divisas] INFO  o.eclipse.m2e.core.internal.Bundles - 	Entry: C:\Users\Rosmira\OneDrive\Documentos\CapacitacionSpring\sts-4.29.1.RELEASE\plugins\org.eclipse.m2e.maven.runtime_3.9.900.20250220-2013\jars\plexus-xml-3.0.1.jar
2025-04-12 14:35:28,777 [Worker-34: Launching Executing test in C__Users_Rosmira_OneDrive_Documentos_PruebasBBVA_workspace_servicio-conversion-divisas] INFO  o.eclipse.m2e.core.internal.Bundles - 	Entry: C:\Users\Rosmira\OneDrive\Documentos\CapacitacionSpring\sts-4.29.1.RELEASE\plugins\org.eclipse.m2e.maven.runtime_3.9.900.20250220-2013\jars\wagon-file-3.5.3.jar
2025-04-12 14:35:28,777 [Worker-34: Launching Executing test in C__Users_Rosmira_OneDrive_Documentos_PruebasBBVA_workspace_servicio-conversion-divisas] INFO  o.eclipse.m2e.core.internal.Bundles - 	Entry: C:\Users\Rosmira\OneDrive\Documentos\CapacitacionSpring\sts-4.29.1.RELEASE\plugins\org.eclipse.m2e.maven.runtime_3.9.900.20250220-2013\jars\wagon-http-3.5.3.jar
2025-04-12 14:35:28,777 [Worker-34: Launching Executing test in C__Users_Rosmira_OneDrive_Documentos_PruebasBBVA_workspace_servicio-conversion-divisas] INFO  o.eclipse.m2e.core.internal.Bundles - 	Entry: C:\Users\Rosmira\OneDrive\Documentos\CapacitacionSpring\sts-4.29.1.RELEASE\plugins\org.eclipse.m2e.maven.runtime_3.9.900.20250220-2013\jars\wagon-http-shared-3.5.3.jar
2025-04-12 14:35:28,777 [Worker-34: Launching Executing test in C__Users_Rosmira_OneDrive_Documentos_PruebasBBVA_workspace_servicio-conversion-divisas] INFO  o.eclipse.m2e.core.internal.Bundles - 	Entry: C:\Users\Rosmira\OneDrive\Documentos\CapacitacionSpring\sts-4.29.1.RELEASE\plugins\org.eclipse.m2e.maven.runtime_3.9.900.20250220-2013\jars\wagon-provider-api-3.5.3.jar
2025-04-12 14:35:28,778 [Worker-34: Launching Executing test in C__Users_Rosmira_OneDrive_Documentos_PruebasBBVA_workspace_servicio-conversion-divisas] INFO  o.eclipse.m2e.core.internal.Bundles - getClasspathEntries(Bundle=com.google.guava_33.4.0.jre [29])
2025-04-12 14:35:28,778 [Worker-34: Launching Executing test in C__Users_Rosmira_OneDrive_Documentos_PruebasBBVA_workspace_servicio-conversion-divisas] INFO  o.eclipse.m2e.core.internal.Bundles - 	Entry: C:\Users\Rosmira\OneDrive\Documentos\CapacitacionSpring\sts-4.29.1.RELEASE\plugins\com.google.guava_33.4.0.jre.jar
2025-04-12 14:35:28,778 [Worker-34: Launching Executing test in C__Users_Rosmira_OneDrive_Documentos_PruebasBBVA_workspace_servicio-conversion-divisas] INFO  o.eclipse.m2e.core.internal.Bundles - getClasspathEntries(Bundle=slf4j.api_2.0.17 [608])
2025-04-12 14:35:28,779 [Worker-34: Launching Executing test in C__Users_Rosmira_OneDrive_Documentos_PruebasBBVA_workspace_servicio-conversion-divisas] INFO  o.eclipse.m2e.core.internal.Bundles - 	Entry: C:\Users\Rosmira\OneDrive\Documentos\CapacitacionSpring\sts-4.29.1.RELEASE\plugins\slf4j.api_2.0.17.jar
2025-04-12 14:35:28,779 [Worker-34: Launching Executing test in C__Users_Rosmira_OneDrive_Documentos_PruebasBBVA_workspace_servicio-conversion-divisas] INFO  o.eclipse.m2e.core.internal.Bundles - getClasspathEntries(Bundle=jakarta.inject.jakarta.inject-api_1.0.5 [45])
2025-04-12 14:35:28,779 [Worker-34: Launching Executing test in C__Users_Rosmira_OneDrive_Documentos_PruebasBBVA_workspace_servicio-conversion-divisas] INFO  o.eclipse.m2e.core.internal.Bundles - 	Entry: C:\Users\Rosmira\OneDrive\Documentos\CapacitacionSpring\sts-4.29.1.RELEASE\plugins\jakarta.inject.jakarta.inject-api_1.0.5.jar
2025-04-12 14:35:28,779 [Worker-34: Launching Executing test in C__Users_Rosmira_OneDrive_Documentos_PruebasBBVA_workspace_servicio-conversion-divisas] INFO  o.eclipse.m2e.core.internal.Bundles - getClasspathEntries(Bundle=jakarta.annotation-api_1.3.5 [41])
2025-04-12 14:35:28,779 [Worker-34: Launching Executing test in C__Users_Rosmira_OneDrive_Documentos_PruebasBBVA_workspace_servicio-conversion-divisas] INFO  o.eclipse.m2e.core.internal.Bundles - 	Entry: C:\Users\Rosmira\OneDrive\Documentos\CapacitacionSpring\sts-4.29.1.RELEASE\plugins\jakarta.annotation-api_1.3.5.jar
2025-04-12 14:35:28,779 [Worker-34: Launching Executing test in C__Users_Rosmira_OneDrive_Documentos_PruebasBBVA_workspace_servicio-conversion-divisas] INFO  o.eclipse.m2e.core.internal.Bundles - getClasspathEntries(Bundle=org.apache.commons.cli_1.9.0 [77])
2025-04-12 14:35:28,779 [Worker-34: Launching Executing test in C__Users_Rosmira_OneDrive_Documentos_PruebasBBVA_workspace_servicio-conversion-divisas] INFO  o.eclipse.m2e.core.internal.Bundles - 	Entry: C:\Users\Rosmira\OneDrive\Documentos\CapacitacionSpring\sts-4.29.1.RELEASE\plugins\org.apache.commons.cli_1.9.0.jar
2025-04-12 14:35:28,779 [Worker-34: Launching Executing test in C__Users_Rosmira_OneDrive_Documentos_PruebasBBVA_workspace_servicio-conversion-divisas] INFO  o.eclipse.m2e.core.internal.Bundles - getClasspathEntries(Bundle=org.apache.commons.commons-codec_1.16.0 [79])
2025-04-12 14:35:28,779 [Worker-34: Launching Executing test in C__Users_Rosmira_OneDrive_Documentos_PruebasBBVA_workspace_servicio-conversion-divisas] INFO  o.eclipse.m2e.core.internal.Bundles - 	Entry: C:\Users\Rosmira\OneDrive\Documentos\CapacitacionSpring\sts-4.29.1.RELEASE\plugins\org.apache.commons.commons-codec_1.16.0.jar
2025-04-12 14:35:28,779 [Worker-34: Launching Executing test in C__Users_Rosmira_OneDrive_Documentos_PruebasBBVA_workspace_servicio-conversion-divisas] INFO  o.eclipse.m2e.core.internal.Bundles - getClasspathEntries(Bundle=com.google.guava.failureaccess_1.0.2 [30])
2025-04-12 14:35:28,780 [Worker-34: Launching Executing test in C__Users_Rosmira_OneDrive_Documentos_PruebasBBVA_workspace_servicio-conversion-divisas] INFO  o.eclipse.m2e.core.internal.Bundles - 	Entry: C:\Users\Rosmira\OneDrive\Documentos\CapacitacionSpring\sts-4.29.1.RELEASE\plugins\com.google.guava.failureaccess_1.0.2.jar
2025-04-12 14:35:28,783 [Worker-34: Launching Executing test in C__Users_Rosmira_OneDrive_Documentos_PruebasBBVA_workspace_servicio-conversion-divisas] INFO  o.e.m.i.launch.MavenLaunchDelegate - Run build in "C:\Users\Rosmira\OneDrive\Documentos\PruebasBBVA\workspace\servicio-conversion-divisas":
2025-04-12 14:35:28,784 [Worker-34: Launching Executing test in C__Users_Rosmira_OneDrive_Documentos_PruebasBBVA_workspace_servicio-conversion-divisas] INFO  o.e.m.i.launch.MavenLaunchDelegate -  mvn  -Ppom.xml -B -Dstyle.color=always test
2025-04-12 14:38:46,285 [Worker-27: Building] ERROR o.e.m.c.i.URLConnectionCaches - Unexpected URLConnection defaultUseCaches enabled
2025-04-12 14:45:38,204 [Worker-29: Building] ERROR o.e.m.c.i.URLConnectionCaches - Unexpected URLConnection defaultUseCaches enabled
2025-04-12 14:45:38,228 [Worker-29: Building] INFO  o.a.m.s.f.DefaultMavenResourcesFiltering - Copying 0 resource from src\main\resources to target\classes
2025-04-12 14:45:38,230 [Worker-29: Building] INFO  o.a.m.s.f.DefaultMavenResourcesFiltering - Copying 0 resource from src\main\resources to target\classes
2025-04-12 14:45:38,235 [Worker-29: Building] INFO  o.a.m.s.f.DefaultMavenResourcesFiltering - skip non existing resourceDirectory C:\Users\Rosmira\OneDrive\Documentos\PruebasBBVA\workspace\servicio-conversion-divisas\src\test\resources
2025-04-12 14:52:10,703 [Worker-33: Building] ERROR o.e.m.c.i.URLConnectionCaches - Unexpected URLConnection defaultUseCaches enabled
2025-04-12 14:52:10,711 [Worker-33: Building] INFO  o.a.m.s.f.DefaultMavenResourcesFiltering - Copying 0 resource from src\main\resources to target\classes
2025-04-12 14:52:10,713 [Worker-33: Building] INFO  o.a.m.s.f.DefaultMavenResourcesFiltering - Copying 0 resource from src\main\resources to target\classes
2025-04-12 14:52:10,719 [Worker-33: Building] INFO  o.a.m.s.f.DefaultMavenResourcesFiltering - skip non existing resourceDirectory C:\Users\Rosmira\OneDrive\Documentos\PruebasBBVA\workspace\servicio-conversion-divisas\src\test\resources
2025-04-12 14:56:03,291 [Worker-32: Building] ERROR o.e.m.c.i.URLConnectionCaches - Unexpected URLConnection defaultUseCaches enabled
2025-04-12 14:56:03,300 [Worker-32: Building] INFO  o.a.m.s.f.DefaultMavenResourcesFiltering - Copying 0 resource from src\main\resources to target\classes
2025-04-12 14:56:03,303 [Worker-32: Building] INFO  o.a.m.s.f.DefaultMavenResourcesFiltering - Copying 0 resource from src\main\resources to target\classes
2025-04-12 14:56:03,307 [Worker-32: Building] INFO  o.a.m.s.f.DefaultMavenResourcesFiltering - skip non existing resourceDirectory C:\Users\Rosmira\OneDrive\Documentos\PruebasBBVA\workspace\servicio-conversion-divisas\src\test\resources
2025-04-12 14:56:14,683 [Worker-28: Building] ERROR o.e.m.c.i.URLConnectionCaches - Unexpected URLConnection defaultUseCaches enabled
2025-04-12 14:56:14,691 [Worker-28: Building] INFO  o.a.m.s.f.DefaultMavenResourcesFiltering - Copying 0 resource from src\main\resources to target\classes
2025-04-12 14:56:14,695 [Worker-28: Building] INFO  o.a.m.s.f.DefaultMavenResourcesFiltering - Copying 0 resource from src\main\resources to target\classes
2025-04-12 14:56:14,700 [Worker-28: Building] INFO  o.a.m.s.f.DefaultMavenResourcesFiltering - skip non existing resourceDirectory C:\Users\Rosmira\OneDrive\Documentos\PruebasBBVA\workspace\servicio-conversion-divisas\src\test\resources
2025-04-12 14:56:34,749 [Worker-29: Launching ConvertirDivisasControllerTest] INFO  o.e.m.c.i.p.WorkspaceClassifierResolverManager - Resolving P/servicio-autenticacion: com.bbva.servicioautenticacion:servicio-autenticacion:0.0.1-SNAPSHOT with classifier null to /servicio-autenticacion/target/classes
2025-04-12 14:56:34,990 [Worker-29: Launching ConvertirDivisasControllerTest] INFO  o.e.m.c.i.p.WorkspaceClassifierResolverManager - Resolving P/servicio-autenticacion: com.bbva.servicioautenticacion:servicio-autenticacion:0.0.1-SNAPSHOT with classifier null to /servicio-autenticacion/target/classes
2025-04-12 14:56:35,096 [Worker-29: Launching ConvertirDivisasControllerTest] INFO  o.e.m.c.i.p.WorkspaceClassifierResolverManager - Resolving P/servicio-autenticacion: com.bbva.servicioautenticacion:servicio-autenticacion:0.0.1-SNAPSHOT with classifier null to /servicio-autenticacion/target/classes
2025-04-12 14:57:09,336 [Worker-27: Building] ERROR o.e.m.c.i.URLConnectionCaches - Unexpected URLConnection defaultUseCaches enabled
2025-04-12 14:57:09,344 [Worker-27: Building] INFO  o.a.m.s.f.DefaultMavenResourcesFiltering - Copying 0 resource from src\main\resources to target\classes
2025-04-12 14:57:09,345 [Worker-27: Building] INFO  o.a.m.s.f.DefaultMavenResourcesFiltering - Copying 0 resource from src\main\resources to target\classes
2025-04-12 14:57:09,349 [Worker-27: Building] INFO  o.a.m.s.f.DefaultMavenResourcesFiltering - skip non existing resourceDirectory C:\Users\Rosmira\OneDrive\Documentos\PruebasBBVA\workspace\servicio-conversion-divisas\src\test\resources
2025-04-12 14:57:16,149 [Worker-28: Launching Rerun testConvertirExitoso()] INFO  o.e.m.c.i.p.WorkspaceClassifierResolverManager - Resolving P/servicio-autenticacion: com.bbva.servicioautenticacion:servicio-autenticacion:0.0.1-SNAPSHOT with classifier null to /servicio-autenticacion/target/classes
2025-04-12 14:57:16,234 [Worker-28: Launching Rerun testConvertirExitoso()] INFO  o.e.m.c.i.p.WorkspaceClassifierResolverManager - Resolving P/servicio-autenticacion: com.bbva.servicioautenticacion:servicio-autenticacion:0.0.1-SNAPSHOT with classifier null to /servicio-autenticacion/target/classes
2025-04-12 14:57:16,302 [Worker-28: Launching Rerun testConvertirExitoso()] INFO  o.e.m.c.i.p.WorkspaceClassifierResolverManager - Resolving P/servicio-autenticacion: com.bbva.servicioautenticacion:servicio-autenticacion:0.0.1-SNAPSHOT with classifier null to /servicio-autenticacion/target/classes
2025-04-12 14:58:31,763 [Worker-38: Building] ERROR o.e.m.c.i.URLConnectionCaches - Unexpected URLConnection defaultUseCaches enabled
2025-04-12 14:58:31,767 [Worker-38: Building] INFO  o.a.m.s.f.DefaultMavenResourcesFiltering - Copying 0 resource from src\main\resources to target\classes
2025-04-12 14:58:31,768 [Worker-38: Building] INFO  o.a.m.s.f.DefaultMavenResourcesFiltering - Copying 0 resource from src\main\resources to target\classes
2025-04-12 14:58:31,770 [Worker-38: Building] INFO  o.a.m.s.f.DefaultMavenResourcesFiltering - skip non existing resourceDirectory C:\Users\Rosmira\OneDrive\Documentos\PruebasBBVA\workspace\servicio-conversion-divisas\src\test\resources
2025-04-12 14:58:37,299 [Worker-36: Launching Rerun testConvertirExitoso()] INFO  o.e.m.c.i.p.WorkspaceClassifierResolverManager - Resolving P/servicio-autenticacion: com.bbva.servicioautenticacion:servicio-autenticacion:0.0.1-SNAPSHOT with classifier null to /servicio-autenticacion/target/classes
2025-04-12 14:58:37,373 [Worker-36: Launching Rerun testConvertirExitoso()] INFO  o.e.m.c.i.p.WorkspaceClassifierResolverManager - Resolving P/servicio-autenticacion: com.bbva.servicioautenticacion:servicio-autenticacion:0.0.1-SNAPSHOT with classifier null to /servicio-autenticacion/target/classes
2025-04-12 14:58:37,442 [Worker-36: Launching Rerun testConvertirExitoso()] INFO  o.e.m.c.i.p.WorkspaceClassifierResolverManager - Resolving P/servicio-autenticacion: com.bbva.servicioautenticacion:servicio-autenticacion:0.0.1-SNAPSHOT with classifier null to /servicio-autenticacion/target/classes
2025-04-12 14:59:02,615 [Worker-27: Building] ERROR o.e.m.c.i.URLConnectionCaches - Unexpected URLConnection defaultUseCaches enabled
2025-04-12 14:59:02,620 [Worker-27: Building] INFO  o.a.m.s.f.DefaultMavenResourcesFiltering - Copying 0 resource from src\main\resources to target\classes
2025-04-12 14:59:02,621 [Worker-27: Building] INFO  o.a.m.s.f.DefaultMavenResourcesFiltering - Copying 0 resource from src\main\resources to target\classes
2025-04-12 14:59:02,624 [Worker-27: Building] INFO  o.a.m.s.f.DefaultMavenResourcesFiltering - skip non existing resourceDirectory C:\Users\Rosmira\OneDrive\Documentos\PruebasBBVA\workspace\servicio-conversion-divisas\src\test\resources
2025-04-12 15:01:53,490 [Worker-38: Building] ERROR o.e.m.c.i.URLConnectionCaches - Unexpected URLConnection defaultUseCaches enabled
2025-04-12 15:01:53,496 [Worker-38: Building] INFO  o.a.m.s.f.DefaultMavenResourcesFiltering - Copying 0 resource from src\main\resources to target\classes
2025-04-12 15:01:53,497 [Worker-38: Building] INFO  o.a.m.s.f.DefaultMavenResourcesFiltering - Copying 0 resource from src\main\resources to target\classes
2025-04-12 15:01:53,500 [Worker-38: Building] INFO  o.a.m.s.f.DefaultMavenResourcesFiltering - skip non existing resourceDirectory C:\Users\Rosmira\OneDrive\Documentos\PruebasBBVA\workspace\servicio-conversion-divisas\src\test\resources
2025-04-12 15:01:56,019 [Worker-36: Launching Rerun ConvertirDivisasControllerTest] INFO  o.e.m.c.i.p.WorkspaceClassifierResolverManager - Resolving P/servicio-autenticacion: com.bbva.servicioautenticacion:servicio-autenticacion:0.0.1-SNAPSHOT with classifier null to /servicio-autenticacion/target/classes
2025-04-12 15:01:56,137 [Worker-36: Launching Rerun ConvertirDivisasControllerTest] INFO  o.e.m.c.i.p.WorkspaceClassifierResolverManager - Resolving P/servicio-autenticacion: com.bbva.servicioautenticacion:servicio-autenticacion:0.0.1-SNAPSHOT with classifier null to /servicio-autenticacion/target/classes
2025-04-12 15:01:56,203 [Worker-36: Launching Rerun ConvertirDivisasControllerTest] INFO  o.e.m.c.i.p.WorkspaceClassifierResolverManager - Resolving P/servicio-autenticacion: com.bbva.servicioautenticacion:servicio-autenticacion:0.0.1-SNAPSHOT with classifier null to /servicio-autenticacion/target/classes
2025-04-12 15:02:01,916 [Worker-35: Building] ERROR o.e.m.c.i.URLConnectionCaches - Unexpected URLConnection defaultUseCaches enabled
2025-04-12 15:02:01,920 [Worker-35: Building] INFO  o.a.m.s.f.DefaultMavenResourcesFiltering - Copying 0 resource from src\main\resources to target\classes
2025-04-12 15:02:01,922 [Worker-35: Building] INFO  o.a.m.s.f.DefaultMavenResourcesFiltering - Copying 0 resource from src\main\resources to target\classes
2025-04-12 15:02:01,923 [Worker-35: Building] INFO  o.a.m.s.f.DefaultMavenResourcesFiltering - skip non existing resourceDirectory C:\Users\Rosmira\OneDrive\Documentos\PruebasBBVA\workspace\servicio-conversion-divisas\src\test\resources
2025-04-12 15:02:04,179 [Worker-38: Launching Rerun testConvertirExitoso()] INFO  o.e.m.c.i.p.WorkspaceClassifierResolverManager - Resolving P/servicio-autenticacion: com.bbva.servicioautenticacion:servicio-autenticacion:0.0.1-SNAPSHOT with classifier null to /servicio-autenticacion/target/classes
2025-04-12 15:02:04,254 [Worker-38: Launching Rerun testConvertirExitoso()] INFO  o.e.m.c.i.p.WorkspaceClassifierResolverManager - Resolving P/servicio-autenticacion: com.bbva.servicioautenticacion:servicio-autenticacion:0.0.1-SNAPSHOT with classifier null to /servicio-autenticacion/target/classes
2025-04-12 15:02:04,321 [Worker-38: Launching Rerun testConvertirExitoso()] INFO  o.e.m.c.i.p.WorkspaceClassifierResolverManager - Resolving P/servicio-autenticacion: com.bbva.servicioautenticacion:servicio-autenticacion:0.0.1-SNAPSHOT with classifier null to /servicio-autenticacion/target/classes
2025-04-12 15:02:35,816 [Worker-34: Building] ERROR o.e.m.c.i.URLConnectionCaches - Unexpected URLConnection defaultUseCaches enabled
2025-04-12 15:02:35,822 [Worker-34: Building] INFO  o.a.m.s.f.DefaultMavenResourcesFiltering - Copying 0 resource from src\main\resources to target\classes
2025-04-12 15:02:35,823 [Worker-34: Building] INFO  o.a.m.s.f.DefaultMavenResourcesFiltering - Copying 0 resource from src\main\resources to target\classes
2025-04-12 15:02:35,825 [Worker-34: Building] INFO  o.a.m.s.f.DefaultMavenResourcesFiltering - skip non existing resourceDirectory C:\Users\Rosmira\OneDrive\Documentos\PruebasBBVA\workspace\servicio-conversion-divisas\src\test\resources
2025-04-12 15:02:52,594 [Worker-32: Building] ERROR o.e.m.c.i.URLConnectionCaches - Unexpected URLConnection defaultUseCaches enabled
2025-04-12 15:02:52,600 [Worker-32: Building] INFO  o.a.m.s.f.DefaultMavenResourcesFiltering - Copying 1 resource from src\main\resources to target\classes
2025-04-12 15:02:52,605 [Worker-32: Building] INFO  o.a.m.s.f.DefaultMavenResourcesFiltering - Copying 2 resources from src\main\resources to target\classes
2025-04-12 15:02:52,609 [Worker-32: Building] INFO  o.a.m.s.f.DefaultMavenResourcesFiltering - skip non existing resourceDirectory C:\Users\Rosmira\OneDrive\Documentos\PruebasBBVA\workspace\servicio-conversion-divisas\src\test\resources
2025-04-12 15:04:03,441 [Worker-34: Building] ERROR o.e.m.c.i.URLConnectionCaches - Unexpected URLConnection defaultUseCaches enabled
2025-04-12 15:04:03,447 [Worker-34: Building] INFO  o.a.m.s.f.DefaultMavenResourcesFiltering - Copying 0 resource from src\main\resources to target\classes
2025-04-12 15:04:03,447 [Worker-34: Building] INFO  o.a.m.s.f.DefaultMavenResourcesFiltering - Copying 0 resource from src\main\resources to target\classes
2025-04-12 15:04:03,451 [Worker-34: Building] INFO  o.a.m.s.f.DefaultMavenResourcesFiltering - skip non existing resourceDirectory C:\Users\Rosmira\OneDrive\Documentos\PruebasBBVA\workspace\servicio-conversion-divisas\src\test\resources
2025-04-12 15:04:17,844 [Worker-38: Building] ERROR o.e.m.c.i.URLConnectionCaches - Unexpected URLConnection defaultUseCaches enabled
2025-04-12 15:04:17,847 [Worker-38: Building] INFO  o.a.m.s.f.DefaultMavenResourcesFiltering - Copying 0 resource from src\main\resources to target\classes
2025-04-12 15:04:17,849 [Worker-38: Building] INFO  o.a.m.s.f.DefaultMavenResourcesFiltering - Copying 0 resource from src\main\resources to target\classes
2025-04-12 15:04:17,851 [Worker-38: Building] INFO  o.a.m.s.f.DefaultMavenResourcesFiltering - skip non existing resourceDirectory C:\Users\Rosmira\OneDrive\Documentos\PruebasBBVA\workspace\servicio-conversion-divisas\src\test\resources
2025-04-12 15:06:22,415 [Worker-32: Building] ERROR o.e.m.c.i.URLConnectionCaches - Unexpected URLConnection defaultUseCaches enabled
2025-04-12 15:06:22,420 [Worker-32: Building] INFO  o.a.m.s.f.DefaultMavenResourcesFiltering - Copying 0 resource from src\main\resources to target\classes
2025-04-12 15:06:22,421 [Worker-32: Building] INFO  o.a.m.s.f.DefaultMavenResourcesFiltering - Copying 0 resource from src\main\resources to target\classes
2025-04-12 15:06:22,424 [Worker-32: Building] INFO  o.a.m.s.f.DefaultMavenResourcesFiltering - skip non existing resourceDirectory C:\Users\Rosmira\OneDrive\Documentos\PruebasBBVA\workspace\servicio-conversion-divisas\src\test\resources
2025-04-12 15:06:44,676 [Worker-38: Building] ERROR o.e.m.c.i.URLConnectionCaches - Unexpected URLConnection defaultUseCaches enabled
2025-04-12 15:06:44,683 [Worker-38: Building] INFO  o.a.m.s.f.DefaultMavenResourcesFiltering - Copying 0 resource from src\main\resources to target\classes
2025-04-12 15:06:44,684 [Worker-38: Building] INFO  o.a.m.s.f.DefaultMavenResourcesFiltering - Copying 0 resource from src\main\resources to target\classes
2025-04-12 15:06:44,686 [Worker-38: Building] INFO  o.a.m.s.f.DefaultMavenResourcesFiltering - skip non existing resourceDirectory C:\Users\Rosmira\OneDrive\Documentos\PruebasBBVA\workspace\servicio-conversion-divisas\src\test\resources
2025-04-12 15:06:53,436 [Worker-32: Launching ConvertirDivisasControllerTest] INFO  o.e.m.c.i.p.WorkspaceClassifierResolverManager - Resolving P/servicio-autenticacion: com.bbva.servicioautenticacion:servicio-autenticacion:0.0.1-SNAPSHOT with classifier null to /servicio-autenticacion/target/classes
2025-04-12 15:06:53,530 [Worker-32: Launching ConvertirDivisasControllerTest] INFO  o.e.m.c.i.p.WorkspaceClassifierResolverManager - Resolving P/servicio-autenticacion: com.bbva.servicioautenticacion:servicio-autenticacion:0.0.1-SNAPSHOT with classifier null to /servicio-autenticacion/target/classes
2025-04-12 15:06:53,596 [Worker-32: Launching ConvertirDivisasControllerTest] INFO  o.e.m.c.i.p.WorkspaceClassifierResolverManager - Resolving P/servicio-autenticacion: com.bbva.servicioautenticacion:servicio-autenticacion:0.0.1-SNAPSHOT with classifier null to /servicio-autenticacion/target/classes
2025-04-12 15:07:22,589 [Worker-37: Building] ERROR o.e.m.c.i.URLConnectionCaches - Unexpected URLConnection defaultUseCaches enabled
2025-04-12 15:07:22,594 [Worker-37: Building] INFO  o.a.m.s.f.DefaultMavenResourcesFiltering - Copying 0 resource from src\main\resources to target\classes
2025-04-12 15:07:22,595 [Worker-37: Building] INFO  o.a.m.s.f.DefaultMavenResourcesFiltering - Copying 0 resource from src\main\resources to target\classes
2025-04-12 15:07:22,598 [Worker-37: Building] INFO  o.a.m.s.f.DefaultMavenResourcesFiltering - skip non existing resourceDirectory C:\Users\Rosmira\OneDrive\Documentos\PruebasBBVA\workspace\servicio-conversion-divisas\src\test\resources
2025-04-12 15:07:27,538 [Worker-35: Launching Rerun testConvertirDivisas_ValidationError()] INFO  o.e.m.c.i.p.WorkspaceClassifierResolverManager - Resolving P/servicio-autenticacion: com.bbva.servicioautenticacion:servicio-autenticacion:0.0.1-SNAPSHOT with classifier null to /servicio-autenticacion/target/classes
2025-04-12 15:07:27,613 [Worker-35: Launching Rerun testConvertirDivisas_ValidationError()] INFO  o.e.m.c.i.p.WorkspaceClassifierResolverManager - Resolving P/servicio-autenticacion: com.bbva.servicioautenticacion:servicio-autenticacion:0.0.1-SNAPSHOT with classifier null to /servicio-autenticacion/target/classes
2025-04-12 15:07:27,682 [Worker-35: Launching Rerun testConvertirDivisas_ValidationError()] INFO  o.e.m.c.i.p.WorkspaceClassifierResolverManager - Resolving P/servicio-autenticacion: com.bbva.servicioautenticacion:servicio-autenticacion:0.0.1-SNAPSHOT with classifier null to /servicio-autenticacion/target/classes
2025-04-12 15:07:37,200 [Worker-32: Launching ConvertirDivisasControllerTest] INFO  o.e.m.c.i.p.WorkspaceClassifierResolverManager - Resolving P/servicio-autenticacion: com.bbva.servicioautenticacion:servicio-autenticacion:0.0.1-SNAPSHOT with classifier null to /servicio-autenticacion/target/classes
2025-04-12 15:07:37,286 [Worker-32: Launching ConvertirDivisasControllerTest] INFO  o.e.m.c.i.p.WorkspaceClassifierResolverManager - Resolving P/servicio-autenticacion: com.bbva.servicioautenticacion:servicio-autenticacion:0.0.1-SNAPSHOT with classifier null to /servicio-autenticacion/target/classes
2025-04-12 15:07:37,357 [Worker-32: Launching ConvertirDivisasControllerTest] INFO  o.e.m.c.i.p.WorkspaceClassifierResolverManager - Resolving P/servicio-autenticacion: com.bbva.servicioautenticacion:servicio-autenticacion:0.0.1-SNAPSHOT with classifier null to /servicio-autenticacion/target/classes
2025-04-12 15:07:49,352 [Worker-31: Building] ERROR o.e.m.c.i.URLConnectionCaches - Unexpected URLConnection defaultUseCaches enabled
2025-04-12 15:07:49,357 [Worker-31: Building] INFO  o.a.m.s.f.DefaultMavenResourcesFiltering - Copying 0 resource from src\main\resources to target\classes
2025-04-12 15:07:49,359 [Worker-31: Building] INFO  o.a.m.s.f.DefaultMavenResourcesFiltering - Copying 0 resource from src\main\resources to target\classes
2025-04-12 15:07:49,361 [Worker-31: Building] INFO  o.a.m.s.f.DefaultMavenResourcesFiltering - skip non existing resourceDirectory C:\Users\Rosmira\OneDrive\Documentos\PruebasBBVA\workspace\servicio-conversion-divisas\src\test\resources
2025-04-12 15:08:12,107 [Worker-36: Building] ERROR o.e.m.c.i.URLConnectionCaches - Unexpected URLConnection defaultUseCaches enabled
2025-04-12 15:08:12,110 [Worker-36: Building] INFO  o.a.m.s.f.DefaultMavenResourcesFiltering - Copying 0 resource from src\main\resources to target\classes
2025-04-12 15:08:12,111 [Worker-36: Building] INFO  o.a.m.s.f.DefaultMavenResourcesFiltering - Copying 0 resource from src\main\resources to target\classes
2025-04-12 15:08:12,113 [Worker-36: Building] INFO  o.a.m.s.f.DefaultMavenResourcesFiltering - skip non existing resourceDirectory C:\Users\Rosmira\OneDrive\Documentos\PruebasBBVA\workspace\servicio-conversion-divisas\src\test\resources
2025-04-12 15:08:20,139 [Worker-35: Launching Rerun ConvertirDivisasControllerTest] INFO  o.e.m.c.i.p.WorkspaceClassifierResolverManager - Resolving P/servicio-autenticacion: com.bbva.servicioautenticacion:servicio-autenticacion:0.0.1-SNAPSHOT with classifier null to /servicio-autenticacion/target/classes
2025-04-12 15:08:20,260 [Worker-35: Launching Rerun ConvertirDivisasControllerTest] INFO  o.e.m.c.i.p.WorkspaceClassifierResolverManager - Resolving P/servicio-autenticacion: com.bbva.servicioautenticacion:servicio-autenticacion:0.0.1-SNAPSHOT with classifier null to /servicio-autenticacion/target/classes
2025-04-12 15:08:20,336 [Worker-35: Launching Rerun ConvertirDivisasControllerTest] INFO  o.e.m.c.i.p.WorkspaceClassifierResolverManager - Resolving P/servicio-autenticacion: com.bbva.servicioautenticacion:servicio-autenticacion:0.0.1-SNAPSHOT with classifier null to /servicio-autenticacion/target/classes
2025-04-12 15:08:26,609 [Worker-27: Building] ERROR o.e.m.c.i.URLConnectionCaches - Unexpected URLConnection defaultUseCaches enabled
2025-04-12 15:08:26,613 [Worker-27: Building] INFO  o.a.m.s.f.DefaultMavenResourcesFiltering - Copying 0 resource from src\main\resources to target\classes
2025-04-12 15:08:26,614 [Worker-27: Building] INFO  o.a.m.s.f.DefaultMavenResourcesFiltering - Copying 0 resource from src\main\resources to target\classes
2025-04-12 15:08:26,615 [Worker-27: Building] INFO  o.a.m.s.f.DefaultMavenResourcesFiltering - skip non existing resourceDirectory C:\Users\Rosmira\OneDrive\Documentos\PruebasBBVA\workspace\servicio-conversion-divisas\src\test\resources
2025-04-12 15:09:04,866 [Worker-35: Building] ERROR o.e.m.c.i.URLConnectionCaches - Unexpected URLConnection defaultUseCaches enabled
2025-04-12 15:09:04,871 [Worker-35: Building] INFO  o.a.m.s.f.DefaultMavenResourcesFiltering - Copying 0 resource from src\main\resources to target\classes
2025-04-12 15:09:04,871 [Worker-35: Building] INFO  o.a.m.s.f.DefaultMavenResourcesFiltering - Copying 0 resource from src\main\resources to target\classes
2025-04-12 15:09:04,873 [Worker-35: Building] INFO  o.a.m.s.f.DefaultMavenResourcesFiltering - skip non existing resourceDirectory C:\Users\Rosmira\OneDrive\Documentos\PruebasBBVA\workspace\servicio-conversion-divisas\src\test\resources
2025-04-12 15:09:11,782 [Worker-28: Launching Rerun testConvertirDivisas_ValidationError()] INFO  o.e.m.c.i.p.WorkspaceClassifierResolverManager - Resolving P/servicio-autenticacion: com.bbva.servicioautenticacion:servicio-autenticacion:0.0.1-SNAPSHOT with classifier null to /servicio-autenticacion/target/classes
2025-04-12 15:09:13,180 [Worker-28: Launching Rerun testConvertirDivisas_ValidationError()] INFO  o.e.m.c.i.p.WorkspaceClassifierResolverManager - Resolving P/servicio-autenticacion: com.bbva.servicioautenticacion:servicio-autenticacion:0.0.1-SNAPSHOT with classifier null to /servicio-autenticacion/target/classes
2025-04-12 15:09:13,247 [Worker-28: Launching Rerun testConvertirDivisas_ValidationError()] INFO  o.e.m.c.i.p.WorkspaceClassifierResolverManager - Resolving P/servicio-autenticacion: com.bbva.servicioautenticacion:servicio-autenticacion:0.0.1-SNAPSHOT with classifier null to /servicio-autenticacion/target/classes
2025-04-12 15:09:16,919 [Worker-32: Launching Rerun ConvertirDivisasControllerTest] INFO  o.e.m.c.i.p.WorkspaceClassifierResolverManager - Resolving P/servicio-autenticacion: com.bbva.servicioautenticacion:servicio-autenticacion:0.0.1-SNAPSHOT with classifier null to /servicio-autenticacion/target/classes
2025-04-12 15:09:18,130 [Worker-32: Launching Rerun ConvertirDivisasControllerTest] INFO  o.e.m.c.i.p.WorkspaceClassifierResolverManager - Resolving P/servicio-autenticacion: com.bbva.servicioautenticacion:servicio-autenticacion:0.0.1-SNAPSHOT with classifier null to /servicio-autenticacion/target/classes
2025-04-12 15:09:18,193 [Worker-32: Launching Rerun ConvertirDivisasControllerTest] INFO  o.e.m.c.i.p.WorkspaceClassifierResolverManager - Resolving P/servicio-autenticacion: com.bbva.servicioautenticacion:servicio-autenticacion:0.0.1-SNAPSHOT with classifier null to /servicio-autenticacion/target/classes
2025-04-12 15:12:20,666 [Worker-32: Building] ERROR o.e.m.c.i.URLConnectionCaches - Unexpected URLConnection defaultUseCaches enabled
2025-04-12 15:12:20,670 [Worker-32: Building] INFO  o.a.m.s.f.DefaultMavenResourcesFiltering - Copying 0 resource from src\main\resources to target\classes
2025-04-12 15:12:20,671 [Worker-32: Building] INFO  o.a.m.s.f.DefaultMavenResourcesFiltering - Copying 0 resource from src\main\resources to target\classes
2025-04-12 15:12:20,673 [Worker-32: Building] INFO  o.a.m.s.f.DefaultMavenResourcesFiltering - skip non existing resourceDirectory C:\Users\Rosmira\OneDrive\Documentos\PruebasBBVA\workspace\servicio-conversion-divisas\src\test\resources
2025-04-12 15:12:24,755 [Worker-38: Launching Rerun ConvertirDivisasControllerTest] INFO  o.e.m.c.i.p.WorkspaceClassifierResolverManager - Resolving P/servicio-autenticacion: com.bbva.servicioautenticacion:servicio-autenticacion:0.0.1-SNAPSHOT with classifier null to /servicio-autenticacion/target/classes
2025-04-12 15:12:24,849 [Worker-38: Launching Rerun ConvertirDivisasControllerTest] INFO  o.e.m.c.i.p.WorkspaceClassifierResolverManager - Resolving P/servicio-autenticacion: com.bbva.servicioautenticacion:servicio-autenticacion:0.0.1-SNAPSHOT with classifier null to /servicio-autenticacion/target/classes
2025-04-12 15:12:24,915 [Worker-38: Launching Rerun ConvertirDivisasControllerTest] INFO  o.e.m.c.i.p.WorkspaceClassifierResolverManager - Resolving P/servicio-autenticacion: com.bbva.servicioautenticacion:servicio-autenticacion:0.0.1-SNAPSHOT with classifier null to /servicio-autenticacion/target/classes
2025-04-12 15:14:12,992 [Worker-38: Building] ERROR o.e.m.c.i.URLConnectionCaches - Unexpected URLConnection defaultUseCaches enabled
2025-04-12 15:14:12,996 [Worker-38: Building] INFO  o.a.m.s.f.DefaultMavenResourcesFiltering - Copying 0 resource from src\main\resources to target\classes
2025-04-12 15:14:12,998 [Worker-38: Building] INFO  o.a.m.s.f.DefaultMavenResourcesFiltering - Copying 0 resource from src\main\resources to target\classes
2025-04-12 15:14:12,999 [Worker-38: Building] INFO  o.a.m.s.f.DefaultMavenResourcesFiltering - skip non existing resourceDirectory C:\Users\Rosmira\OneDrive\Documentos\PruebasBBVA\workspace\servicio-conversion-divisas\src\test\resources
2025-04-12 15:14:22,387 [Worker-33: Building] ERROR o.e.m.c.i.URLConnectionCaches - Unexpected URLConnection defaultUseCaches enabled
2025-04-12 15:14:22,390 [Worker-33: Building] INFO  o.a.m.s.f.DefaultMavenResourcesFiltering - Copying 0 resource from src\main\resources to target\classes
2025-04-12 15:14:22,391 [Worker-33: Building] INFO  o.a.m.s.f.DefaultMavenResourcesFiltering - Copying 0 resource from src\main\resources to target\classes
2025-04-12 15:14:22,394 [Worker-33: Building] INFO  o.a.m.s.f.DefaultMavenResourcesFiltering - skip non existing resourceDirectory C:\Users\Rosmira\OneDrive\Documentos\PruebasBBVA\workspace\servicio-conversion-divisas\src\test\resources
2025-04-12 15:14:28,046 [Worker-33: Launching Rerun ConvertirDivisasControllerTest] INFO  o.e.m.c.i.p.WorkspaceClassifierResolverManager - Resolving P/servicio-autenticacion: com.bbva.servicioautenticacion:servicio-autenticacion:0.0.1-SNAPSHOT with classifier null to /servicio-autenticacion/target/classes
2025-04-12 15:14:28,189 [Worker-33: Launching Rerun ConvertirDivisasControllerTest] INFO  o.e.m.c.i.p.WorkspaceClassifierResolverManager - Resolving P/servicio-autenticacion: com.bbva.servicioautenticacion:servicio-autenticacion:0.0.1-SNAPSHOT with classifier null to /servicio-autenticacion/target/classes
2025-04-12 15:14:28,253 [Worker-33: Launching Rerun ConvertirDivisasControllerTest] INFO  o.e.m.c.i.p.WorkspaceClassifierResolverManager - Resolving P/servicio-autenticacion: com.bbva.servicioautenticacion:servicio-autenticacion:0.0.1-SNAPSHOT with classifier null to /servicio-autenticacion/target/classes
2025-04-12 15:14:42,406 [Worker-32: Building] ERROR o.e.m.c.i.URLConnectionCaches - Unexpected URLConnection defaultUseCaches enabled
2025-04-12 15:14:42,411 [Worker-32: Building] INFO  o.a.m.s.f.DefaultMavenResourcesFiltering - Copying 0 resource from src\main\resources to target\classes
2025-04-12 15:14:42,413 [Worker-32: Building] INFO  o.a.m.s.f.DefaultMavenResourcesFiltering - Copying 0 resource from src\main\resources to target\classes
2025-04-12 15:14:42,415 [Worker-32: Building] INFO  o.a.m.s.f.DefaultMavenResourcesFiltering - skip non existing resourceDirectory C:\Users\Rosmira\OneDrive\Documentos\PruebasBBVA\workspace\servicio-conversion-divisas\src\test\resources
2025-04-12 15:14:51,371 [Worker-27: Launching Executing test in C__Users_Rosmira_OneDrive_Documentos_PruebasBBVA_workspace_servicio-conversion-divisas] INFO  o.eclipse.m2e.core.internal.Bundles - getClasspathEntries(Bundle=org.eclipse.m2e.maven.runtime_3.9.900.20250220-2013 [361])
2025-04-12 15:14:51,371 [Worker-27: Launching Executing test in C__Users_Rosmira_OneDrive_Documentos_PruebasBBVA_workspace_servicio-conversion-divisas] INFO  o.eclipse.m2e.core.internal.Bundles - 	Entry: C:\Users\Rosmira\OneDrive\Documentos\CapacitacionSpring\sts-4.29.1.RELEASE\plugins\org.eclipse.m2e.maven.runtime_3.9.900.20250220-2013
2025-04-12 15:14:51,372 [Worker-27: Launching Executing test in C__Users_Rosmira_OneDrive_Documentos_PruebasBBVA_workspace_servicio-conversion-divisas] INFO  o.eclipse.m2e.core.internal.Bundles - 	Entry: C:\Users\Rosmira\OneDrive\Documentos\CapacitacionSpring\sts-4.29.1.RELEASE\plugins\org.eclipse.m2e.maven.runtime_3.9.900.20250220-2013\jars\aopalliance-1.0.jar
2025-04-12 15:14:51,372 [Worker-27: Launching Executing test in C__Users_Rosmira_OneDrive_Documentos_PruebasBBVA_workspace_servicio-conversion-divisas] INFO  o.eclipse.m2e.core.internal.Bundles - 	Entry: C:\Users\Rosmira\OneDrive\Documentos\CapacitacionSpring\sts-4.29.1.RELEASE\plugins\org.eclipse.m2e.maven.runtime_3.9.900.20250220-2013\jars\guice-5.1.0.jar
2025-04-12 15:14:51,372 [Worker-27: Launching Executing test in C__Users_Rosmira_OneDrive_Documentos_PruebasBBVA_workspace_servicio-conversion-divisas] INFO  o.eclipse.m2e.core.internal.Bundles - 	Entry: C:\Users\Rosmira\OneDrive\Documentos\CapacitacionSpring\sts-4.29.1.RELEASE\plugins\org.eclipse.m2e.maven.runtime_3.9.900.20250220-2013\jars\httpclient-4.5.14.jar
2025-04-12 15:14:51,372 [Worker-27: Launching Executing test in C__Users_Rosmira_OneDrive_Documentos_PruebasBBVA_workspace_servicio-conversion-divisas] INFO  o.eclipse.m2e.core.internal.Bundles - 	Entry: C:\Users\Rosmira\OneDrive\Documentos\CapacitacionSpring\sts-4.29.1.RELEASE\plugins\org.eclipse.m2e.maven.runtime_3.9.900.20250220-2013\jars\httpcore-4.4.16.jar
2025-04-12 15:14:51,372 [Worker-27: Launching Executing test in C__Users_Rosmira_OneDrive_Documentos_PruebasBBVA_workspace_servicio-conversion-divisas] INFO  o.eclipse.m2e.core.internal.Bundles - 	Entry: C:\Users\Rosmira\OneDrive\Documentos\CapacitacionSpring\sts-4.29.1.RELEASE\plugins\org.eclipse.m2e.maven.runtime_3.9.900.20250220-2013\jars\jansi-2.4.1.jar
2025-04-12 15:14:51,372 [Worker-27: Launching Executing test in C__Users_Rosmira_OneDrive_Documentos_PruebasBBVA_workspace_servicio-conversion-divisas] INFO  o.eclipse.m2e.core.internal.Bundles - 	Entry: C:\Users\Rosmira\OneDrive\Documentos\CapacitacionSpring\sts-4.29.1.RELEASE\plugins\org.eclipse.m2e.maven.runtime_3.9.900.20250220-2013\jars\jcl-over-slf4j-1.7.36.jar
2025-04-12 15:14:51,372 [Worker-27: Launching Executing test in C__Users_Rosmira_OneDrive_Documentos_PruebasBBVA_workspace_servicio-conversion-divisas] INFO  o.eclipse.m2e.core.internal.Bundles - 	Entry: C:\Users\Rosmira\OneDrive\Documentos\CapacitacionSpring\sts-4.29.1.RELEASE\plugins\org.eclipse.m2e.maven.runtime_3.9.900.20250220-2013\jars\maven-artifact-3.9.9.jar
2025-04-12 15:14:51,372 [Worker-27: Launching Executing test in C__Users_Rosmira_OneDrive_Documentos_PruebasBBVA_workspace_servicio-conversion-divisas] INFO  o.eclipse.m2e.core.internal.Bundles - 	Entry: C:\Users\Rosmira\OneDrive\Documentos\CapacitacionSpring\sts-4.29.1.RELEASE\plugins\org.eclipse.m2e.maven.runtime_3.9.900.20250220-2013\jars\maven-builder-support-3.9.9.jar
2025-04-12 15:14:51,372 [Worker-27: Launching Executing test in C__Users_Rosmira_OneDrive_Documentos_PruebasBBVA_workspace_servicio-conversion-divisas] INFO  o.eclipse.m2e.core.internal.Bundles - 	Entry: C:\Users\Rosmira\OneDrive\Documentos\CapacitacionSpring\sts-4.29.1.RELEASE\plugins\org.eclipse.m2e.maven.runtime_3.9.900.20250220-2013\jars\maven-compat-3.9.9.jar
2025-04-12 15:14:51,372 [Worker-27: Launching Executing test in C__Users_Rosmira_OneDrive_Documentos_PruebasBBVA_workspace_servicio-conversion-divisas] INFO  o.eclipse.m2e.core.internal.Bundles - 	Entry: C:\Users\Rosmira\OneDrive\Documentos\CapacitacionSpring\sts-4.29.1.RELEASE\plugins\org.eclipse.m2e.maven.runtime_3.9.900.20250220-2013\jars\maven-core-3.9.9.jar
2025-04-12 15:14:51,372 [Worker-27: Launching Executing test in C__Users_Rosmira_OneDrive_Documentos_PruebasBBVA_workspace_servicio-conversion-divisas] INFO  o.eclipse.m2e.core.internal.Bundles - 	Entry: C:\Users\Rosmira\OneDrive\Documentos\CapacitacionSpring\sts-4.29.1.RELEASE\plugins\org.eclipse.m2e.maven.runtime_3.9.900.20250220-2013\jars\maven-embedder-3.9.9.jar
2025-04-12 15:14:51,372 [Worker-27: Launching Executing test in C__Users_Rosmira_OneDrive_Documentos_PruebasBBVA_workspace_servicio-conversion-divisas] INFO  o.eclipse.m2e.core.internal.Bundles - 	Entry: C:\Users\Rosmira\OneDrive\Documentos\CapacitacionSpring\sts-4.29.1.RELEASE\plugins\org.eclipse.m2e.maven.runtime_3.9.900.20250220-2013\jars\maven-model-3.9.9.jar
2025-04-12 15:14:51,372 [Worker-27: Launching Executing test in C__Users_Rosmira_OneDrive_Documentos_PruebasBBVA_workspace_servicio-conversion-divisas] INFO  o.eclipse.m2e.core.internal.Bundles - 	Entry: C:\Users\Rosmira\OneDrive\Documentos\CapacitacionSpring\sts-4.29.1.RELEASE\plugins\org.eclipse.m2e.maven.runtime_3.9.900.20250220-2013\jars\maven-model-builder-3.9.9.jar
2025-04-12 15:14:51,373 [Worker-27: Launching Executing test in C__Users_Rosmira_OneDrive_Documentos_PruebasBBVA_workspace_servicio-conversion-divisas] INFO  o.eclipse.m2e.core.internal.Bundles - 	Entry: C:\Users\Rosmira\OneDrive\Documentos\CapacitacionSpring\sts-4.29.1.RELEASE\plugins\org.eclipse.m2e.maven.runtime_3.9.900.20250220-2013\jars\maven-plugin-api-3.9.9.jar
2025-04-12 15:14:51,373 [Worker-27: Launching Executing test in C__Users_Rosmira_OneDrive_Documentos_PruebasBBVA_workspace_servicio-conversion-divisas] INFO  o.eclipse.m2e.core.internal.Bundles - 	Entry: C:\Users\Rosmira\OneDrive\Documentos\CapacitacionSpring\sts-4.29.1.RELEASE\plugins\org.eclipse.m2e.maven.runtime_3.9.900.20250220-2013\jars\maven-repository-metadata-3.9.9.jar
2025-04-12 15:14:51,373 [Worker-27: Launching Executing test in C__Users_Rosmira_OneDrive_Documentos_PruebasBBVA_workspace_servicio-conversion-divisas] INFO  o.eclipse.m2e.core.internal.Bundles - 	Entry: C:\Users\Rosmira\OneDrive\Documentos\CapacitacionSpring\sts-4.29.1.RELEASE\plugins\org.eclipse.m2e.maven.runtime_3.9.900.20250220-2013\jars\maven-resolver-api-1.9.22.jar
2025-04-12 15:14:51,373 [Worker-27: Launching Executing test in C__Users_Rosmira_OneDrive_Documentos_PruebasBBVA_workspace_servicio-conversion-divisas] INFO  o.eclipse.m2e.core.internal.Bundles - 	Entry: C:\Users\Rosmira\OneDrive\Documentos\CapacitacionSpring\sts-4.29.1.RELEASE\plugins\org.eclipse.m2e.maven.runtime_3.9.900.20250220-2013\jars\maven-resolver-connector-basic-1.9.22.jar
2025-04-12 15:14:51,373 [Worker-27: Launching Executing test in C__Users_Rosmira_OneDrive_Documentos_PruebasBBVA_workspace_servicio-conversion-divisas] INFO  o.eclipse.m2e.core.internal.Bundles - 	Entry: C:\Users\Rosmira\OneDrive\Documentos\CapacitacionSpring\sts-4.29.1.RELEASE\plugins\org.eclipse.m2e.maven.runtime_3.9.900.20250220-2013\jars\maven-resolver-impl-1.9.22.jar
2025-04-12 15:14:51,373 [Worker-27: Launching Executing test in C__Users_Rosmira_OneDrive_Documentos_PruebasBBVA_workspace_servicio-conversion-divisas] INFO  o.eclipse.m2e.core.internal.Bundles - 	Entry: C:\Users\Rosmira\OneDrive\Documentos\CapacitacionSpring\sts-4.29.1.RELEASE\plugins\org.eclipse.m2e.maven.runtime_3.9.900.20250220-2013\jars\maven-resolver-named-locks-1.9.22.jar
2025-04-12 15:14:51,373 [Worker-27: Launching Executing test in C__Users_Rosmira_OneDrive_Documentos_PruebasBBVA_workspace_servicio-conversion-divisas] INFO  o.eclipse.m2e.core.internal.Bundles - 	Entry: C:\Users\Rosmira\OneDrive\Documentos\CapacitacionSpring\sts-4.29.1.RELEASE\plugins\org.eclipse.m2e.maven.runtime_3.9.900.20250220-2013\jars\maven-resolver-provider-3.9.9.jar
2025-04-12 15:14:51,373 [Worker-27: Launching Executing test in C__Users_Rosmira_OneDrive_Documentos_PruebasBBVA_workspace_servicio-conversion-divisas] INFO  o.eclipse.m2e.core.internal.Bundles - 	Entry: C:\Users\Rosmira\OneDrive\Documentos\CapacitacionSpring\sts-4.29.1.RELEASE\plugins\org.eclipse.m2e.maven.runtime_3.9.900.20250220-2013\jars\maven-resolver-spi-1.9.22.jar
2025-04-12 15:14:51,373 [Worker-27: Launching Executing test in C__Users_Rosmira_OneDrive_Documentos_PruebasBBVA_workspace_servicio-conversion-divisas] INFO  o.eclipse.m2e.core.internal.Bundles - 	Entry: C:\Users\Rosmira\OneDrive\Documentos\CapacitacionSpring\sts-4.29.1.RELEASE\plugins\org.eclipse.m2e.maven.runtime_3.9.900.20250220-2013\jars\maven-resolver-transport-file-1.9.22.jar
2025-04-12 15:14:51,373 [Worker-27: Launching Executing test in C__Users_Rosmira_OneDrive_Documentos_PruebasBBVA_workspace_servicio-conversion-divisas] INFO  o.eclipse.m2e.core.internal.Bundles - 	Entry: C:\Users\Rosmira\OneDrive\Documentos\CapacitacionSpring\sts-4.29.1.RELEASE\plugins\org.eclipse.m2e.maven.runtime_3.9.900.20250220-2013\jars\maven-resolver-transport-http-1.9.22.jar
2025-04-12 15:14:51,373 [Worker-27: Launching Executing test in C__Users_Rosmira_OneDrive_Documentos_PruebasBBVA_workspace_servicio-conversion-divisas] INFO  o.eclipse.m2e.core.internal.Bundles - 	Entry: C:\Users\Rosmira\OneDrive\Documentos\CapacitacionSpring\sts-4.29.1.RELEASE\plugins\org.eclipse.m2e.maven.runtime_3.9.900.20250220-2013\jars\maven-resolver-transport-wagon-1.9.22.jar
2025-04-12 15:14:51,373 [Worker-27: Launching Executing test in C__Users_Rosmira_OneDrive_Documentos_PruebasBBVA_workspace_servicio-conversion-divisas] INFO  o.eclipse.m2e.core.internal.Bundles - 	Entry: C:\Users\Rosmira\OneDrive\Documentos\CapacitacionSpring\sts-4.29.1.RELEASE\plugins\org.eclipse.m2e.maven.runtime_3.9.900.20250220-2013\jars\maven-resolver-util-1.9.22.jar
2025-04-12 15:14:51,373 [Worker-27: Launching Executing test in C__Users_Rosmira_OneDrive_Documentos_PruebasBBVA_workspace_servicio-conversion-divisas] INFO  o.eclipse.m2e.core.internal.Bundles - 	Entry: C:\Users\Rosmira\OneDrive\Documentos\CapacitacionSpring\sts-4.29.1.RELEASE\plugins\org.eclipse.m2e.maven.runtime_3.9.900.20250220-2013\jars\maven-settings-3.9.9.jar
2025-04-12 15:14:51,373 [Worker-27: Launching Executing test in C__Users_Rosmira_OneDrive_Documentos_PruebasBBVA_workspace_servicio-conversion-divisas] INFO  o.eclipse.m2e.core.internal.Bundles - 	Entry: C:\Users\Rosmira\OneDrive\Documentos\CapacitacionSpring\sts-4.29.1.RELEASE\plugins\org.eclipse.m2e.maven.runtime_3.9.900.20250220-2013\jars\maven-settings-builder-3.9.9.jar
2025-04-12 15:14:51,373 [Worker-27: Launching Executing test in C__Users_Rosmira_OneDrive_Documentos_PruebasBBVA_workspace_servicio-conversion-divisas] INFO  o.eclipse.m2e.core.internal.Bundles - 	Entry: C:\Users\Rosmira\OneDrive\Documentos\CapacitacionSpring\sts-4.29.1.RELEASE\plugins\org.eclipse.m2e.maven.runtime_3.9.900.20250220-2013\jars\maven-shared-utils-3.4.2.jar
2025-04-12 15:14:51,373 [Worker-27: Launching Executing test in C__Users_Rosmira_OneDrive_Documentos_PruebasBBVA_workspace_servicio-conversion-divisas] INFO  o.eclipse.m2e.core.internal.Bundles - 	Entry: C:\Users\Rosmira\OneDrive\Documentos\CapacitacionSpring\sts-4.29.1.RELEASE\plugins\org.eclipse.m2e.maven.runtime_3.9.900.20250220-2013\jars\org.eclipse.sisu.inject-0.9.0.M3.jar
2025-04-12 15:14:51,374 [Worker-27: Launching Executing test in C__Users_Rosmira_OneDrive_Documentos_PruebasBBVA_workspace_servicio-conversion-divisas] INFO  o.eclipse.m2e.core.internal.Bundles - 	Entry: C:\Users\Rosmira\OneDrive\Documentos\CapacitacionSpring\sts-4.29.1.RELEASE\plugins\org.eclipse.m2e.maven.runtime_3.9.900.20250220-2013\jars\org.eclipse.sisu.plexus-0.9.0.M3.jar
2025-04-12 15:14:51,374 [Worker-27: Launching Executing test in C__Users_Rosmira_OneDrive_Documentos_PruebasBBVA_workspace_servicio-conversion-divisas] INFO  o.eclipse.m2e.core.internal.Bundles - 	Entry: C:\Users\Rosmira\OneDrive\Documentos\CapacitacionSpring\sts-4.29.1.RELEASE\plugins\org.eclipse.m2e.maven.runtime_3.9.900.20250220-2013\jars\plexus-build-api-0.0.7.jar
2025-04-12 15:14:51,374 [Worker-27: Launching Executing test in C__Users_Rosmira_OneDrive_Documentos_PruebasBBVA_workspace_servicio-conversion-divisas] INFO  o.eclipse.m2e.core.internal.Bundles - 	Entry: C:\Users\Rosmira\OneDrive\Documentos\CapacitacionSpring\sts-4.29.1.RELEASE\plugins\org.eclipse.m2e.maven.runtime_3.9.900.20250220-2013\jars\plexus-build-api-1.2.0.jar
2025-04-12 15:14:51,374 [Worker-27: Launching Executing test in C__Users_Rosmira_OneDrive_Documentos_PruebasBBVA_workspace_servicio-conversion-divisas] INFO  o.eclipse.m2e.core.internal.Bundles - 	Entry: C:\Users\Rosmira\OneDrive\Documentos\CapacitacionSpring\sts-4.29.1.RELEASE\plugins\org.eclipse.m2e.maven.runtime_3.9.900.20250220-2013\jars\plexus-cipher-2.0.jar
2025-04-12 15:14:51,374 [Worker-27: Launching Executing test in C__Users_Rosmira_OneDrive_Documentos_PruebasBBVA_workspace_servicio-conversion-divisas] INFO  o.eclipse.m2e.core.internal.Bundles - 	Entry: C:\Users\Rosmira\OneDrive\Documentos\CapacitacionSpring\sts-4.29.1.RELEASE\plugins\org.eclipse.m2e.maven.runtime_3.9.900.20250220-2013\jars\plexus-classworlds-2.8.0.jar
2025-04-12 15:14:51,374 [Worker-27: Launching Executing test in C__Users_Rosmira_OneDrive_Documentos_PruebasBBVA_workspace_servicio-conversion-divisas] INFO  o.eclipse.m2e.core.internal.Bundles - 	Entry: C:\Users\Rosmira\OneDrive\Documentos\CapacitacionSpring\sts-4.29.1.RELEASE\plugins\org.eclipse.m2e.maven.runtime_3.9.900.20250220-2013\jars\plexus-component-annotations-2.1.0.jar
2025-04-12 15:14:51,374 [Worker-27: Launching Executing test in C__Users_Rosmira_OneDrive_Documentos_PruebasBBVA_workspace_servicio-conversion-divisas] INFO  o.eclipse.m2e.core.internal.Bundles - 	Entry: C:\Users\Rosmira\OneDrive\Documentos\CapacitacionSpring\sts-4.29.1.RELEASE\plugins\org.eclipse.m2e.maven.runtime_3.9.900.20250220-2013\jars\plexus-interpolation-1.27.jar
2025-04-12 15:14:51,374 [Worker-27: Launching Executing test in C__Users_Rosmira_OneDrive_Documentos_PruebasBBVA_workspace_servicio-conversion-divisas] INFO  o.eclipse.m2e.core.internal.Bundles - 	Entry: C:\Users\Rosmira\OneDrive\Documentos\CapacitacionSpring\sts-4.29.1.RELEASE\plugins\org.eclipse.m2e.maven.runtime_3.9.900.20250220-2013\jars\plexus-sec-dispatcher-2.0.jar
2025-04-12 15:14:51,374 [Worker-27: Launching Executing test in C__Users_Rosmira_OneDrive_Documentos_PruebasBBVA_workspace_servicio-conversion-divisas] INFO  o.eclipse.m2e.core.internal.Bundles - 	Entry: C:\Users\Rosmira\OneDrive\Documentos\CapacitacionSpring\sts-4.29.1.RELEASE\plugins\org.eclipse.m2e.maven.runtime_3.9.900.20250220-2013\jars\plexus-utils-3.5.1.jar
2025-04-12 15:14:51,374 [Worker-27: Launching Executing test in C__Users_Rosmira_OneDrive_Documentos_PruebasBBVA_workspace_servicio-conversion-divisas] INFO  o.eclipse.m2e.core.internal.Bundles - 	Entry: C:\Users\Rosmira\OneDrive\Documentos\CapacitacionSpring\sts-4.29.1.RELEASE\plugins\org.eclipse.m2e.maven.runtime_3.9.900.20250220-2013\jars\plexus-xml-3.0.1.jar
2025-04-12 15:14:51,374 [Worker-27: Launching Executing test in C__Users_Rosmira_OneDrive_Documentos_PruebasBBVA_workspace_servicio-conversion-divisas] INFO  o.eclipse.m2e.core.internal.Bundles - 	Entry: C:\Users\Rosmira\OneDrive\Documentos\CapacitacionSpring\sts-4.29.1.RELEASE\plugins\org.eclipse.m2e.maven.runtime_3.9.900.20250220-2013\jars\wagon-file-3.5.3.jar
2025-04-12 15:14:51,374 [Worker-27: Launching Executing test in C__Users_Rosmira_OneDrive_Documentos_PruebasBBVA_workspace_servicio-conversion-divisas] INFO  o.eclipse.m2e.core.internal.Bundles - 	Entry: C:\Users\Rosmira\OneDrive\Documentos\CapacitacionSpring\sts-4.29.1.RELEASE\plugins\org.eclipse.m2e.maven.runtime_3.9.900.20250220-2013\jars\wagon-http-3.5.3.jar
2025-04-12 15:14:51,374 [Worker-27: Launching Executing test in C__Users_Rosmira_OneDrive_Documentos_PruebasBBVA_workspace_servicio-conversion-divisas] INFO  o.eclipse.m2e.core.internal.Bundles - 	Entry: C:\Users\Rosmira\OneDrive\Documentos\CapacitacionSpring\sts-4.29.1.RELEASE\plugins\org.eclipse.m2e.maven.runtime_3.9.900.20250220-2013\jars\wagon-http-shared-3.5.3.jar
2025-04-12 15:14:51,374 [Worker-27: Launching Executing test in C__Users_Rosmira_OneDrive_Documentos_PruebasBBVA_workspace_servicio-conversion-divisas] INFO  o.eclipse.m2e.core.internal.Bundles - 	Entry: C:\Users\Rosmira\OneDrive\Documentos\CapacitacionSpring\sts-4.29.1.RELEASE\plugins\org.eclipse.m2e.maven.runtime_3.9.900.20250220-2013\jars\wagon-provider-api-3.5.3.jar
2025-04-12 15:14:51,374 [Worker-27: Launching Executing test in C__Users_Rosmira_OneDrive_Documentos_PruebasBBVA_workspace_servicio-conversion-divisas] INFO  o.eclipse.m2e.core.internal.Bundles - getClasspathEntries(Bundle=com.google.guava_33.4.0.jre [29])
2025-04-12 15:14:51,375 [Worker-27: Launching Executing test in C__Users_Rosmira_OneDrive_Documentos_PruebasBBVA_workspace_servicio-conversion-divisas] INFO  o.eclipse.m2e.core.internal.Bundles - 	Entry: C:\Users\Rosmira\OneDrive\Documentos\CapacitacionSpring\sts-4.29.1.RELEASE\plugins\com.google.guava_33.4.0.jre.jar
2025-04-12 15:14:51,375 [Worker-27: Launching Executing test in C__Users_Rosmira_OneDrive_Documentos_PruebasBBVA_workspace_servicio-conversion-divisas] INFO  o.eclipse.m2e.core.internal.Bundles - getClasspathEntries(Bundle=slf4j.api_2.0.17 [608])
2025-04-12 15:14:51,375 [Worker-27: Launching Executing test in C__Users_Rosmira_OneDrive_Documentos_PruebasBBVA_workspace_servicio-conversion-divisas] INFO  o.eclipse.m2e.core.internal.Bundles - 	Entry: C:\Users\Rosmira\OneDrive\Documentos\CapacitacionSpring\sts-4.29.1.RELEASE\plugins\slf4j.api_2.0.17.jar
2025-04-12 15:14:51,375 [Worker-27: Launching Executing test in C__Users_Rosmira_OneDrive_Documentos_PruebasBBVA_workspace_servicio-conversion-divisas] INFO  o.eclipse.m2e.core.internal.Bundles - getClasspathEntries(Bundle=jakarta.inject.jakarta.inject-api_1.0.5 [45])
2025-04-12 15:14:51,375 [Worker-27: Launching Executing test in C__Users_Rosmira_OneDrive_Documentos_PruebasBBVA_workspace_servicio-conversion-divisas] INFO  o.eclipse.m2e.core.internal.Bundles - 	Entry: C:\Users\Rosmira\OneDrive\Documentos\CapacitacionSpring\sts-4.29.1.RELEASE\plugins\jakarta.inject.jakarta.inject-api_1.0.5.jar
2025-04-12 15:14:51,375 [Worker-27: Launching Executing test in C__Users_Rosmira_OneDrive_Documentos_PruebasBBVA_workspace_servicio-conversion-divisas] INFO  o.eclipse.m2e.core.internal.Bundles - getClasspathEntries(Bundle=jakarta.annotation-api_1.3.5 [41])
2025-04-12 15:14:51,375 [Worker-27: Launching Executing test in C__Users_Rosmira_OneDrive_Documentos_PruebasBBVA_workspace_servicio-conversion-divisas] INFO  o.eclipse.m2e.core.internal.Bundles - 	Entry: C:\Users\Rosmira\OneDrive\Documentos\CapacitacionSpring\sts-4.29.1.RELEASE\plugins\jakarta.annotation-api_1.3.5.jar
2025-04-12 15:14:51,375 [Worker-27: Launching Executing test in C__Users_Rosmira_OneDrive_Documentos_PruebasBBVA_workspace_servicio-conversion-divisas] INFO  o.eclipse.m2e.core.internal.Bundles - getClasspathEntries(Bundle=org.apache.commons.cli_1.9.0 [77])
2025-04-12 15:14:51,375 [Worker-27: Launching Executing test in C__Users_Rosmira_OneDrive_Documentos_PruebasBBVA_workspace_servicio-conversion-divisas] INFO  o.eclipse.m2e.core.internal.Bundles - 	Entry: C:\Users\Rosmira\OneDrive\Documentos\CapacitacionSpring\sts-4.29.1.RELEASE\plugins\org.apache.commons.cli_1.9.0.jar
2025-04-12 15:14:51,375 [Worker-27: Launching Executing test in C__Users_Rosmira_OneDrive_Documentos_PruebasBBVA_workspace_servicio-conversion-divisas] INFO  o.eclipse.m2e.core.internal.Bundles - getClasspathEntries(Bundle=org.apache.commons.commons-codec_1.16.0 [79])
2025-04-12 15:14:51,376 [Worker-27: Launching Executing test in C__Users_Rosmira_OneDrive_Documentos_PruebasBBVA_workspace_servicio-conversion-divisas] INFO  o.eclipse.m2e.core.internal.Bundles - 	Entry: C:\Users\Rosmira\OneDrive\Documentos\CapacitacionSpring\sts-4.29.1.RELEASE\plugins\org.apache.commons.commons-codec_1.16.0.jar
2025-04-12 15:14:51,376 [Worker-27: Launching Executing test in C__Users_Rosmira_OneDrive_Documentos_PruebasBBVA_workspace_servicio-conversion-divisas] INFO  o.eclipse.m2e.core.internal.Bundles - getClasspathEntries(Bundle=com.google.guava.failureaccess_1.0.2 [30])
2025-04-12 15:14:51,376 [Worker-27: Launching Executing test in C__Users_Rosmira_OneDrive_Documentos_PruebasBBVA_workspace_servicio-conversion-divisas] INFO  o.eclipse.m2e.core.internal.Bundles - 	Entry: C:\Users\Rosmira\OneDrive\Documentos\CapacitacionSpring\sts-4.29.1.RELEASE\plugins\com.google.guava.failureaccess_1.0.2.jar
2025-04-12 15:14:51,377 [Worker-27: Launching Executing test in C__Users_Rosmira_OneDrive_Documentos_PruebasBBVA_workspace_servicio-conversion-divisas] INFO  o.e.m.i.launch.MavenLaunchDelegate - Run build in "C:\Users\Rosmira\OneDrive\Documentos\PruebasBBVA\workspace\servicio-conversion-divisas":
2025-04-12 15:14:51,377 [Worker-27: Launching Executing test in C__Users_Rosmira_OneDrive_Documentos_PruebasBBVA_workspace_servicio-conversion-divisas] INFO  o.e.m.i.launch.MavenLaunchDelegate -  mvn  -Ppom.xml -B -Dstyle.color=always test
2025-04-12 15:16:23,988 [Worker-37: Building] ERROR o.e.m.c.i.URLConnectionCaches - Unexpected URLConnection defaultUseCaches enabled
2025-04-12 15:16:24,473 [Worker-37: Building] INFO  o.e.m.c.i.l.LifecycleMappingFactory - Using org.eclipse.m2e.jdt.JarLifecycleMapping lifecycle mapping for MavenProject: com.bbva.servicioconversiondivisas:servicio-conversion-divisas:0.0.1-SNAPSHOT @ C:\Users\Rosmira\OneDrive\Documentos\PruebasBBVA\workspace\servicio-conversion-divisas\pom.xml.
2025-04-12 15:16:24,747 [Worker-37: Building] INFO  o.e.m.c.i.p.WorkspaceClassifierResolverManager - Resolving P/servicio-autenticacion: com.bbva.servicioautenticacion:servicio-autenticacion:0.0.1-SNAPSHOT with classifier  to /servicio-autenticacion/target/classes
2025-04-12 15:16:24,916 [Worker-37: Building] ERROR o.e.m.c.i.URLConnectionCaches - Unexpected URLConnection defaultUseCaches enabled
2025-04-12 15:16:25,084 [Worker-37: Building] INFO  o.a.m.s.f.DefaultMavenResourcesFiltering - Copying 0 resource from src\main\resources to target\classes
2025-04-12 15:16:25,085 [Worker-37: Building] INFO  o.a.m.s.f.DefaultMavenResourcesFiltering - Copying 0 resource from src\main\resources to target\classes
2025-04-12 15:16:25,091 [Worker-37: Building] INFO  o.a.m.s.f.DefaultMavenResourcesFiltering - skip non existing resourceDirectory C:\Users\Rosmira\OneDrive\Documentos\PruebasBBVA\workspace\servicio-conversion-divisas\src\test\resources
2025-04-12 15:16:26,328 [Worker-36: Building] ERROR o.e.m.c.i.URLConnectionCaches - Unexpected URLConnection defaultUseCaches enabled
2025-04-12 15:16:26,331 [Worker-36: Building] INFO  o.a.m.s.f.DefaultMavenResourcesFiltering - Copying 1 resource from src\main\resources to target\classes
2025-04-12 15:16:26,340 [Worker-36: Building] INFO  o.a.m.s.f.DefaultMavenResourcesFiltering - Copying 2 resources from src\main\resources to target\classes
2025-04-12 15:16:26,344 [Worker-36: Building] INFO  o.a.m.s.f.DefaultMavenResourcesFiltering - skip non existing resourceDirectory C:\Users\Rosmira\OneDrive\Documentos\PruebasBBVA\workspace\servicio-conversion-divisas\src\test\resources
2025-04-12 15:16:34,245 [Worker-38: Launching Executing test in C__Users_Rosmira_OneDrive_Documentos_PruebasBBVA_workspace_servicio-conversion-divisas] INFO  o.eclipse.m2e.core.internal.Bundles - getClasspathEntries(Bundle=org.eclipse.m2e.maven.runtime_3.9.900.20250220-2013 [361])
2025-04-12 15:16:34,245 [Worker-38: Launching Executing test in C__Users_Rosmira_OneDrive_Documentos_PruebasBBVA_workspace_servicio-conversion-divisas] INFO  o.eclipse.m2e.core.internal.Bundles - 	Entry: C:\Users\Rosmira\OneDrive\Documentos\CapacitacionSpring\sts-4.29.1.RELEASE\plugins\org.eclipse.m2e.maven.runtime_3.9.900.20250220-2013
2025-04-12 15:16:34,246 [Worker-38: Launching Executing test in C__Users_Rosmira_OneDrive_Documentos_PruebasBBVA_workspace_servicio-conversion-divisas] INFO  o.eclipse.m2e.core.internal.Bundles - 	Entry: C:\Users\Rosmira\OneDrive\Documentos\CapacitacionSpring\sts-4.29.1.RELEASE\plugins\org.eclipse.m2e.maven.runtime_3.9.900.20250220-2013\jars\aopalliance-1.0.jar
2025-04-12 15:16:34,246 [Worker-38: Launching Executing test in C__Users_Rosmira_OneDrive_Documentos_PruebasBBVA_workspace_servicio-conversion-divisas] INFO  o.eclipse.m2e.core.internal.Bundles - 	Entry: C:\Users\Rosmira\OneDrive\Documentos\CapacitacionSpring\sts-4.29.1.RELEASE\plugins\org.eclipse.m2e.maven.runtime_3.9.900.20250220-2013\jars\guice-5.1.0.jar
2025-04-12 15:16:34,246 [Worker-38: Launching Executing test in C__Users_Rosmira_OneDrive_Documentos_PruebasBBVA_workspace_servicio-conversion-divisas] INFO  o.eclipse.m2e.core.internal.Bundles - 	Entry: C:\Users\Rosmira\OneDrive\Documentos\CapacitacionSpring\sts-4.29.1.RELEASE\plugins\org.eclipse.m2e.maven.runtime_3.9.900.20250220-2013\jars\httpclient-4.5.14.jar
2025-04-12 15:16:34,246 [Worker-38: Launching Executing test in C__Users_Rosmira_OneDrive_Documentos_PruebasBBVA_workspace_servicio-conversion-divisas] INFO  o.eclipse.m2e.core.internal.Bundles - 	Entry: C:\Users\Rosmira\OneDrive\Documentos\CapacitacionSpring\sts-4.29.1.RELEASE\plugins\org.eclipse.m2e.maven.runtime_3.9.900.20250220-2013\jars\httpcore-4.4.16.jar
2025-04-12 15:16:34,246 [Worker-38: Launching Executing test in C__Users_Rosmira_OneDrive_Documentos_PruebasBBVA_workspace_servicio-conversion-divisas] INFO  o.eclipse.m2e.core.internal.Bundles - 	Entry: C:\Users\Rosmira\OneDrive\Documentos\CapacitacionSpring\sts-4.29.1.RELEASE\plugins\org.eclipse.m2e.maven.runtime_3.9.900.20250220-2013\jars\jansi-2.4.1.jar
2025-04-12 15:16:34,246 [Worker-38: Launching Executing test in C__Users_Rosmira_OneDrive_Documentos_PruebasBBVA_workspace_servicio-conversion-divisas] INFO  o.eclipse.m2e.core.internal.Bundles - 	Entry: C:\Users\Rosmira\OneDrive\Documentos\CapacitacionSpring\sts-4.29.1.RELEASE\plugins\org.eclipse.m2e.maven.runtime_3.9.900.20250220-2013\jars\jcl-over-slf4j-1.7.36.jar
2025-04-12 15:16:34,246 [Worker-38: Launching Executing test in C__Users_Rosmira_OneDrive_Documentos_PruebasBBVA_workspace_servicio-conversion-divisas] INFO  o.eclipse.m2e.core.internal.Bundles - 	Entry: C:\Users\Rosmira\OneDrive\Documentos\CapacitacionSpring\sts-4.29.1.RELEASE\plugins\org.eclipse.m2e.maven.runtime_3.9.900.20250220-2013\jars\maven-artifact-3.9.9.jar
2025-04-12 15:16:34,246 [Worker-38: Launching Executing test in C__Users_Rosmira_OneDrive_Documentos_PruebasBBVA_workspace_servicio-conversion-divisas] INFO  o.eclipse.m2e.core.internal.Bundles - 	Entry: C:\Users\Rosmira\OneDrive\Documentos\CapacitacionSpring\sts-4.29.1.RELEASE\plugins\org.eclipse.m2e.maven.runtime_3.9.900.20250220-2013\jars\maven-builder-support-3.9.9.jar
2025-04-12 15:16:34,246 [Worker-38: Launching Executing test in C__Users_Rosmira_OneDrive_Documentos_PruebasBBVA_workspace_servicio-conversion-divisas] INFO  o.eclipse.m2e.core.internal.Bundles - 	Entry: C:\Users\Rosmira\OneDrive\Documentos\CapacitacionSpring\sts-4.29.1.RELEASE\plugins\org.eclipse.m2e.maven.runtime_3.9.900.20250220-2013\jars\maven-compat-3.9.9.jar
2025-04-12 15:16:34,247 [Worker-38: Launching Executing test in C__Users_Rosmira_OneDrive_Documentos_PruebasBBVA_workspace_servicio-conversion-divisas] INFO  o.eclipse.m2e.core.internal.Bundles - 	Entry: C:\Users\Rosmira\OneDrive\Documentos\CapacitacionSpring\sts-4.29.1.RELEASE\plugins\org.eclipse.m2e.maven.runtime_3.9.900.20250220-2013\jars\maven-core-3.9.9.jar
2025-04-12 15:16:34,247 [Worker-38: Launching Executing test in C__Users_Rosmira_OneDrive_Documentos_PruebasBBVA_workspace_servicio-conversion-divisas] INFO  o.eclipse.m2e.core.internal.Bundles - 	Entry: C:\Users\Rosmira\OneDrive\Documentos\CapacitacionSpring\sts-4.29.1.RELEASE\plugins\org.eclipse.m2e.maven.runtime_3.9.900.20250220-2013\jars\maven-embedder-3.9.9.jar
2025-04-12 15:16:34,247 [Worker-38: Launching Executing test in C__Users_Rosmira_OneDrive_Documentos_PruebasBBVA_workspace_servicio-conversion-divisas] INFO  o.eclipse.m2e.core.internal.Bundles - 	Entry: C:\Users\Rosmira\OneDrive\Documentos\CapacitacionSpring\sts-4.29.1.RELEASE\plugins\org.eclipse.m2e.maven.runtime_3.9.900.20250220-2013\jars\maven-model-3.9.9.jar
2025-04-12 15:16:34,247 [Worker-38: Launching Executing test in C__Users_Rosmira_OneDrive_Documentos_PruebasBBVA_workspace_servicio-conversion-divisas] INFO  o.eclipse.m2e.core.internal.Bundles - 	Entry: C:\Users\Rosmira\OneDrive\Documentos\CapacitacionSpring\sts-4.29.1.RELEASE\plugins\org.eclipse.m2e.maven.runtime_3.9.900.20250220-2013\jars\maven-model-builder-3.9.9.jar
2025-04-12 15:16:34,247 [Worker-38: Launching Executing test in C__Users_Rosmira_OneDrive_Documentos_PruebasBBVA_workspace_servicio-conversion-divisas] INFO  o.eclipse.m2e.core.internal.Bundles - 	Entry: C:\Users\Rosmira\OneDrive\Documentos\CapacitacionSpring\sts-4.29.1.RELEASE\plugins\org.eclipse.m2e.maven.runtime_3.9.900.20250220-2013\jars\maven-plugin-api-3.9.9.jar
2025-04-12 15:16:34,247 [Worker-38: Launching Executing test in C__Users_Rosmira_OneDrive_Documentos_PruebasBBVA_workspace_servicio-conversion-divisas] INFO  o.eclipse.m2e.core.internal.Bundles - 	Entry: C:\Users\Rosmira\OneDrive\Documentos\CapacitacionSpring\sts-4.29.1.RELEASE\plugins\org.eclipse.m2e.maven.runtime_3.9.900.20250220-2013\jars\maven-repository-metadata-3.9.9.jar
2025-04-12 15:16:34,247 [Worker-38: Launching Executing test in C__Users_Rosmira_OneDrive_Documentos_PruebasBBVA_workspace_servicio-conversion-divisas] INFO  o.eclipse.m2e.core.internal.Bundles - 	Entry: C:\Users\Rosmira\OneDrive\Documentos\CapacitacionSpring\sts-4.29.1.RELEASE\plugins\org.eclipse.m2e.maven.runtime_3.9.900.20250220-2013\jars\maven-resolver-api-1.9.22.jar
2025-04-12 15:16:34,247 [Worker-38: Launching Executing test in C__Users_Rosmira_OneDrive_Documentos_PruebasBBVA_workspace_servicio-conversion-divisas] INFO  o.eclipse.m2e.core.internal.Bundles - 	Entry: C:\Users\Rosmira\OneDrive\Documentos\CapacitacionSpring\sts-4.29.1.RELEASE\plugins\org.eclipse.m2e.maven.runtime_3.9.900.20250220-2013\jars\maven-resolver-connector-basic-1.9.22.jar
2025-04-12 15:16:34,247 [Worker-38: Launching Executing test in C__Users_Rosmira_OneDrive_Documentos_PruebasBBVA_workspace_servicio-conversion-divisas] INFO  o.eclipse.m2e.core.internal.Bundles - 	Entry: C:\Users\Rosmira\OneDrive\Documentos\CapacitacionSpring\sts-4.29.1.RELEASE\plugins\org.eclipse.m2e.maven.runtime_3.9.900.20250220-2013\jars\maven-resolver-impl-1.9.22.jar
2025-04-12 15:16:34,247 [Worker-38: Launching Executing test in C__Users_Rosmira_OneDrive_Documentos_PruebasBBVA_workspace_servicio-conversion-divisas] INFO  o.eclipse.m2e.core.internal.Bundles - 	Entry: C:\Users\Rosmira\OneDrive\Documentos\CapacitacionSpring\sts-4.29.1.RELEASE\plugins\org.eclipse.m2e.maven.runtime_3.9.900.20250220-2013\jars\maven-resolver-named-locks-1.9.22.jar
2025-04-12 15:16:34,248 [Worker-38: Launching Executing test in C__Users_Rosmira_OneDrive_Documentos_PruebasBBVA_workspace_servicio-conversion-divisas] INFO  o.eclipse.m2e.core.internal.Bundles - 	Entry: C:\Users\Rosmira\OneDrive\Documentos\CapacitacionSpring\sts-4.29.1.RELEASE\plugins\org.eclipse.m2e.maven.runtime_3.9.900.20250220-2013\jars\maven-resolver-provider-3.9.9.jar
2025-04-12 15:16:34,248 [Worker-38: Launching Executing test in C__Users_Rosmira_OneDrive_Documentos_PruebasBBVA_workspace_servicio-conversion-divisas] INFO  o.eclipse.m2e.core.internal.Bundles - 	Entry: C:\Users\Rosmira\OneDrive\Documentos\CapacitacionSpring\sts-4.29.1.RELEASE\plugins\org.eclipse.m2e.maven.runtime_3.9.900.20250220-2013\jars\maven-resolver-spi-1.9.22.jar
2025-04-12 15:16:34,248 [Worker-38: Launching Executing test in C__Users_Rosmira_OneDrive_Documentos_PruebasBBVA_workspace_servicio-conversion-divisas] INFO  o.eclipse.m2e.core.internal.Bundles - 	Entry: C:\Users\Rosmira\OneDrive\Documentos\CapacitacionSpring\sts-4.29.1.RELEASE\plugins\org.eclipse.m2e.maven.runtime_3.9.900.20250220-2013\jars\maven-resolver-transport-file-1.9.22.jar
2025-04-12 15:16:34,248 [Worker-38: Launching Executing test in C__Users_Rosmira_OneDrive_Documentos_PruebasBBVA_workspace_servicio-conversion-divisas] INFO  o.eclipse.m2e.core.internal.Bundles - 	Entry: C:\Users\Rosmira\OneDrive\Documentos\CapacitacionSpring\sts-4.29.1.RELEASE\plugins\org.eclipse.m2e.maven.runtime_3.9.900.20250220-2013\jars\maven-resolver-transport-http-1.9.22.jar
2025-04-12 15:16:34,248 [Worker-38: Launching Executing test in C__Users_Rosmira_OneDrive_Documentos_PruebasBBVA_workspace_servicio-conversion-divisas] INFO  o.eclipse.m2e.core.internal.Bundles - 	Entry: C:\Users\Rosmira\OneDrive\Documentos\CapacitacionSpring\sts-4.29.1.RELEASE\plugins\org.eclipse.m2e.maven.runtime_3.9.900.20250220-2013\jars\maven-resolver-transport-wagon-1.9.22.jar
2025-04-12 15:16:34,248 [Worker-38: Launching Executing test in C__Users_Rosmira_OneDrive_Documentos_PruebasBBVA_workspace_servicio-conversion-divisas] INFO  o.eclipse.m2e.core.internal.Bundles - 	Entry: C:\Users\Rosmira\OneDrive\Documentos\CapacitacionSpring\sts-4.29.1.RELEASE\plugins\org.eclipse.m2e.maven.runtime_3.9.900.20250220-2013\jars\maven-resolver-util-1.9.22.jar
2025-04-12 15:16:34,248 [Worker-38: Launching Executing test in C__Users_Rosmira_OneDrive_Documentos_PruebasBBVA_workspace_servicio-conversion-divisas] INFO  o.eclipse.m2e.core.internal.Bundles - 	Entry: C:\Users\Rosmira\OneDrive\Documentos\CapacitacionSpring\sts-4.29.1.RELEASE\plugins\org.eclipse.m2e.maven.runtime_3.9.900.20250220-2013\jars\maven-settings-3.9.9.jar
2025-04-12 15:16:34,248 [Worker-38: Launching Executing test in C__Users_Rosmira_OneDrive_Documentos_PruebasBBVA_workspace_servicio-conversion-divisas] INFO  o.eclipse.m2e.core.internal.Bundles - 	Entry: C:\Users\Rosmira\OneDrive\Documentos\CapacitacionSpring\sts-4.29.1.RELEASE\plugins\org.eclipse.m2e.maven.runtime_3.9.900.20250220-2013\jars\maven-settings-builder-3.9.9.jar
2025-04-12 15:16:34,248 [Worker-38: Launching Executing test in C__Users_Rosmira_OneDrive_Documentos_PruebasBBVA_workspace_servicio-conversion-divisas] INFO  o.eclipse.m2e.core.internal.Bundles - 	Entry: C:\Users\Rosmira\OneDrive\Documentos\CapacitacionSpring\sts-4.29.1.RELEASE\plugins\org.eclipse.m2e.maven.runtime_3.9.900.20250220-2013\jars\maven-shared-utils-3.4.2.jar
2025-04-12 15:16:34,248 [Worker-38: Launching Executing test in C__Users_Rosmira_OneDrive_Documentos_PruebasBBVA_workspace_servicio-conversion-divisas] INFO  o.eclipse.m2e.core.internal.Bundles - 	Entry: C:\Users\Rosmira\OneDrive\Documentos\CapacitacionSpring\sts-4.29.1.RELEASE\plugins\org.eclipse.m2e.maven.runtime_3.9.900.20250220-2013\jars\org.eclipse.sisu.inject-0.9.0.M3.jar
2025-04-12 15:16:34,249 [Worker-38: Launching Executing test in C__Users_Rosmira_OneDrive_Documentos_PruebasBBVA_workspace_servicio-conversion-divisas] INFO  o.eclipse.m2e.core.internal.Bundles - 	Entry: C:\Users\Rosmira\OneDrive\Documentos\CapacitacionSpring\sts-4.29.1.RELEASE\plugins\org.eclipse.m2e.maven.runtime_3.9.900.20250220-2013\jars\org.eclipse.sisu.plexus-0.9.0.M3.jar
2025-04-12 15:16:34,249 [Worker-38: Launching Executing test in C__Users_Rosmira_OneDrive_Documentos_PruebasBBVA_workspace_servicio-conversion-divisas] INFO  o.eclipse.m2e.core.internal.Bundles - 	Entry: C:\Users\Rosmira\OneDrive\Documentos\CapacitacionSpring\sts-4.29.1.RELEASE\plugins\org.eclipse.m2e.maven.runtime_3.9.900.20250220-2013\jars\plexus-build-api-0.0.7.jar
2025-04-12 15:16:34,249 [Worker-38: Launching Executing test in C__Users_Rosmira_OneDrive_Documentos_PruebasBBVA_workspace_servicio-conversion-divisas] INFO  o.eclipse.m2e.core.internal.Bundles - 	Entry: C:\Users\Rosmira\OneDrive\Documentos\CapacitacionSpring\sts-4.29.1.RELEASE\plugins\org.eclipse.m2e.maven.runtime_3.9.900.20250220-2013\jars\plexus-build-api-1.2.0.jar
2025-04-12 15:16:34,249 [Worker-38: Launching Executing test in C__Users_Rosmira_OneDrive_Documentos_PruebasBBVA_workspace_servicio-conversion-divisas] INFO  o.eclipse.m2e.core.internal.Bundles - 	Entry: C:\Users\Rosmira\OneDrive\Documentos\CapacitacionSpring\sts-4.29.1.RELEASE\plugins\org.eclipse.m2e.maven.runtime_3.9.900.20250220-2013\jars\plexus-cipher-2.0.jar
2025-04-12 15:16:34,249 [Worker-38: Launching Executing test in C__Users_Rosmira_OneDrive_Documentos_PruebasBBVA_workspace_servicio-conversion-divisas] INFO  o.eclipse.m2e.core.internal.Bundles - 	Entry: C:\Users\Rosmira\OneDrive\Documentos\CapacitacionSpring\sts-4.29.1.RELEASE\plugins\org.eclipse.m2e.maven.runtime_3.9.900.20250220-2013\jars\plexus-classworlds-2.8.0.jar
2025-04-12 15:16:34,249 [Worker-38: Launching Executing test in C__Users_Rosmira_OneDrive_Documentos_PruebasBBVA_workspace_servicio-conversion-divisas] INFO  o.eclipse.m2e.core.internal.Bundles - 	Entry: C:\Users\Rosmira\OneDrive\Documentos\CapacitacionSpring\sts-4.29.1.RELEASE\plugins\org.eclipse.m2e.maven.runtime_3.9.900.20250220-2013\jars\plexus-component-annotations-2.1.0.jar
2025-04-12 15:16:34,249 [Worker-38: Launching Executing test in C__Users_Rosmira_OneDrive_Documentos_PruebasBBVA_workspace_servicio-conversion-divisas] INFO  o.eclipse.m2e.core.internal.Bundles - 	Entry: C:\Users\Rosmira\OneDrive\Documentos\CapacitacionSpring\sts-4.29.1.RELEASE\plugins\org.eclipse.m2e.maven.runtime_3.9.900.20250220-2013\jars\plexus-interpolation-1.27.jar
2025-04-12 15:16:34,249 [Worker-38: Launching Executing test in C__Users_Rosmira_OneDrive_Documentos_PruebasBBVA_workspace_servicio-conversion-divisas] INFO  o.eclipse.m2e.core.internal.Bundles - 	Entry: C:\Users\Rosmira\OneDrive\Documentos\CapacitacionSpring\sts-4.29.1.RELEASE\plugins\org.eclipse.m2e.maven.runtime_3.9.900.20250220-2013\jars\plexus-sec-dispatcher-2.0.jar
2025-04-12 15:16:34,249 [Worker-38: Launching Executing test in C__Users_Rosmira_OneDrive_Documentos_PruebasBBVA_workspace_servicio-conversion-divisas] INFO  o.eclipse.m2e.core.internal.Bundles - 	Entry: C:\Users\Rosmira\OneDrive\Documentos\CapacitacionSpring\sts-4.29.1.RELEASE\plugins\org.eclipse.m2e.maven.runtime_3.9.900.20250220-2013\jars\plexus-utils-3.5.1.jar
2025-04-12 15:16:34,249 [Worker-38: Launching Executing test in C__Users_Rosmira_OneDrive_Documentos_PruebasBBVA_workspace_servicio-conversion-divisas] INFO  o.eclipse.m2e.core.internal.Bundles - 	Entry: C:\Users\Rosmira\OneDrive\Documentos\CapacitacionSpring\sts-4.29.1.RELEASE\plugins\org.eclipse.m2e.maven.runtime_3.9.900.20250220-2013\jars\plexus-xml-3.0.1.jar
2025-04-12 15:16:34,249 [Worker-38: Launching Executing test in C__Users_Rosmira_OneDrive_Documentos_PruebasBBVA_workspace_servicio-conversion-divisas] INFO  o.eclipse.m2e.core.internal.Bundles - 	Entry: C:\Users\Rosmira\OneDrive\Documentos\CapacitacionSpring\sts-4.29.1.RELEASE\plugins\org.eclipse.m2e.maven.runtime_3.9.900.20250220-2013\jars\wagon-file-3.5.3.jar
2025-04-12 15:16:34,249 [Worker-38: Launching Executing test in C__Users_Rosmira_OneDrive_Documentos_PruebasBBVA_workspace_servicio-conversion-divisas] INFO  o.eclipse.m2e.core.internal.Bundles - 	Entry: C:\Users\Rosmira\OneDrive\Documentos\CapacitacionSpring\sts-4.29.1.RELEASE\plugins\org.eclipse.m2e.maven.runtime_3.9.900.20250220-2013\jars\wagon-http-3.5.3.jar
2025-04-12 15:16:34,250 [Worker-38: Launching Executing test in C__Users_Rosmira_OneDrive_Documentos_PruebasBBVA_workspace_servicio-conversion-divisas] INFO  o.eclipse.m2e.core.internal.Bundles - 	Entry: C:\Users\Rosmira\OneDrive\Documentos\CapacitacionSpring\sts-4.29.1.RELEASE\plugins\org.eclipse.m2e.maven.runtime_3.9.900.20250220-2013\jars\wagon-http-shared-3.5.3.jar
2025-04-12 15:16:34,250 [Worker-38: Launching Executing test in C__Users_Rosmira_OneDrive_Documentos_PruebasBBVA_workspace_servicio-conversion-divisas] INFO  o.eclipse.m2e.core.internal.Bundles - 	Entry: C:\Users\Rosmira\OneDrive\Documentos\CapacitacionSpring\sts-4.29.1.RELEASE\plugins\org.eclipse.m2e.maven.runtime_3.9.900.20250220-2013\jars\wagon-provider-api-3.5.3.jar
2025-04-12 15:16:34,250 [Worker-38: Launching Executing test in C__Users_Rosmira_OneDrive_Documentos_PruebasBBVA_workspace_servicio-conversion-divisas] INFO  o.eclipse.m2e.core.internal.Bundles - getClasspathEntries(Bundle=com.google.guava_33.4.0.jre [29])
2025-04-12 15:16:34,250 [Worker-38: Launching Executing test in C__Users_Rosmira_OneDrive_Documentos_PruebasBBVA_workspace_servicio-conversion-divisas] INFO  o.eclipse.m2e.core.internal.Bundles - 	Entry: C:\Users\Rosmira\OneDrive\Documentos\CapacitacionSpring\sts-4.29.1.RELEASE\plugins\com.google.guava_33.4.0.jre.jar
2025-04-12 15:16:34,250 [Worker-38: Launching Executing test in C__Users_Rosmira_OneDrive_Documentos_PruebasBBVA_workspace_servicio-conversion-divisas] INFO  o.eclipse.m2e.core.internal.Bundles - getClasspathEntries(Bundle=slf4j.api_2.0.17 [608])
2025-04-12 15:16:34,250 [Worker-38: Launching Executing test in C__Users_Rosmira_OneDrive_Documentos_PruebasBBVA_workspace_servicio-conversion-divisas] INFO  o.eclipse.m2e.core.internal.Bundles - 	Entry: C:\Users\Rosmira\OneDrive\Documentos\CapacitacionSpring\sts-4.29.1.RELEASE\plugins\slf4j.api_2.0.17.jar
2025-04-12 15:16:34,250 [Worker-38: Launching Executing test in C__Users_Rosmira_OneDrive_Documentos_PruebasBBVA_workspace_servicio-conversion-divisas] INFO  o.eclipse.m2e.core.internal.Bundles - getClasspathEntries(Bundle=jakarta.inject.jakarta.inject-api_1.0.5 [45])
2025-04-12 15:16:34,251 [Worker-38: Launching Executing test in C__Users_Rosmira_OneDrive_Documentos_PruebasBBVA_workspace_servicio-conversion-divisas] INFO  o.eclipse.m2e.core.internal.Bundles - 	Entry: C:\Users\Rosmira\OneDrive\Documentos\CapacitacionSpring\sts-4.29.1.RELEASE\plugins\jakarta.inject.jakarta.inject-api_1.0.5.jar
2025-04-12 15:16:34,251 [Worker-38: Launching Executing test in C__Users_Rosmira_OneDrive_Documentos_PruebasBBVA_workspace_servicio-conversion-divisas] INFO  o.eclipse.m2e.core.internal.Bundles - getClasspathEntries(Bundle=jakarta.annotation-api_1.3.5 [41])
2025-04-12 15:16:34,251 [Worker-38: Launching Executing test in C__Users_Rosmira_OneDrive_Documentos_PruebasBBVA_workspace_servicio-conversion-divisas] INFO  o.eclipse.m2e.core.internal.Bundles - 	Entry: C:\Users\Rosmira\OneDrive\Documentos\CapacitacionSpring\sts-4.29.1.RELEASE\plugins\jakarta.annotation-api_1.3.5.jar
2025-04-12 15:16:34,251 [Worker-38: Launching Executing test in C__Users_Rosmira_OneDrive_Documentos_PruebasBBVA_workspace_servicio-conversion-divisas] INFO  o.eclipse.m2e.core.internal.Bundles - getClasspathEntries(Bundle=org.apache.commons.cli_1.9.0 [77])
2025-04-12 15:16:34,251 [Worker-38: Launching Executing test in C__Users_Rosmira_OneDrive_Documentos_PruebasBBVA_workspace_servicio-conversion-divisas] INFO  o.eclipse.m2e.core.internal.Bundles - 	Entry: C:\Users\Rosmira\OneDrive\Documentos\CapacitacionSpring\sts-4.29.1.RELEASE\plugins\org.apache.commons.cli_1.9.0.jar
2025-04-12 15:16:34,251 [Worker-38: Launching Executing test in C__Users_Rosmira_OneDrive_Documentos_PruebasBBVA_workspace_servicio-conversion-divisas] INFO  o.eclipse.m2e.core.internal.Bundles - getClasspathEntries(Bundle=org.apache.commons.commons-codec_1.16.0 [79])
2025-04-12 15:16:34,252 [Worker-38: Launching Executing test in C__Users_Rosmira_OneDrive_Documentos_PruebasBBVA_workspace_servicio-conversion-divisas] INFO  o.eclipse.m2e.core.internal.Bundles - 	Entry: C:\Users\Rosmira\OneDrive\Documentos\CapacitacionSpring\sts-4.29.1.RELEASE\plugins\org.apache.commons.commons-codec_1.16.0.jar
2025-04-12 15:16:34,252 [Worker-38: Launching Executing test in C__Users_Rosmira_OneDrive_Documentos_PruebasBBVA_workspace_servicio-conversion-divisas] INFO  o.eclipse.m2e.core.internal.Bundles - getClasspathEntries(Bundle=com.google.guava.failureaccess_1.0.2 [30])
2025-04-12 15:16:34,252 [Worker-38: Launching Executing test in C__Users_Rosmira_OneDrive_Documentos_PruebasBBVA_workspace_servicio-conversion-divisas] INFO  o.eclipse.m2e.core.internal.Bundles - 	Entry: C:\Users\Rosmira\OneDrive\Documentos\CapacitacionSpring\sts-4.29.1.RELEASE\plugins\com.google.guava.failureaccess_1.0.2.jar
2025-04-12 15:16:34,253 [Worker-38: Launching Executing test in C__Users_Rosmira_OneDrive_Documentos_PruebasBBVA_workspace_servicio-conversion-divisas] INFO  o.e.m.i.launch.MavenLaunchDelegate - Run build in "C:\Users\Rosmira\OneDrive\Documentos\PruebasBBVA\workspace\servicio-conversion-divisas":
2025-04-12 15:16:34,253 [Worker-38: Launching Executing test in C__Users_Rosmira_OneDrive_Documentos_PruebasBBVA_workspace_servicio-conversion-divisas] INFO  o.e.m.i.launch.MavenLaunchDelegate -  mvn  -Ppom.xml -B -Dstyle.color=always test
2025-04-12 15:20:16,538 [Worker-37: Building] ERROR o.e.m.c.i.URLConnectionCaches - Unexpected URLConnection defaultUseCaches enabled
2025-04-12 15:20:16,677 [Worker-37: Building] INFO  o.e.m.c.i.l.LifecycleMappingFactory - Using org.eclipse.m2e.jdt.JarLifecycleMapping lifecycle mapping for MavenProject: com.bbva.servicioconversiondivisas:servicio-conversion-divisas:0.0.1-SNAPSHOT @ C:\Users\Rosmira\OneDrive\Documentos\PruebasBBVA\workspace\servicio-conversion-divisas\pom.xml.
2025-04-12 15:20:16,965 [Worker-37: Building] ERROR o.e.m.c.i.URLConnectionCaches - Unexpected URLConnection defaultUseCaches enabled
2025-04-12 15:20:17,046 [Worker-37: Building] INFO  o.a.m.s.f.DefaultMavenResourcesFiltering - Copying 0 resource from src\main\resources to target\classes
2025-04-12 15:20:17,047 [Worker-37: Building] INFO  o.a.m.s.f.DefaultMavenResourcesFiltering - Copying 0 resource from src\main\resources to target\classes
2025-04-12 15:20:17,051 [Worker-37: Building] INFO  o.a.m.s.f.DefaultMavenResourcesFiltering - skip non existing resourceDirectory C:\Users\Rosmira\OneDrive\Documentos\PruebasBBVA\workspace\servicio-conversion-divisas\src\test\resources
2025-04-12 15:20:18,246 [Worker-37: Building] ERROR o.e.m.c.i.URLConnectionCaches - Unexpected URLConnection defaultUseCaches enabled
2025-04-12 15:20:18,249 [Worker-37: Building] INFO  o.a.m.s.f.DefaultMavenResourcesFiltering - Copying 1 resource from src\main\resources to target\classes
2025-04-12 15:20:18,260 [Worker-37: Building] INFO  o.a.m.s.f.DefaultMavenResourcesFiltering - Copying 2 resources from src\main\resources to target\classes
2025-04-12 15:20:18,264 [Worker-37: Building] INFO  o.a.m.s.f.DefaultMavenResourcesFiltering - skip non existing resourceDirectory C:\Users\Rosmira\OneDrive\Documentos\PruebasBBVA\workspace\servicio-conversion-divisas\src\test\resources
2025-04-12 15:20:28,811 [Worker-38: Launching Executing test in C__Users_Rosmira_OneDrive_Documentos_PruebasBBVA_workspace_servicio-conversion-divisas] INFO  o.eclipse.m2e.core.internal.Bundles - getClasspathEntries(Bundle=org.eclipse.m2e.maven.runtime_3.9.900.20250220-2013 [361])
2025-04-12 15:20:28,811 [Worker-38: Launching Executing test in C__Users_Rosmira_OneDrive_Documentos_PruebasBBVA_workspace_servicio-conversion-divisas] INFO  o.eclipse.m2e.core.internal.Bundles - 	Entry: C:\Users\Rosmira\OneDrive\Documentos\CapacitacionSpring\sts-4.29.1.RELEASE\plugins\org.eclipse.m2e.maven.runtime_3.9.900.20250220-2013
2025-04-12 15:20:28,812 [Worker-38: Launching Executing test in C__Users_Rosmira_OneDrive_Documentos_PruebasBBVA_workspace_servicio-conversion-divisas] INFO  o.eclipse.m2e.core.internal.Bundles - 	Entry: C:\Users\Rosmira\OneDrive\Documentos\CapacitacionSpring\sts-4.29.1.RELEASE\plugins\org.eclipse.m2e.maven.runtime_3.9.900.20250220-2013\jars\aopalliance-1.0.jar
2025-04-12 15:20:28,812 [Worker-38: Launching Executing test in C__Users_Rosmira_OneDrive_Documentos_PruebasBBVA_workspace_servicio-conversion-divisas] INFO  o.eclipse.m2e.core.internal.Bundles - 	Entry: C:\Users\Rosmira\OneDrive\Documentos\CapacitacionSpring\sts-4.29.1.RELEASE\plugins\org.eclipse.m2e.maven.runtime_3.9.900.20250220-2013\jars\guice-5.1.0.jar
2025-04-12 15:20:28,812 [Worker-38: Launching Executing test in C__Users_Rosmira_OneDrive_Documentos_PruebasBBVA_workspace_servicio-conversion-divisas] INFO  o.eclipse.m2e.core.internal.Bundles - 	Entry: C:\Users\Rosmira\OneDrive\Documentos\CapacitacionSpring\sts-4.29.1.RELEASE\plugins\org.eclipse.m2e.maven.runtime_3.9.900.20250220-2013\jars\httpclient-4.5.14.jar
2025-04-12 15:20:28,812 [Worker-38: Launching Executing test in C__Users_Rosmira_OneDrive_Documentos_PruebasBBVA_workspace_servicio-conversion-divisas] INFO  o.eclipse.m2e.core.internal.Bundles - 	Entry: C:\Users\Rosmira\OneDrive\Documentos\CapacitacionSpring\sts-4.29.1.RELEASE\plugins\org.eclipse.m2e.maven.runtime_3.9.900.20250220-2013\jars\httpcore-4.4.16.jar
2025-04-12 15:20:28,812 [Worker-38: Launching Executing test in C__Users_Rosmira_OneDrive_Documentos_PruebasBBVA_workspace_servicio-conversion-divisas] INFO  o.eclipse.m2e.core.internal.Bundles - 	Entry: C:\Users\Rosmira\OneDrive\Documentos\CapacitacionSpring\sts-4.29.1.RELEASE\plugins\org.eclipse.m2e.maven.runtime_3.9.900.20250220-2013\jars\jansi-2.4.1.jar
2025-04-12 15:20:28,812 [Worker-38: Launching Executing test in C__Users_Rosmira_OneDrive_Documentos_PruebasBBVA_workspace_servicio-conversion-divisas] INFO  o.eclipse.m2e.core.internal.Bundles - 	Entry: C:\Users\Rosmira\OneDrive\Documentos\CapacitacionSpring\sts-4.29.1.RELEASE\plugins\org.eclipse.m2e.maven.runtime_3.9.900.20250220-2013\jars\jcl-over-slf4j-1.7.36.jar
2025-04-12 15:20:28,812 [Worker-38: Launching Executing test in C__Users_Rosmira_OneDrive_Documentos_PruebasBBVA_workspace_servicio-conversion-divisas] INFO  o.eclipse.m2e.core.internal.Bundles - 	Entry: C:\Users\Rosmira\OneDrive\Documentos\CapacitacionSpring\sts-4.29.1.RELEASE\plugins\org.eclipse.m2e.maven.runtime_3.9.900.20250220-2013\jars\maven-artifact-3.9.9.jar
2025-04-12 15:20:28,812 [Worker-38: Launching Executing test in C__Users_Rosmira_OneDrive_Documentos_PruebasBBVA_workspace_servicio-conversion-divisas] INFO  o.eclipse.m2e.core.internal.Bundles - 	Entry: C:\Users\Rosmira\OneDrive\Documentos\CapacitacionSpring\sts-4.29.1.RELEASE\plugins\org.eclipse.m2e.maven.runtime_3.9.900.20250220-2013\jars\maven-builder-support-3.9.9.jar
2025-04-12 15:20:28,812 [Worker-38: Launching Executing test in C__Users_Rosmira_OneDrive_Documentos_PruebasBBVA_workspace_servicio-conversion-divisas] INFO  o.eclipse.m2e.core.internal.Bundles - 	Entry: C:\Users\Rosmira\OneDrive\Documentos\CapacitacionSpring\sts-4.29.1.RELEASE\plugins\org.eclipse.m2e.maven.runtime_3.9.900.20250220-2013\jars\maven-compat-3.9.9.jar
2025-04-12 15:20:28,812 [Worker-38: Launching Executing test in C__Users_Rosmira_OneDrive_Documentos_PruebasBBVA_workspace_servicio-conversion-divisas] INFO  o.eclipse.m2e.core.internal.Bundles - 	Entry: C:\Users\Rosmira\OneDrive\Documentos\CapacitacionSpring\sts-4.29.1.RELEASE\plugins\org.eclipse.m2e.maven.runtime_3.9.900.20250220-2013\jars\maven-core-3.9.9.jar
2025-04-12 15:20:28,812 [Worker-38: Launching Executing test in C__Users_Rosmira_OneDrive_Documentos_PruebasBBVA_workspace_servicio-conversion-divisas] INFO  o.eclipse.m2e.core.internal.Bundles - 	Entry: C:\Users\Rosmira\OneDrive\Documentos\CapacitacionSpring\sts-4.29.1.RELEASE\plugins\org.eclipse.m2e.maven.runtime_3.9.900.20250220-2013\jars\maven-embedder-3.9.9.jar
2025-04-12 15:20:28,812 [Worker-38: Launching Executing test in C__Users_Rosmira_OneDrive_Documentos_PruebasBBVA_workspace_servicio-conversion-divisas] INFO  o.eclipse.m2e.core.internal.Bundles - 	Entry: C:\Users\Rosmira\OneDrive\Documentos\CapacitacionSpring\sts-4.29.1.RELEASE\plugins\org.eclipse.m2e.maven.runtime_3.9.900.20250220-2013\jars\maven-model-3.9.9.jar
2025-04-12 15:20:28,812 [Worker-38: Launching Executing test in C__Users_Rosmira_OneDrive_Documentos_PruebasBBVA_workspace_servicio-conversion-divisas] INFO  o.eclipse.m2e.core.internal.Bundles - 	Entry: C:\Users\Rosmira\OneDrive\Documentos\CapacitacionSpring\sts-4.29.1.RELEASE\plugins\org.eclipse.m2e.maven.runtime_3.9.900.20250220-2013\jars\maven-model-builder-3.9.9.jar
2025-04-12 15:20:28,812 [Worker-38: Launching Executing test in C__Users_Rosmira_OneDrive_Documentos_PruebasBBVA_workspace_servicio-conversion-divisas] INFO  o.eclipse.m2e.core.internal.Bundles - 	Entry: C:\Users\Rosmira\OneDrive\Documentos\CapacitacionSpring\sts-4.29.1.RELEASE\plugins\org.eclipse.m2e.maven.runtime_3.9.900.20250220-2013\jars\maven-plugin-api-3.9.9.jar
2025-04-12 15:20:28,812 [Worker-38: Launching Executing test in C__Users_Rosmira_OneDrive_Documentos_PruebasBBVA_workspace_servicio-conversion-divisas] INFO  o.eclipse.m2e.core.internal.Bundles - 	Entry: C:\Users\Rosmira\OneDrive\Documentos\CapacitacionSpring\sts-4.29.1.RELEASE\plugins\org.eclipse.m2e.maven.runtime_3.9.900.20250220-2013\jars\maven-repository-metadata-3.9.9.jar
2025-04-12 15:20:28,812 [Worker-38: Launching Executing test in C__Users_Rosmira_OneDrive_Documentos_PruebasBBVA_workspace_servicio-conversion-divisas] INFO  o.eclipse.m2e.core.internal.Bundles - 	Entry: C:\Users\Rosmira\OneDrive\Documentos\CapacitacionSpring\sts-4.29.1.RELEASE\plugins\org.eclipse.m2e.maven.runtime_3.9.900.20250220-2013\jars\maven-resolver-api-1.9.22.jar
2025-04-12 15:20:28,813 [Worker-38: Launching Executing test in C__Users_Rosmira_OneDrive_Documentos_PruebasBBVA_workspace_servicio-conversion-divisas] INFO  o.eclipse.m2e.core.internal.Bundles - 	Entry: C:\Users\Rosmira\OneDrive\Documentos\CapacitacionSpring\sts-4.29.1.RELEASE\plugins\org.eclipse.m2e.maven.runtime_3.9.900.20250220-2013\jars\maven-resolver-connector-basic-1.9.22.jar
2025-04-12 15:20:28,813 [Worker-38: Launching Executing test in C__Users_Rosmira_OneDrive_Documentos_PruebasBBVA_workspace_servicio-conversion-divisas] INFO  o.eclipse.m2e.core.internal.Bundles - 	Entry: C:\Users\Rosmira\OneDrive\Documentos\CapacitacionSpring\sts-4.29.1.RELEASE\plugins\org.eclipse.m2e.maven.runtime_3.9.900.20250220-2013\jars\maven-resolver-impl-1.9.22.jar
2025-04-12 15:20:28,813 [Worker-38: Launching Executing test in C__Users_Rosmira_OneDrive_Documentos_PruebasBBVA_workspace_servicio-conversion-divisas] INFO  o.eclipse.m2e.core.internal.Bundles - 	Entry: C:\Users\Rosmira\OneDrive\Documentos\CapacitacionSpring\sts-4.29.1.RELEASE\plugins\org.eclipse.m2e.maven.runtime_3.9.900.20250220-2013\jars\maven-resolver-named-locks-1.9.22.jar
2025-04-12 15:20:28,813 [Worker-38: Launching Executing test in C__Users_Rosmira_OneDrive_Documentos_PruebasBBVA_workspace_servicio-conversion-divisas] INFO  o.eclipse.m2e.core.internal.Bundles - 	Entry: C:\Users\Rosmira\OneDrive\Documentos\CapacitacionSpring\sts-4.29.1.RELEASE\plugins\org.eclipse.m2e.maven.runtime_3.9.900.20250220-2013\jars\maven-resolver-provider-3.9.9.jar
2025-04-12 15:20:28,813 [Worker-38: Launching Executing test in C__Users_Rosmira_OneDrive_Documentos_PruebasBBVA_workspace_servicio-conversion-divisas] INFO  o.eclipse.m2e.core.internal.Bundles - 	Entry: C:\Users\Rosmira\OneDrive\Documentos\CapacitacionSpring\sts-4.29.1.RELEASE\plugins\org.eclipse.m2e.maven.runtime_3.9.900.20250220-2013\jars\maven-resolver-spi-1.9.22.jar
2025-04-12 15:20:28,813 [Worker-38: Launching Executing test in C__Users_Rosmira_OneDrive_Documentos_PruebasBBVA_workspace_servicio-conversion-divisas] INFO  o.eclipse.m2e.core.internal.Bundles - 	Entry: C:\Users\Rosmira\OneDrive\Documentos\CapacitacionSpring\sts-4.29.1.RELEASE\plugins\org.eclipse.m2e.maven.runtime_3.9.900.20250220-2013\jars\maven-resolver-transport-file-1.9.22.jar
2025-04-12 15:20:28,813 [Worker-38: Launching Executing test in C__Users_Rosmira_OneDrive_Documentos_PruebasBBVA_workspace_servicio-conversion-divisas] INFO  o.eclipse.m2e.core.internal.Bundles - 	Entry: C:\Users\Rosmira\OneDrive\Documentos\CapacitacionSpring\sts-4.29.1.RELEASE\plugins\org.eclipse.m2e.maven.runtime_3.9.900.20250220-2013\jars\maven-resolver-transport-http-1.9.22.jar
2025-04-12 15:20:28,813 [Worker-38: Launching Executing test in C__Users_Rosmira_OneDrive_Documentos_PruebasBBVA_workspace_servicio-conversion-divisas] INFO  o.eclipse.m2e.core.internal.Bundles - 	Entry: C:\Users\Rosmira\OneDrive\Documentos\CapacitacionSpring\sts-4.29.1.RELEASE\plugins\org.eclipse.m2e.maven.runtime_3.9.900.20250220-2013\jars\maven-resolver-transport-wagon-1.9.22.jar
2025-04-12 15:20:28,813 [Worker-38: Launching Executing test in C__Users_Rosmira_OneDrive_Documentos_PruebasBBVA_workspace_servicio-conversion-divisas] INFO  o.eclipse.m2e.core.internal.Bundles - 	Entry: C:\Users\Rosmira\OneDrive\Documentos\CapacitacionSpring\sts-4.29.1.RELEASE\plugins\org.eclipse.m2e.maven.runtime_3.9.900.20250220-2013\jars\maven-resolver-util-1.9.22.jar
2025-04-12 15:20:28,813 [Worker-38: Launching Executing test in C__Users_Rosmira_OneDrive_Documentos_PruebasBBVA_workspace_servicio-conversion-divisas] INFO  o.eclipse.m2e.core.internal.Bundles - 	Entry: C:\Users\Rosmira\OneDrive\Documentos\CapacitacionSpring\sts-4.29.1.RELEASE\plugins\org.eclipse.m2e.maven.runtime_3.9.900.20250220-2013\jars\maven-settings-3.9.9.jar
2025-04-12 15:20:28,813 [Worker-38: Launching Executing test in C__Users_Rosmira_OneDrive_Documentos_PruebasBBVA_workspace_servicio-conversion-divisas] INFO  o.eclipse.m2e.core.internal.Bundles - 	Entry: C:\Users\Rosmira\OneDrive\Documentos\CapacitacionSpring\sts-4.29.1.RELEASE\plugins\org.eclipse.m2e.maven.runtime_3.9.900.20250220-2013\jars\maven-settings-builder-3.9.9.jar
2025-04-12 15:20:28,813 [Worker-38: Launching Executing test in C__Users_Rosmira_OneDrive_Documentos_PruebasBBVA_workspace_servicio-conversion-divisas] INFO  o.eclipse.m2e.core.internal.Bundles - 	Entry: C:\Users\Rosmira\OneDrive\Documentos\CapacitacionSpring\sts-4.29.1.RELEASE\plugins\org.eclipse.m2e.maven.runtime_3.9.900.20250220-2013\jars\maven-shared-utils-3.4.2.jar
2025-04-12 15:20:28,813 [Worker-38: Launching Executing test in C__Users_Rosmira_OneDrive_Documentos_PruebasBBVA_workspace_servicio-conversion-divisas] INFO  o.eclipse.m2e.core.internal.Bundles - 	Entry: C:\Users\Rosmira\OneDrive\Documentos\CapacitacionSpring\sts-4.29.1.RELEASE\plugins\org.eclipse.m2e.maven.runtime_3.9.900.20250220-2013\jars\org.eclipse.sisu.inject-0.9.0.M3.jar
2025-04-12 15:20:28,813 [Worker-38: Launching Executing test in C__Users_Rosmira_OneDrive_Documentos_PruebasBBVA_workspace_servicio-conversion-divisas] INFO  o.eclipse.m2e.core.internal.Bundles - 	Entry: C:\Users\Rosmira\OneDrive\Documentos\CapacitacionSpring\sts-4.29.1.RELEASE\plugins\org.eclipse.m2e.maven.runtime_3.9.900.20250220-2013\jars\org.eclipse.sisu.plexus-0.9.0.M3.jar
2025-04-12 15:20:28,813 [Worker-38: Launching Executing test in C__Users_Rosmira_OneDrive_Documentos_PruebasBBVA_workspace_servicio-conversion-divisas] INFO  o.eclipse.m2e.core.internal.Bundles - 	Entry: C:\Users\Rosmira\OneDrive\Documentos\CapacitacionSpring\sts-4.29.1.RELEASE\plugins\org.eclipse.m2e.maven.runtime_3.9.900.20250220-2013\jars\plexus-build-api-0.0.7.jar
2025-04-12 15:20:28,813 [Worker-38: Launching Executing test in C__Users_Rosmira_OneDrive_Documentos_PruebasBBVA_workspace_servicio-conversion-divisas] INFO  o.eclipse.m2e.core.internal.Bundles - 	Entry: C:\Users\Rosmira\OneDrive\Documentos\CapacitacionSpring\sts-4.29.1.RELEASE\plugins\org.eclipse.m2e.maven.runtime_3.9.900.20250220-2013\jars\plexus-build-api-1.2.0.jar
2025-04-12 15:20:28,814 [Worker-38: Launching Executing test in C__Users_Rosmira_OneDrive_Documentos_PruebasBBVA_workspace_servicio-conversion-divisas] INFO  o.eclipse.m2e.core.internal.Bundles - 	Entry: C:\Users\Rosmira\OneDrive\Documentos\CapacitacionSpring\sts-4.29.1.RELEASE\plugins\org.eclipse.m2e.maven.runtime_3.9.900.20250220-2013\jars\plexus-cipher-2.0.jar
2025-04-12 15:20:28,814 [Worker-38: Launching Executing test in C__Users_Rosmira_OneDrive_Documentos_PruebasBBVA_workspace_servicio-conversion-divisas] INFO  o.eclipse.m2e.core.internal.Bundles - 	Entry: C:\Users\Rosmira\OneDrive\Documentos\CapacitacionSpring\sts-4.29.1.RELEASE\plugins\org.eclipse.m2e.maven.runtime_3.9.900.20250220-2013\jars\plexus-classworlds-2.8.0.jar
2025-04-12 15:20:28,814 [Worker-38: Launching Executing test in C__Users_Rosmira_OneDrive_Documentos_PruebasBBVA_workspace_servicio-conversion-divisas] INFO  o.eclipse.m2e.core.internal.Bundles - 	Entry: C:\Users\Rosmira\OneDrive\Documentos\CapacitacionSpring\sts-4.29.1.RELEASE\plugins\org.eclipse.m2e.maven.runtime_3.9.900.20250220-2013\jars\plexus-component-annotations-2.1.0.jar
2025-04-12 15:20:28,814 [Worker-38: Launching Executing test in C__Users_Rosmira_OneDrive_Documentos_PruebasBBVA_workspace_servicio-conversion-divisas] INFO  o.eclipse.m2e.core.internal.Bundles - 	Entry: C:\Users\Rosmira\OneDrive\Documentos\CapacitacionSpring\sts-4.29.1.RELEASE\plugins\org.eclipse.m2e.maven.runtime_3.9.900.20250220-2013\jars\plexus-interpolation-1.27.jar
2025-04-12 15:20:28,814 [Worker-38: Launching Executing test in C__Users_Rosmira_OneDrive_Documentos_PruebasBBVA_workspace_servicio-conversion-divisas] INFO  o.eclipse.m2e.core.internal.Bundles - 	Entry: C:\Users\Rosmira\OneDrive\Documentos\CapacitacionSpring\sts-4.29.1.RELEASE\plugins\org.eclipse.m2e.maven.runtime_3.9.900.20250220-2013\jars\plexus-sec-dispatcher-2.0.jar
2025-04-12 15:20:28,814 [Worker-38: Launching Executing test in C__Users_Rosmira_OneDrive_Documentos_PruebasBBVA_workspace_servicio-conversion-divisas] INFO  o.eclipse.m2e.core.internal.Bundles - 	Entry: C:\Users\Rosmira\OneDrive\Documentos\CapacitacionSpring\sts-4.29.1.RELEASE\plugins\org.eclipse.m2e.maven.runtime_3.9.900.20250220-2013\jars\plexus-utils-3.5.1.jar
2025-04-12 15:20:28,814 [Worker-38: Launching Executing test in C__Users_Rosmira_OneDrive_Documentos_PruebasBBVA_workspace_servicio-conversion-divisas] INFO  o.eclipse.m2e.core.internal.Bundles - 	Entry: C:\Users\Rosmira\OneDrive\Documentos\CapacitacionSpring\sts-4.29.1.RELEASE\plugins\org.eclipse.m2e.maven.runtime_3.9.900.20250220-2013\jars\plexus-xml-3.0.1.jar
2025-04-12 15:20:28,814 [Worker-38: Launching Executing test in C__Users_Rosmira_OneDrive_Documentos_PruebasBBVA_workspace_servicio-conversion-divisas] INFO  o.eclipse.m2e.core.internal.Bundles - 	Entry: C:\Users\Rosmira\OneDrive\Documentos\CapacitacionSpring\sts-4.29.1.RELEASE\plugins\org.eclipse.m2e.maven.runtime_3.9.900.20250220-2013\jars\wagon-file-3.5.3.jar
2025-04-12 15:20:28,814 [Worker-38: Launching Executing test in C__Users_Rosmira_OneDrive_Documentos_PruebasBBVA_workspace_servicio-conversion-divisas] INFO  o.eclipse.m2e.core.internal.Bundles - 	Entry: C:\Users\Rosmira\OneDrive\Documentos\CapacitacionSpring\sts-4.29.1.RELEASE\plugins\org.eclipse.m2e.maven.runtime_3.9.900.20250220-2013\jars\wagon-http-3.5.3.jar
2025-04-12 15:20:28,814 [Worker-38: Launching Executing test in C__Users_Rosmira_OneDrive_Documentos_PruebasBBVA_workspace_servicio-conversion-divisas] INFO  o.eclipse.m2e.core.internal.Bundles - 	Entry: C:\Users\Rosmira\OneDrive\Documentos\CapacitacionSpring\sts-4.29.1.RELEASE\plugins\org.eclipse.m2e.maven.runtime_3.9.900.20250220-2013\jars\wagon-http-shared-3.5.3.jar
2025-04-12 15:20:28,814 [Worker-38: Launching Executing test in C__Users_Rosmira_OneDrive_Documentos_PruebasBBVA_workspace_servicio-conversion-divisas] INFO  o.eclipse.m2e.core.internal.Bundles - 	Entry: C:\Users\Rosmira\OneDrive\Documentos\CapacitacionSpring\sts-4.29.1.RELEASE\plugins\org.eclipse.m2e.maven.runtime_3.9.900.20250220-2013\jars\wagon-provider-api-3.5.3.jar
2025-04-12 15:20:28,814 [Worker-38: Launching Executing test in C__Users_Rosmira_OneDrive_Documentos_PruebasBBVA_workspace_servicio-conversion-divisas] INFO  o.eclipse.m2e.core.internal.Bundles - getClasspathEntries(Bundle=com.google.guava_33.4.0.jre [29])
2025-04-12 15:20:28,815 [Worker-38: Launching Executing test in C__Users_Rosmira_OneDrive_Documentos_PruebasBBVA_workspace_servicio-conversion-divisas] INFO  o.eclipse.m2e.core.internal.Bundles - 	Entry: C:\Users\Rosmira\OneDrive\Documentos\CapacitacionSpring\sts-4.29.1.RELEASE\plugins\com.google.guava_33.4.0.jre.jar
2025-04-12 15:20:28,815 [Worker-38: Launching Executing test in C__Users_Rosmira_OneDrive_Documentos_PruebasBBVA_workspace_servicio-conversion-divisas] INFO  o.eclipse.m2e.core.internal.Bundles - getClasspathEntries(Bundle=slf4j.api_2.0.17 [608])
2025-04-12 15:20:28,815 [Worker-38: Launching Executing test in C__Users_Rosmira_OneDrive_Documentos_PruebasBBVA_workspace_servicio-conversion-divisas] INFO  o.eclipse.m2e.core.internal.Bundles - 	Entry: C:\Users\Rosmira\OneDrive\Documentos\CapacitacionSpring\sts-4.29.1.RELEASE\plugins\slf4j.api_2.0.17.jar
2025-04-12 15:20:28,815 [Worker-38: Launching Executing test in C__Users_Rosmira_OneDrive_Documentos_PruebasBBVA_workspace_servicio-conversion-divisas] INFO  o.eclipse.m2e.core.internal.Bundles - getClasspathEntries(Bundle=jakarta.inject.jakarta.inject-api_1.0.5 [45])
2025-04-12 15:20:28,815 [Worker-38: Launching Executing test in C__Users_Rosmira_OneDrive_Documentos_PruebasBBVA_workspace_servicio-conversion-divisas] INFO  o.eclipse.m2e.core.internal.Bundles - 	Entry: C:\Users\Rosmira\OneDrive\Documentos\CapacitacionSpring\sts-4.29.1.RELEASE\plugins\jakarta.inject.jakarta.inject-api_1.0.5.jar
2025-04-12 15:20:28,815 [Worker-38: Launching Executing test in C__Users_Rosmira_OneDrive_Documentos_PruebasBBVA_workspace_servicio-conversion-divisas] INFO  o.eclipse.m2e.core.internal.Bundles - getClasspathEntries(Bundle=jakarta.annotation-api_1.3.5 [41])
2025-04-12 15:20:28,815 [Worker-38: Launching Executing test in C__Users_Rosmira_OneDrive_Documentos_PruebasBBVA_workspace_servicio-conversion-divisas] INFO  o.eclipse.m2e.core.internal.Bundles - 	Entry: C:\Users\Rosmira\OneDrive\Documentos\CapacitacionSpring\sts-4.29.1.RELEASE\plugins\jakarta.annotation-api_1.3.5.jar
2025-04-12 15:20:28,815 [Worker-38: Launching Executing test in C__Users_Rosmira_OneDrive_Documentos_PruebasBBVA_workspace_servicio-conversion-divisas] INFO  o.eclipse.m2e.core.internal.Bundles - getClasspathEntries(Bundle=org.apache.commons.cli_1.9.0 [77])
2025-04-12 15:20:28,815 [Worker-38: Launching Executing test in C__Users_Rosmira_OneDrive_Documentos_PruebasBBVA_workspace_servicio-conversion-divisas] INFO  o.eclipse.m2e.core.internal.Bundles - 	Entry: C:\Users\Rosmira\OneDrive\Documentos\CapacitacionSpring\sts-4.29.1.RELEASE\plugins\org.apache.commons.cli_1.9.0.jar
2025-04-12 15:20:28,815 [Worker-38: Launching Executing test in C__Users_Rosmira_OneDrive_Documentos_PruebasBBVA_workspace_servicio-conversion-divisas] INFO  o.eclipse.m2e.core.internal.Bundles - getClasspathEntries(Bundle=org.apache.commons.commons-codec_1.16.0 [79])
2025-04-12 15:20:28,816 [Worker-38: Launching Executing test in C__Users_Rosmira_OneDrive_Documentos_PruebasBBVA_workspace_servicio-conversion-divisas] INFO  o.eclipse.m2e.core.internal.Bundles - 	Entry: C:\Users\Rosmira\OneDrive\Documentos\CapacitacionSpring\sts-4.29.1.RELEASE\plugins\org.apache.commons.commons-codec_1.16.0.jar
2025-04-12 15:20:28,816 [Worker-38: Launching Executing test in C__Users_Rosmira_OneDrive_Documentos_PruebasBBVA_workspace_servicio-conversion-divisas] INFO  o.eclipse.m2e.core.internal.Bundles - getClasspathEntries(Bundle=com.google.guava.failureaccess_1.0.2 [30])
2025-04-12 15:20:28,816 [Worker-38: Launching Executing test in C__Users_Rosmira_OneDrive_Documentos_PruebasBBVA_workspace_servicio-conversion-divisas] INFO  o.eclipse.m2e.core.internal.Bundles - 	Entry: C:\Users\Rosmira\OneDrive\Documentos\CapacitacionSpring\sts-4.29.1.RELEASE\plugins\com.google.guava.failureaccess_1.0.2.jar
2025-04-12 15:20:28,817 [Worker-38: Launching Executing test in C__Users_Rosmira_OneDrive_Documentos_PruebasBBVA_workspace_servicio-conversion-divisas] INFO  o.e.m.i.launch.MavenLaunchDelegate - Run build in "C:\Users\Rosmira\OneDrive\Documentos\PruebasBBVA\workspace\servicio-conversion-divisas":
2025-04-12 15:20:28,817 [Worker-38: Launching Executing test in C__Users_Rosmira_OneDrive_Documentos_PruebasBBVA_workspace_servicio-conversion-divisas] INFO  o.e.m.i.launch.MavenLaunchDelegate -  mvn  -Ppom.xml -B -Dstyle.color=always test
2025-04-12 15:20:56,340 [Worker-35: Building] ERROR o.e.m.c.i.URLConnectionCaches - Unexpected URLConnection defaultUseCaches enabled
2025-04-12 15:20:56,345 [Worker-35: Building] INFO  o.a.m.s.f.DefaultMavenResourcesFiltering - Copying 1 resource from src\main\resources to target\classes
2025-04-12 15:20:56,347 [Worker-35: Building] INFO  o.a.m.s.f.DefaultMavenResourcesFiltering - Copying 2 resources from src\main\resources to target\classes
2025-04-12 15:20:56,352 [Worker-35: Building] INFO  o.a.m.s.f.DefaultMavenResourcesFiltering - skip non existing resourceDirectory C:\Users\Rosmira\OneDrive\Documentos\PruebasBBVA\workspace\servicio-conversion-divisas\src\test\resources
2025-04-12 15:30:32,135 [Worker-32: Building] ERROR o.e.m.c.i.URLConnectionCaches - Unexpected URLConnection defaultUseCaches enabled
2025-04-12 15:30:32,141 [Worker-32: Building] INFO  o.a.m.s.f.DefaultMavenResourcesFiltering - Copying 0 resource from src\main\resources to target\classes
2025-04-12 15:30:32,144 [Worker-32: Building] INFO  o.a.m.s.f.DefaultMavenResourcesFiltering - Copying 0 resource from src\main\resources to target\classes
2025-04-12 15:30:32,148 [Worker-32: Building] INFO  o.a.m.s.f.DefaultMavenResourcesFiltering - skip non existing resourceDirectory C:\Users\Rosmira\OneDrive\Documentos\PruebasBBVA\workspace\servicio-conversion-divisas\src\test\resources
2025-04-12 15:32:17,211 [Worker-36: Building] ERROR o.e.m.c.i.URLConnectionCaches - Unexpected URLConnection defaultUseCaches enabled
2025-04-12 15:32:17,216 [Worker-36: Building] INFO  o.a.m.s.f.DefaultMavenResourcesFiltering - Copying 0 resource from src\main\resources to target\classes
2025-04-12 15:32:17,217 [Worker-36: Building] INFO  o.a.m.s.f.DefaultMavenResourcesFiltering - Copying 0 resource from src\main\resources to target\classes
2025-04-12 15:32:17,219 [Worker-36: Building] INFO  o.a.m.s.f.DefaultMavenResourcesFiltering - skip non existing resourceDirectory C:\Users\Rosmira\OneDrive\Documentos\PruebasBBVA\workspace\servicio-conversion-divisas\src\test\resources
2025-04-12 15:35:12,775 [Worker-31: Building] ERROR o.e.m.c.i.URLConnectionCaches - Unexpected URLConnection defaultUseCaches enabled
2025-04-12 15:35:12,779 [Worker-31: Building] INFO  o.a.m.s.f.DefaultMavenResourcesFiltering - Copying 0 resource from src\main\resources to target\classes
2025-04-12 15:35:12,780 [Worker-31: Building] INFO  o.a.m.s.f.DefaultMavenResourcesFiltering - Copying 0 resource from src\main\resources to target\classes
2025-04-12 15:35:12,781 [Worker-31: Building] INFO  o.a.m.s.f.DefaultMavenResourcesFiltering - skip non existing resourceDirectory C:\Users\Rosmira\OneDrive\Documentos\PruebasBBVA\workspace\servicio-conversion-divisas\src\test\resources
2025-04-12 15:35:32,993 [Worker-28: Launching Executing test in C__Users_Rosmira_OneDrive_Documentos_PruebasBBVA_workspace_servicio-conversion-divisas] INFO  o.eclipse.m2e.core.internal.Bundles - getClasspathEntries(Bundle=org.eclipse.m2e.maven.runtime_3.9.900.20250220-2013 [361])
2025-04-12 15:35:32,994 [Worker-28: Launching Executing test in C__Users_Rosmira_OneDrive_Documentos_PruebasBBVA_workspace_servicio-conversion-divisas] INFO  o.eclipse.m2e.core.internal.Bundles - 	Entry: C:\Users\Rosmira\OneDrive\Documentos\CapacitacionSpring\sts-4.29.1.RELEASE\plugins\org.eclipse.m2e.maven.runtime_3.9.900.20250220-2013
2025-04-12 15:35:32,995 [Worker-28: Launching Executing test in C__Users_Rosmira_OneDrive_Documentos_PruebasBBVA_workspace_servicio-conversion-divisas] INFO  o.eclipse.m2e.core.internal.Bundles - 	Entry: C:\Users\Rosmira\OneDrive\Documentos\CapacitacionSpring\sts-4.29.1.RELEASE\plugins\org.eclipse.m2e.maven.runtime_3.9.900.20250220-2013\jars\aopalliance-1.0.jar
2025-04-12 15:35:32,995 [Worker-28: Launching Executing test in C__Users_Rosmira_OneDrive_Documentos_PruebasBBVA_workspace_servicio-conversion-divisas] INFO  o.eclipse.m2e.core.internal.Bundles - 	Entry: C:\Users\Rosmira\OneDrive\Documentos\CapacitacionSpring\sts-4.29.1.RELEASE\plugins\org.eclipse.m2e.maven.runtime_3.9.900.20250220-2013\jars\guice-5.1.0.jar
2025-04-12 15:35:32,995 [Worker-28: Launching Executing test in C__Users_Rosmira_OneDrive_Documentos_PruebasBBVA_workspace_servicio-conversion-divisas] INFO  o.eclipse.m2e.core.internal.Bundles - 	Entry: C:\Users\Rosmira\OneDrive\Documentos\CapacitacionSpring\sts-4.29.1.RELEASE\plugins\org.eclipse.m2e.maven.runtime_3.9.900.20250220-2013\jars\httpclient-4.5.14.jar
2025-04-12 15:35:32,995 [Worker-28: Launching Executing test in C__Users_Rosmira_OneDrive_Documentos_PruebasBBVA_workspace_servicio-conversion-divisas] INFO  o.eclipse.m2e.core.internal.Bundles - 	Entry: C:\Users\Rosmira\OneDrive\Documentos\CapacitacionSpring\sts-4.29.1.RELEASE\plugins\org.eclipse.m2e.maven.runtime_3.9.900.20250220-2013\jars\httpcore-4.4.16.jar
2025-04-12 15:35:32,995 [Worker-28: Launching Executing test in C__Users_Rosmira_OneDrive_Documentos_PruebasBBVA_workspace_servicio-conversion-divisas] INFO  o.eclipse.m2e.core.internal.Bundles - 	Entry: C:\Users\Rosmira\OneDrive\Documentos\CapacitacionSpring\sts-4.29.1.RELEASE\plugins\org.eclipse.m2e.maven.runtime_3.9.900.20250220-2013\jars\jansi-2.4.1.jar
2025-04-12 15:35:32,995 [Worker-28: Launching Executing test in C__Users_Rosmira_OneDrive_Documentos_PruebasBBVA_workspace_servicio-conversion-divisas] INFO  o.eclipse.m2e.core.internal.Bundles - 	Entry: C:\Users\Rosmira\OneDrive\Documentos\CapacitacionSpring\sts-4.29.1.RELEASE\plugins\org.eclipse.m2e.maven.runtime_3.9.900.20250220-2013\jars\jcl-over-slf4j-1.7.36.jar
2025-04-12 15:35:32,996 [Worker-28: Launching Executing test in C__Users_Rosmira_OneDrive_Documentos_PruebasBBVA_workspace_servicio-conversion-divisas] INFO  o.eclipse.m2e.core.internal.Bundles - 	Entry: C:\Users\Rosmira\OneDrive\Documentos\CapacitacionSpring\sts-4.29.1.RELEASE\plugins\org.eclipse.m2e.maven.runtime_3.9.900.20250220-2013\jars\maven-artifact-3.9.9.jar
2025-04-12 15:35:32,996 [Worker-28: Launching Executing test in C__Users_Rosmira_OneDrive_Documentos_PruebasBBVA_workspace_servicio-conversion-divisas] INFO  o.eclipse.m2e.core.internal.Bundles - 	Entry: C:\Users\Rosmira\OneDrive\Documentos\CapacitacionSpring\sts-4.29.1.RELEASE\plugins\org.eclipse.m2e.maven.runtime_3.9.900.20250220-2013\jars\maven-builder-support-3.9.9.jar
2025-04-12 15:35:32,996 [Worker-28: Launching Executing test in C__Users_Rosmira_OneDrive_Documentos_PruebasBBVA_workspace_servicio-conversion-divisas] INFO  o.eclipse.m2e.core.internal.Bundles - 	Entry: C:\Users\Rosmira\OneDrive\Documentos\CapacitacionSpring\sts-4.29.1.RELEASE\plugins\org.eclipse.m2e.maven.runtime_3.9.900.20250220-2013\jars\maven-compat-3.9.9.jar
2025-04-12 15:35:32,996 [Worker-28: Launching Executing test in C__Users_Rosmira_OneDrive_Documentos_PruebasBBVA_workspace_servicio-conversion-divisas] INFO  o.eclipse.m2e.core.internal.Bundles - 	Entry: C:\Users\Rosmira\OneDrive\Documentos\CapacitacionSpring\sts-4.29.1.RELEASE\plugins\org.eclipse.m2e.maven.runtime_3.9.900.20250220-2013\jars\maven-core-3.9.9.jar
2025-04-12 15:35:32,996 [Worker-28: Launching Executing test in C__Users_Rosmira_OneDrive_Documentos_PruebasBBVA_workspace_servicio-conversion-divisas] INFO  o.eclipse.m2e.core.internal.Bundles - 	Entry: C:\Users\Rosmira\OneDrive\Documentos\CapacitacionSpring\sts-4.29.1.RELEASE\plugins\org.eclipse.m2e.maven.runtime_3.9.900.20250220-2013\jars\maven-embedder-3.9.9.jar
2025-04-12 15:35:32,997 [Worker-28: Launching Executing test in C__Users_Rosmira_OneDrive_Documentos_PruebasBBVA_workspace_servicio-conversion-divisas] INFO  o.eclipse.m2e.core.internal.Bundles - 	Entry: C:\Users\Rosmira\OneDrive\Documentos\CapacitacionSpring\sts-4.29.1.RELEASE\plugins\org.eclipse.m2e.maven.runtime_3.9.900.20250220-2013\jars\maven-model-3.9.9.jar
2025-04-12 15:35:32,997 [Worker-28: Launching Executing test in C__Users_Rosmira_OneDrive_Documentos_PruebasBBVA_workspace_servicio-conversion-divisas] INFO  o.eclipse.m2e.core.internal.Bundles - 	Entry: C:\Users\Rosmira\OneDrive\Documentos\CapacitacionSpring\sts-4.29.1.RELEASE\plugins\org.eclipse.m2e.maven.runtime_3.9.900.20250220-2013\jars\maven-model-builder-3.9.9.jar
2025-04-12 15:35:32,997 [Worker-28: Launching Executing test in C__Users_Rosmira_OneDrive_Documentos_PruebasBBVA_workspace_servicio-conversion-divisas] INFO  o.eclipse.m2e.core.internal.Bundles - 	Entry: C:\Users\Rosmira\OneDrive\Documentos\CapacitacionSpring\sts-4.29.1.RELEASE\plugins\org.eclipse.m2e.maven.runtime_3.9.900.20250220-2013\jars\maven-plugin-api-3.9.9.jar
2025-04-12 15:35:32,997 [Worker-28: Launching Executing test in C__Users_Rosmira_OneDrive_Documentos_PruebasBBVA_workspace_servicio-conversion-divisas] INFO  o.eclipse.m2e.core.internal.Bundles - 	Entry: C:\Users\Rosmira\OneDrive\Documentos\CapacitacionSpring\sts-4.29.1.RELEASE\plugins\org.eclipse.m2e.maven.runtime_3.9.900.20250220-2013\jars\maven-repository-metadata-3.9.9.jar
2025-04-12 15:35:32,997 [Worker-28: Launching Executing test in C__Users_Rosmira_OneDrive_Documentos_PruebasBBVA_workspace_servicio-conversion-divisas] INFO  o.eclipse.m2e.core.internal.Bundles - 	Entry: C:\Users\Rosmira\OneDrive\Documentos\CapacitacionSpring\sts-4.29.1.RELEASE\plugins\org.eclipse.m2e.maven.runtime_3.9.900.20250220-2013\jars\maven-resolver-api-1.9.22.jar
2025-04-12 15:35:32,997 [Worker-28: Launching Executing test in C__Users_Rosmira_OneDrive_Documentos_PruebasBBVA_workspace_servicio-conversion-divisas] INFO  o.eclipse.m2e.core.internal.Bundles - 	Entry: C:\Users\Rosmira\OneDrive\Documentos\CapacitacionSpring\sts-4.29.1.RELEASE\plugins\org.eclipse.m2e.maven.runtime_3.9.900.20250220-2013\jars\maven-resolver-connector-basic-1.9.22.jar
2025-04-12 15:35:32,998 [Worker-28: Launching Executing test in C__Users_Rosmira_OneDrive_Documentos_PruebasBBVA_workspace_servicio-conversion-divisas] INFO  o.eclipse.m2e.core.internal.Bundles - 	Entry: C:\Users\Rosmira\OneDrive\Documentos\CapacitacionSpring\sts-4.29.1.RELEASE\plugins\org.eclipse.m2e.maven.runtime_3.9.900.20250220-2013\jars\maven-resolver-impl-1.9.22.jar
2025-04-12 15:35:32,998 [Worker-28: Launching Executing test in C__Users_Rosmira_OneDrive_Documentos_PruebasBBVA_workspace_servicio-conversion-divisas] INFO  o.eclipse.m2e.core.internal.Bundles - 	Entry: C:\Users\Rosmira\OneDrive\Documentos\CapacitacionSpring\sts-4.29.1.RELEASE\plugins\org.eclipse.m2e.maven.runtime_3.9.900.20250220-2013\jars\maven-resolver-named-locks-1.9.22.jar
2025-04-12 15:35:32,998 [Worker-28: Launching Executing test in C__Users_Rosmira_OneDrive_Documentos_PruebasBBVA_workspace_servicio-conversion-divisas] INFO  o.eclipse.m2e.core.internal.Bundles - 	Entry: C:\Users\Rosmira\OneDrive\Documentos\CapacitacionSpring\sts-4.29.1.RELEASE\plugins\org.eclipse.m2e.maven.runtime_3.9.900.20250220-2013\jars\maven-resolver-provider-3.9.9.jar
2025-04-12 15:35:32,998 [Worker-28: Launching Executing test in C__Users_Rosmira_OneDrive_Documentos_PruebasBBVA_workspace_servicio-conversion-divisas] INFO  o.eclipse.m2e.core.internal.Bundles - 	Entry: C:\Users\Rosmira\OneDrive\Documentos\CapacitacionSpring\sts-4.29.1.RELEASE\plugins\org.eclipse.m2e.maven.runtime_3.9.900.20250220-2013\jars\maven-resolver-spi-1.9.22.jar
2025-04-12 15:35:32,998 [Worker-28: Launching Executing test in C__Users_Rosmira_OneDrive_Documentos_PruebasBBVA_workspace_servicio-conversion-divisas] INFO  o.eclipse.m2e.core.internal.Bundles - 	Entry: C:\Users\Rosmira\OneDrive\Documentos\CapacitacionSpring\sts-4.29.1.RELEASE\plugins\org.eclipse.m2e.maven.runtime_3.9.900.20250220-2013\jars\maven-resolver-transport-file-1.9.22.jar
2025-04-12 15:35:32,998 [Worker-28: Launching Executing test in C__Users_Rosmira_OneDrive_Documentos_PruebasBBVA_workspace_servicio-conversion-divisas] INFO  o.eclipse.m2e.core.internal.Bundles - 	Entry: C:\Users\Rosmira\OneDrive\Documentos\CapacitacionSpring\sts-4.29.1.RELEASE\plugins\org.eclipse.m2e.maven.runtime_3.9.900.20250220-2013\jars\maven-resolver-transport-http-1.9.22.jar
2025-04-12 15:35:32,999 [Worker-28: Launching Executing test in C__Users_Rosmira_OneDrive_Documentos_PruebasBBVA_workspace_servicio-conversion-divisas] INFO  o.eclipse.m2e.core.internal.Bundles - 	Entry: C:\Users\Rosmira\OneDrive\Documentos\CapacitacionSpring\sts-4.29.1.RELEASE\plugins\org.eclipse.m2e.maven.runtime_3.9.900.20250220-2013\jars\maven-resolver-transport-wagon-1.9.22.jar
2025-04-12 15:35:32,999 [Worker-28: Launching Executing test in C__Users_Rosmira_OneDrive_Documentos_PruebasBBVA_workspace_servicio-conversion-divisas] INFO  o.eclipse.m2e.core.internal.Bundles - 	Entry: C:\Users\Rosmira\OneDrive\Documentos\CapacitacionSpring\sts-4.29.1.RELEASE\plugins\org.eclipse.m2e.maven.runtime_3.9.900.20250220-2013\jars\maven-resolver-util-1.9.22.jar
2025-04-12 15:35:32,999 [Worker-28: Launching Executing test in C__Users_Rosmira_OneDrive_Documentos_PruebasBBVA_workspace_servicio-conversion-divisas] INFO  o.eclipse.m2e.core.internal.Bundles - 	Entry: C:\Users\Rosmira\OneDrive\Documentos\CapacitacionSpring\sts-4.29.1.RELEASE\plugins\org.eclipse.m2e.maven.runtime_3.9.900.20250220-2013\jars\maven-settings-3.9.9.jar
2025-04-12 15:35:32,999 [Worker-28: Launching Executing test in C__Users_Rosmira_OneDrive_Documentos_PruebasBBVA_workspace_servicio-conversion-divisas] INFO  o.eclipse.m2e.core.internal.Bundles - 	Entry: C:\Users\Rosmira\OneDrive\Documentos\CapacitacionSpring\sts-4.29.1.RELEASE\plugins\org.eclipse.m2e.maven.runtime_3.9.900.20250220-2013\jars\maven-settings-builder-3.9.9.jar
2025-04-12 15:35:33,000 [Worker-28: Launching Executing test in C__Users_Rosmira_OneDrive_Documentos_PruebasBBVA_workspace_servicio-conversion-divisas] INFO  o.eclipse.m2e.core.internal.Bundles - 	Entry: C:\Users\Rosmira\OneDrive\Documentos\CapacitacionSpring\sts-4.29.1.RELEASE\plugins\org.eclipse.m2e.maven.runtime_3.9.900.20250220-2013\jars\maven-shared-utils-3.4.2.jar
2025-04-12 15:35:33,000 [Worker-28: Launching Executing test in C__Users_Rosmira_OneDrive_Documentos_PruebasBBVA_workspace_servicio-conversion-divisas] INFO  o.eclipse.m2e.core.internal.Bundles - 	Entry: C:\Users\Rosmira\OneDrive\Documentos\CapacitacionSpring\sts-4.29.1.RELEASE\plugins\org.eclipse.m2e.maven.runtime_3.9.900.20250220-2013\jars\org.eclipse.sisu.inject-0.9.0.M3.jar
2025-04-12 15:35:33,000 [Worker-28: Launching Executing test in C__Users_Rosmira_OneDrive_Documentos_PruebasBBVA_workspace_servicio-conversion-divisas] INFO  o.eclipse.m2e.core.internal.Bundles - 	Entry: C:\Users\Rosmira\OneDrive\Documentos\CapacitacionSpring\sts-4.29.1.RELEASE\plugins\org.eclipse.m2e.maven.runtime_3.9.900.20250220-2013\jars\org.eclipse.sisu.plexus-0.9.0.M3.jar
2025-04-12 15:35:33,000 [Worker-28: Launching Executing test in C__Users_Rosmira_OneDrive_Documentos_PruebasBBVA_workspace_servicio-conversion-divisas] INFO  o.eclipse.m2e.core.internal.Bundles - 	Entry: C:\Users\Rosmira\OneDrive\Documentos\CapacitacionSpring\sts-4.29.1.RELEASE\plugins\org.eclipse.m2e.maven.runtime_3.9.900.20250220-2013\jars\plexus-build-api-0.0.7.jar
2025-04-12 15:35:33,000 [Worker-28: Launching Executing test in C__Users_Rosmira_OneDrive_Documentos_PruebasBBVA_workspace_servicio-conversion-divisas] INFO  o.eclipse.m2e.core.internal.Bundles - 	Entry: C:\Users\Rosmira\OneDrive\Documentos\CapacitacionSpring\sts-4.29.1.RELEASE\plugins\org.eclipse.m2e.maven.runtime_3.9.900.20250220-2013\jars\plexus-build-api-1.2.0.jar
2025-04-12 15:35:33,000 [Worker-28: Launching Executing test in C__Users_Rosmira_OneDrive_Documentos_PruebasBBVA_workspace_servicio-conversion-divisas] INFO  o.eclipse.m2e.core.internal.Bundles - 	Entry: C:\Users\Rosmira\OneDrive\Documentos\CapacitacionSpring\sts-4.29.1.RELEASE\plugins\org.eclipse.m2e.maven.runtime_3.9.900.20250220-2013\jars\plexus-cipher-2.0.jar
2025-04-12 15:35:33,000 [Worker-28: Launching Executing test in C__Users_Rosmira_OneDrive_Documentos_PruebasBBVA_workspace_servicio-conversion-divisas] INFO  o.eclipse.m2e.core.internal.Bundles - 	Entry: C:\Users\Rosmira\OneDrive\Documentos\CapacitacionSpring\sts-4.29.1.RELEASE\plugins\org.eclipse.m2e.maven.runtime_3.9.900.20250220-2013\jars\plexus-classworlds-2.8.0.jar
2025-04-12 15:35:33,000 [Worker-28: Launching Executing test in C__Users_Rosmira_OneDrive_Documentos_PruebasBBVA_workspace_servicio-conversion-divisas] INFO  o.eclipse.m2e.core.internal.Bundles - 	Entry: C:\Users\Rosmira\OneDrive\Documentos\CapacitacionSpring\sts-4.29.1.RELEASE\plugins\org.eclipse.m2e.maven.runtime_3.9.900.20250220-2013\jars\plexus-component-annotations-2.1.0.jar
2025-04-12 15:35:33,000 [Worker-28: Launching Executing test in C__Users_Rosmira_OneDrive_Documentos_PruebasBBVA_workspace_servicio-conversion-divisas] INFO  o.eclipse.m2e.core.internal.Bundles - 	Entry: C:\Users\Rosmira\OneDrive\Documentos\CapacitacionSpring\sts-4.29.1.RELEASE\plugins\org.eclipse.m2e.maven.runtime_3.9.900.20250220-2013\jars\plexus-interpolation-1.27.jar
2025-04-12 15:35:33,000 [Worker-28: Launching Executing test in C__Users_Rosmira_OneDrive_Documentos_PruebasBBVA_workspace_servicio-conversion-divisas] INFO  o.eclipse.m2e.core.internal.Bundles - 	Entry: C:\Users\Rosmira\OneDrive\Documentos\CapacitacionSpring\sts-4.29.1.RELEASE\plugins\org.eclipse.m2e.maven.runtime_3.9.900.20250220-2013\jars\plexus-sec-dispatcher-2.0.jar
2025-04-12 15:35:33,000 [Worker-28: Launching Executing test in C__Users_Rosmira_OneDrive_Documentos_PruebasBBVA_workspace_servicio-conversion-divisas] INFO  o.eclipse.m2e.core.internal.Bundles - 	Entry: C:\Users\Rosmira\OneDrive\Documentos\CapacitacionSpring\sts-4.29.1.RELEASE\plugins\org.eclipse.m2e.maven.runtime_3.9.900.20250220-2013\jars\plexus-utils-3.5.1.jar
2025-04-12 15:35:33,000 [Worker-28: Launching Executing test in C__Users_Rosmira_OneDrive_Documentos_PruebasBBVA_workspace_servicio-conversion-divisas] INFO  o.eclipse.m2e.core.internal.Bundles - 	Entry: C:\Users\Rosmira\OneDrive\Documentos\CapacitacionSpring\sts-4.29.1.RELEASE\plugins\org.eclipse.m2e.maven.runtime_3.9.900.20250220-2013\jars\plexus-xml-3.0.1.jar
2025-04-12 15:35:33,000 [Worker-28: Launching Executing test in C__Users_Rosmira_OneDrive_Documentos_PruebasBBVA_workspace_servicio-conversion-divisas] INFO  o.eclipse.m2e.core.internal.Bundles - 	Entry: C:\Users\Rosmira\OneDrive\Documentos\CapacitacionSpring\sts-4.29.1.RELEASE\plugins\org.eclipse.m2e.maven.runtime_3.9.900.20250220-2013\jars\wagon-file-3.5.3.jar
2025-04-12 15:35:33,001 [Worker-28: Launching Executing test in C__Users_Rosmira_OneDrive_Documentos_PruebasBBVA_workspace_servicio-conversion-divisas] INFO  o.eclipse.m2e.core.internal.Bundles - 	Entry: C:\Users\Rosmira\OneDrive\Documentos\CapacitacionSpring\sts-4.29.1.RELEASE\plugins\org.eclipse.m2e.maven.runtime_3.9.900.20250220-2013\jars\wagon-http-3.5.3.jar
2025-04-12 15:35:33,001 [Worker-28: Launching Executing test in C__Users_Rosmira_OneDrive_Documentos_PruebasBBVA_workspace_servicio-conversion-divisas] INFO  o.eclipse.m2e.core.internal.Bundles - 	Entry: C:\Users\Rosmira\OneDrive\Documentos\CapacitacionSpring\sts-4.29.1.RELEASE\plugins\org.eclipse.m2e.maven.runtime_3.9.900.20250220-2013\jars\wagon-http-shared-3.5.3.jar
2025-04-12 15:35:33,001 [Worker-28: Launching Executing test in C__Users_Rosmira_OneDrive_Documentos_PruebasBBVA_workspace_servicio-conversion-divisas] INFO  o.eclipse.m2e.core.internal.Bundles - 	Entry: C:\Users\Rosmira\OneDrive\Documentos\CapacitacionSpring\sts-4.29.1.RELEASE\plugins\org.eclipse.m2e.maven.runtime_3.9.900.20250220-2013\jars\wagon-provider-api-3.5.3.jar
2025-04-12 15:35:33,001 [Worker-28: Launching Executing test in C__Users_Rosmira_OneDrive_Documentos_PruebasBBVA_workspace_servicio-conversion-divisas] INFO  o.eclipse.m2e.core.internal.Bundles - getClasspathEntries(Bundle=com.google.guava_33.4.0.jre [29])
2025-04-12 15:35:33,001 [Worker-28: Launching Executing test in C__Users_Rosmira_OneDrive_Documentos_PruebasBBVA_workspace_servicio-conversion-divisas] INFO  o.eclipse.m2e.core.internal.Bundles - 	Entry: C:\Users\Rosmira\OneDrive\Documentos\CapacitacionSpring\sts-4.29.1.RELEASE\plugins\com.google.guava_33.4.0.jre.jar
2025-04-12 15:35:33,002 [Worker-28: Launching Executing test in C__Users_Rosmira_OneDrive_Documentos_PruebasBBVA_workspace_servicio-conversion-divisas] INFO  o.eclipse.m2e.core.internal.Bundles - getClasspathEntries(Bundle=slf4j.api_2.0.17 [608])
2025-04-12 15:35:33,002 [Worker-28: Launching Executing test in C__Users_Rosmira_OneDrive_Documentos_PruebasBBVA_workspace_servicio-conversion-divisas] INFO  o.eclipse.m2e.core.internal.Bundles - 	Entry: C:\Users\Rosmira\OneDrive\Documentos\CapacitacionSpring\sts-4.29.1.RELEASE\plugins\slf4j.api_2.0.17.jar
2025-04-12 15:35:33,002 [Worker-28: Launching Executing test in C__Users_Rosmira_OneDrive_Documentos_PruebasBBVA_workspace_servicio-conversion-divisas] INFO  o.eclipse.m2e.core.internal.Bundles - getClasspathEntries(Bundle=jakarta.inject.jakarta.inject-api_1.0.5 [45])
2025-04-12 15:35:33,003 [Worker-28: Launching Executing test in C__Users_Rosmira_OneDrive_Documentos_PruebasBBVA_workspace_servicio-conversion-divisas] INFO  o.eclipse.m2e.core.internal.Bundles - 	Entry: C:\Users\Rosmira\OneDrive\Documentos\CapacitacionSpring\sts-4.29.1.RELEASE\plugins\jakarta.inject.jakarta.inject-api_1.0.5.jar
2025-04-12 15:35:33,003 [Worker-28: Launching Executing test in C__Users_Rosmira_OneDrive_Documentos_PruebasBBVA_workspace_servicio-conversion-divisas] INFO  o.eclipse.m2e.core.internal.Bundles - getClasspathEntries(Bundle=jakarta.annotation-api_1.3.5 [41])
2025-04-12 15:35:33,003 [Worker-28: Launching Executing test in C__Users_Rosmira_OneDrive_Documentos_PruebasBBVA_workspace_servicio-conversion-divisas] INFO  o.eclipse.m2e.core.internal.Bundles - 	Entry: C:\Users\Rosmira\OneDrive\Documentos\CapacitacionSpring\sts-4.29.1.RELEASE\plugins\jakarta.annotation-api_1.3.5.jar
2025-04-12 15:35:33,003 [Worker-28: Launching Executing test in C__Users_Rosmira_OneDrive_Documentos_PruebasBBVA_workspace_servicio-conversion-divisas] INFO  o.eclipse.m2e.core.internal.Bundles - getClasspathEntries(Bundle=org.apache.commons.cli_1.9.0 [77])
2025-04-12 15:35:33,004 [Worker-28: Launching Executing test in C__Users_Rosmira_OneDrive_Documentos_PruebasBBVA_workspace_servicio-conversion-divisas] INFO  o.eclipse.m2e.core.internal.Bundles - 	Entry: C:\Users\Rosmira\OneDrive\Documentos\CapacitacionSpring\sts-4.29.1.RELEASE\plugins\org.apache.commons.cli_1.9.0.jar
2025-04-12 15:35:33,004 [Worker-28: Launching Executing test in C__Users_Rosmira_OneDrive_Documentos_PruebasBBVA_workspace_servicio-conversion-divisas] INFO  o.eclipse.m2e.core.internal.Bundles - getClasspathEntries(Bundle=org.apache.commons.commons-codec_1.16.0 [79])
2025-04-12 15:35:33,005 [Worker-28: Launching Executing test in C__Users_Rosmira_OneDrive_Documentos_PruebasBBVA_workspace_servicio-conversion-divisas] INFO  o.eclipse.m2e.core.internal.Bundles - 	Entry: C:\Users\Rosmira\OneDrive\Documentos\CapacitacionSpring\sts-4.29.1.RELEASE\plugins\org.apache.commons.commons-codec_1.16.0.jar
2025-04-12 15:35:33,005 [Worker-28: Launching Executing test in C__Users_Rosmira_OneDrive_Documentos_PruebasBBVA_workspace_servicio-conversion-divisas] INFO  o.eclipse.m2e.core.internal.Bundles - getClasspathEntries(Bundle=com.google.guava.failureaccess_1.0.2 [30])
2025-04-12 15:35:33,005 [Worker-28: Launching Executing test in C__Users_Rosmira_OneDrive_Documentos_PruebasBBVA_workspace_servicio-conversion-divisas] INFO  o.eclipse.m2e.core.internal.Bundles - 	Entry: C:\Users\Rosmira\OneDrive\Documentos\CapacitacionSpring\sts-4.29.1.RELEASE\plugins\com.google.guava.failureaccess_1.0.2.jar
2025-04-12 15:35:33,007 [Worker-28: Launching Executing test in C__Users_Rosmira_OneDrive_Documentos_PruebasBBVA_workspace_servicio-conversion-divisas] INFO  o.e.m.i.launch.MavenLaunchDelegate - Run build in "C:\Users\Rosmira\OneDrive\Documentos\PruebasBBVA\workspace\servicio-conversion-divisas":
2025-04-12 15:35:33,007 [Worker-28: Launching Executing test in C__Users_Rosmira_OneDrive_Documentos_PruebasBBVA_workspace_servicio-conversion-divisas] INFO  o.e.m.i.launch.MavenLaunchDelegate -  mvn  -Ppom.xml -B -Dstyle.color=always test
2025-04-12 15:35:44,215 [Worker-38: Building] ERROR o.e.m.c.i.URLConnectionCaches - Unexpected URLConnection defaultUseCaches enabled
2025-04-12 15:47:14,896 [Worker-32: Building] ERROR o.e.m.c.i.URLConnectionCaches - Unexpected URLConnection defaultUseCaches enabled
2025-04-12 15:47:14,900 [Worker-32: Building] INFO  o.a.m.s.f.DefaultMavenResourcesFiltering - Copying 0 resource from src\main\resources to target\classes
2025-04-12 15:47:14,901 [Worker-32: Building] INFO  o.a.m.s.f.DefaultMavenResourcesFiltering - Copying 0 resource from src\main\resources to target\classes
2025-04-12 15:47:14,902 [Worker-32: Building] INFO  o.a.m.s.f.DefaultMavenResourcesFiltering - skip non existing resourceDirectory C:\Users\Rosmira\OneDrive\Documentos\PruebasBBVA\workspace\servicio-conversion-divisas\src\test\resources
2025-04-12 15:47:20,021 [main] INFO  o.e.m2e.actions.ExecutePomAction - Creating new launch configuration
2025-04-12 15:47:52,985 [Worker-31: Launching Rerun cuandoApiRetornaNull_entoncesLanzaExcepcion()] ERROR o.e.m.c.i.URLConnectionCaches - Unexpected URLConnection defaultUseCaches enabled
2025-04-12 15:47:52,990 [Worker-31: Launching Rerun cuandoApiRetornaNull_entoncesLanzaExcepcion()] INFO  o.a.m.s.f.DefaultMavenResourcesFiltering - Copying 0 resource from src\main\resources to target\classes
2025-04-12 15:47:52,991 [Worker-31: Launching Rerun cuandoApiRetornaNull_entoncesLanzaExcepcion()] INFO  o.a.m.s.f.DefaultMavenResourcesFiltering - Copying 0 resource from src\main\resources to target\classes
2025-04-12 15:47:52,993 [Worker-31: Launching Rerun cuandoApiRetornaNull_entoncesLanzaExcepcion()] INFO  o.a.m.s.f.DefaultMavenResourcesFiltering - skip non existing resourceDirectory C:\Users\Rosmira\OneDrive\Documentos\PruebasBBVA\workspace\servicio-conversion-divisas\src\test\resources
2025-04-12 15:49:06,007 [Worker-32: Launching Rerun cuandoApiRetornaNull_entoncesLanzaExcepcion()] ERROR o.e.m.c.i.URLConnectionCaches - Unexpected URLConnection defaultUseCaches enabled
2025-04-12 15:49:06,015 [Worker-32: Launching Rerun cuandoApiRetornaNull_entoncesLanzaExcepcion()] INFO  o.a.m.s.f.DefaultMavenResourcesFiltering - Copying 0 resource from src\main\resources to target\classes
2025-04-12 15:49:06,018 [Worker-32: Launching Rerun cuandoApiRetornaNull_entoncesLanzaExcepcion()] INFO  o.a.m.s.f.DefaultMavenResourcesFiltering - Copying 0 resource from src\main\resources to target\classes
2025-04-12 15:49:06,022 [Worker-32: Launching Rerun cuandoApiRetornaNull_entoncesLanzaExcepcion()] INFO  o.a.m.s.f.DefaultMavenResourcesFiltering - skip non existing resourceDirectory C:\Users\Rosmira\OneDrive\Documentos\PruebasBBVA\workspace\servicio-conversion-divisas\src\test\resources
2025-04-12 15:51:20,360 [Worker-31: Building] ERROR o.e.m.c.i.URLConnectionCaches - Unexpected URLConnection defaultUseCaches enabled
2025-04-12 15:51:20,366 [Worker-31: Building] INFO  o.a.m.s.f.DefaultMavenResourcesFiltering - Copying 1 resource from src\main\resources to target\classes
2025-04-12 15:51:20,372 [Worker-31: Building] INFO  o.a.m.s.f.DefaultMavenResourcesFiltering - Copying 2 resources from src\main\resources to target\classes
2025-04-12 15:51:20,376 [Worker-31: Building] INFO  o.a.m.s.f.DefaultMavenResourcesFiltering - skip non existing resourceDirectory C:\Users\Rosmira\OneDrive\Documentos\PruebasBBVA\workspace\servicio-conversion-divisas\src\test\resources
2025-04-12 15:51:46,842 [Worker-37: Building] ERROR o.e.m.c.i.URLConnectionCaches - Unexpected URLConnection defaultUseCaches enabled
2025-04-12 15:51:46,845 [Worker-37: Building] INFO  o.a.m.s.f.DefaultMavenResourcesFiltering - Copying 1 resource from src\main\resources to target\classes
2025-04-12 15:51:46,857 [Worker-37: Building] INFO  o.a.m.s.f.DefaultMavenResourcesFiltering - Copying 2 resources from src\main\resources to target\classes
2025-04-12 15:51:46,863 [Worker-37: Building] INFO  o.a.m.s.f.DefaultMavenResourcesFiltering - skip non existing resourceDirectory C:\Users\Rosmira\OneDrive\Documentos\PruebasBBVA\workspace\servicio-conversion-divisas\src\test\resources
2025-04-12 15:53:15,437 [Worker-27: Building] ERROR o.e.m.c.i.URLConnectionCaches - Unexpected URLConnection defaultUseCaches enabled
2025-04-12 15:53:15,441 [Worker-27: Building] INFO  o.a.m.s.f.DefaultMavenResourcesFiltering - Copying 1 resource from src\main\resources to target\classes
2025-04-12 15:53:15,447 [Worker-27: Building] INFO  o.a.m.s.f.DefaultMavenResourcesFiltering - Copying 2 resources from src\main\resources to target\classes
2025-04-12 15:53:15,449 [Worker-27: Building] INFO  o.a.m.s.f.DefaultMavenResourcesFiltering - skip non existing resourceDirectory C:\Users\Rosmira\OneDrive\Documentos\PruebasBBVA\workspace\servicio-conversion-divisas\src\test\resources
2025-04-12 15:53:38,772 [Worker-38: Building] ERROR o.e.m.c.i.URLConnectionCaches - Unexpected URLConnection defaultUseCaches enabled
2025-04-12 15:53:38,780 [Worker-38: Building] INFO  o.a.m.s.f.DefaultMavenResourcesFiltering - Copying 1 resource from src\main\resources to target\classes
2025-04-12 15:53:38,785 [Worker-38: Building] INFO  o.a.m.s.f.DefaultMavenResourcesFiltering - Copying 2 resources from src\main\resources to target\classes
2025-04-12 15:53:38,789 [Worker-38: Building] INFO  o.a.m.s.f.DefaultMavenResourcesFiltering - skip non existing resourceDirectory C:\Users\Rosmira\OneDrive\Documentos\PruebasBBVA\workspace\servicio-conversion-divisas\src\test\resources
2025-04-12 15:53:41,043 [Worker-41: Building] ERROR o.e.m.c.i.URLConnectionCaches - Unexpected URLConnection defaultUseCaches enabled
2025-04-12 15:53:41,046 [Worker-41: Building] INFO  o.a.m.s.f.DefaultMavenResourcesFiltering - Copying 1 resource from src\main\resources to target\classes
2025-04-12 15:53:41,049 [Worker-41: Building] INFO  o.a.m.s.f.DefaultMavenResourcesFiltering - Copying 2 resources from src\main\resources to target\classes
2025-04-12 15:53:41,051 [Worker-41: Building] INFO  o.a.m.s.f.DefaultMavenResourcesFiltering - skip non existing resourceDirectory C:\Users\Rosmira\OneDrive\Documentos\PruebasBBVA\workspace\servicio-conversion-divisas\src\test\resources
2025-04-12 15:53:49,759 [Worker-31: Building] ERROR o.e.m.c.i.URLConnectionCaches - Unexpected URLConnection defaultUseCaches enabled
2025-04-12 15:53:49,763 [Worker-31: Building] INFO  o.a.m.s.f.DefaultMavenResourcesFiltering - Copying 1 resource from src\main\resources to target\classes
2025-04-12 15:53:49,767 [Worker-31: Building] INFO  o.a.m.s.f.DefaultMavenResourcesFiltering - Copying 2 resources from src\main\resources to target\classes
2025-04-12 15:53:49,769 [Worker-31: Building] INFO  o.a.m.s.f.DefaultMavenResourcesFiltering - skip non existing resourceDirectory C:\Users\Rosmira\OneDrive\Documentos\PruebasBBVA\workspace\servicio-conversion-divisas\src\test\resources
2025-04-12 15:54:12,978 [Worker-31: Building] ERROR o.e.m.c.i.URLConnectionCaches - Unexpected URLConnection defaultUseCaches enabled
2025-04-12 15:54:12,982 [Worker-31: Building] INFO  o.a.m.s.f.DefaultMavenResourcesFiltering - Copying 0 resource from src\main\resources to target\classes
2025-04-12 15:54:12,983 [Worker-31: Building] INFO  o.a.m.s.f.DefaultMavenResourcesFiltering - Copying 0 resource from src\main\resources to target\classes
2025-04-12 15:54:12,985 [Worker-31: Building] INFO  o.a.m.s.f.DefaultMavenResourcesFiltering - skip non existing resourceDirectory C:\Users\Rosmira\OneDrive\Documentos\PruebasBBVA\workspace\servicio-conversion-divisas\src\test\resources
2025-04-12 15:54:31,338 [Worker-41: Launching Executing test in C__Users_Rosmira_OneDrive_Documentos_PruebasBBVA_workspace_servicio-conversion-divisas] INFO  o.eclipse.m2e.core.internal.Bundles - getClasspathEntries(Bundle=org.eclipse.m2e.maven.runtime_3.9.900.20250220-2013 [361])
2025-04-12 15:54:31,339 [Worker-41: Launching Executing test in C__Users_Rosmira_OneDrive_Documentos_PruebasBBVA_workspace_servicio-conversion-divisas] INFO  o.eclipse.m2e.core.internal.Bundles - 	Entry: C:\Users\Rosmira\OneDrive\Documentos\CapacitacionSpring\sts-4.29.1.RELEASE\plugins\org.eclipse.m2e.maven.runtime_3.9.900.20250220-2013
2025-04-12 15:54:31,339 [Worker-41: Launching Executing test in C__Users_Rosmira_OneDrive_Documentos_PruebasBBVA_workspace_servicio-conversion-divisas] INFO  o.eclipse.m2e.core.internal.Bundles - 	Entry: C:\Users\Rosmira\OneDrive\Documentos\CapacitacionSpring\sts-4.29.1.RELEASE\plugins\org.eclipse.m2e.maven.runtime_3.9.900.20250220-2013\jars\aopalliance-1.0.jar
2025-04-12 15:54:31,339 [Worker-41: Launching Executing test in C__Users_Rosmira_OneDrive_Documentos_PruebasBBVA_workspace_servicio-conversion-divisas] INFO  o.eclipse.m2e.core.internal.Bundles - 	Entry: C:\Users\Rosmira\OneDrive\Documentos\CapacitacionSpring\sts-4.29.1.RELEASE\plugins\org.eclipse.m2e.maven.runtime_3.9.900.20250220-2013\jars\guice-5.1.0.jar
2025-04-12 15:54:31,339 [Worker-41: Launching Executing test in C__Users_Rosmira_OneDrive_Documentos_PruebasBBVA_workspace_servicio-conversion-divisas] INFO  o.eclipse.m2e.core.internal.Bundles - 	Entry: C:\Users\Rosmira\OneDrive\Documentos\CapacitacionSpring\sts-4.29.1.RELEASE\plugins\org.eclipse.m2e.maven.runtime_3.9.900.20250220-2013\jars\httpclient-4.5.14.jar
2025-04-12 15:54:31,339 [Worker-41: Launching Executing test in C__Users_Rosmira_OneDrive_Documentos_PruebasBBVA_workspace_servicio-conversion-divisas] INFO  o.eclipse.m2e.core.internal.Bundles - 	Entry: C:\Users\Rosmira\OneDrive\Documentos\CapacitacionSpring\sts-4.29.1.RELEASE\plugins\org.eclipse.m2e.maven.runtime_3.9.900.20250220-2013\jars\httpcore-4.4.16.jar
2025-04-12 15:54:31,339 [Worker-41: Launching Executing test in C__Users_Rosmira_OneDrive_Documentos_PruebasBBVA_workspace_servicio-conversion-divisas] INFO  o.eclipse.m2e.core.internal.Bundles - 	Entry: C:\Users\Rosmira\OneDrive\Documentos\CapacitacionSpring\sts-4.29.1.RELEASE\plugins\org.eclipse.m2e.maven.runtime_3.9.900.20250220-2013\jars\jansi-2.4.1.jar
2025-04-12 15:54:31,339 [Worker-41: Launching Executing test in C__Users_Rosmira_OneDrive_Documentos_PruebasBBVA_workspace_servicio-conversion-divisas] INFO  o.eclipse.m2e.core.internal.Bundles - 	Entry: C:\Users\Rosmira\OneDrive\Documentos\CapacitacionSpring\sts-4.29.1.RELEASE\plugins\org.eclipse.m2e.maven.runtime_3.9.900.20250220-2013\jars\jcl-over-slf4j-1.7.36.jar
2025-04-12 15:54:31,339 [Worker-41: Launching Executing test in C__Users_Rosmira_OneDrive_Documentos_PruebasBBVA_workspace_servicio-conversion-divisas] INFO  o.eclipse.m2e.core.internal.Bundles - 	Entry: C:\Users\Rosmira\OneDrive\Documentos\CapacitacionSpring\sts-4.29.1.RELEASE\plugins\org.eclipse.m2e.maven.runtime_3.9.900.20250220-2013\jars\maven-artifact-3.9.9.jar
2025-04-12 15:54:31,340 [Worker-41: Launching Executing test in C__Users_Rosmira_OneDrive_Documentos_PruebasBBVA_workspace_servicio-conversion-divisas] INFO  o.eclipse.m2e.core.internal.Bundles - 	Entry: C:\Users\Rosmira\OneDrive\Documentos\CapacitacionSpring\sts-4.29.1.RELEASE\plugins\org.eclipse.m2e.maven.runtime_3.9.900.20250220-2013\jars\maven-builder-support-3.9.9.jar
2025-04-12 15:54:31,340 [Worker-41: Launching Executing test in C__Users_Rosmira_OneDrive_Documentos_PruebasBBVA_workspace_servicio-conversion-divisas] INFO  o.eclipse.m2e.core.internal.Bundles - 	Entry: C:\Users\Rosmira\OneDrive\Documentos\CapacitacionSpring\sts-4.29.1.RELEASE\plugins\org.eclipse.m2e.maven.runtime_3.9.900.20250220-2013\jars\maven-compat-3.9.9.jar
2025-04-12 15:54:31,340 [Worker-41: Launching Executing test in C__Users_Rosmira_OneDrive_Documentos_PruebasBBVA_workspace_servicio-conversion-divisas] INFO  o.eclipse.m2e.core.internal.Bundles - 	Entry: C:\Users\Rosmira\OneDrive\Documentos\CapacitacionSpring\sts-4.29.1.RELEASE\plugins\org.eclipse.m2e.maven.runtime_3.9.900.20250220-2013\jars\maven-core-3.9.9.jar
2025-04-12 15:54:31,340 [Worker-41: Launching Executing test in C__Users_Rosmira_OneDrive_Documentos_PruebasBBVA_workspace_servicio-conversion-divisas] INFO  o.eclipse.m2e.core.internal.Bundles - 	Entry: C:\Users\Rosmira\OneDrive\Documentos\CapacitacionSpring\sts-4.29.1.RELEASE\plugins\org.eclipse.m2e.maven.runtime_3.9.900.20250220-2013\jars\maven-embedder-3.9.9.jar
2025-04-12 15:54:31,340 [Worker-41: Launching Executing test in C__Users_Rosmira_OneDrive_Documentos_PruebasBBVA_workspace_servicio-conversion-divisas] INFO  o.eclipse.m2e.core.internal.Bundles - 	Entry: C:\Users\Rosmira\OneDrive\Documentos\CapacitacionSpring\sts-4.29.1.RELEASE\plugins\org.eclipse.m2e.maven.runtime_3.9.900.20250220-2013\jars\maven-model-3.9.9.jar
2025-04-12 15:54:31,340 [Worker-41: Launching Executing test in C__Users_Rosmira_OneDrive_Documentos_PruebasBBVA_workspace_servicio-conversion-divisas] INFO  o.eclipse.m2e.core.internal.Bundles - 	Entry: C:\Users\Rosmira\OneDrive\Documentos\CapacitacionSpring\sts-4.29.1.RELEASE\plugins\org.eclipse.m2e.maven.runtime_3.9.900.20250220-2013\jars\maven-model-builder-3.9.9.jar
2025-04-12 15:54:31,340 [Worker-41: Launching Executing test in C__Users_Rosmira_OneDrive_Documentos_PruebasBBVA_workspace_servicio-conversion-divisas] INFO  o.eclipse.m2e.core.internal.Bundles - 	Entry: C:\Users\Rosmira\OneDrive\Documentos\CapacitacionSpring\sts-4.29.1.RELEASE\plugins\org.eclipse.m2e.maven.runtime_3.9.900.20250220-2013\jars\maven-plugin-api-3.9.9.jar
2025-04-12 15:54:31,340 [Worker-41: Launching Executing test in C__Users_Rosmira_OneDrive_Documentos_PruebasBBVA_workspace_servicio-conversion-divisas] INFO  o.eclipse.m2e.core.internal.Bundles - 	Entry: C:\Users\Rosmira\OneDrive\Documentos\CapacitacionSpring\sts-4.29.1.RELEASE\plugins\org.eclipse.m2e.maven.runtime_3.9.900.20250220-2013\jars\maven-repository-metadata-3.9.9.jar
2025-04-12 15:54:31,340 [Worker-41: Launching Executing test in C__Users_Rosmira_OneDrive_Documentos_PruebasBBVA_workspace_servicio-conversion-divisas] INFO  o.eclipse.m2e.core.internal.Bundles - 	Entry: C:\Users\Rosmira\OneDrive\Documentos\CapacitacionSpring\sts-4.29.1.RELEASE\plugins\org.eclipse.m2e.maven.runtime_3.9.900.20250220-2013\jars\maven-resolver-api-1.9.22.jar
2025-04-12 15:54:31,340 [Worker-41: Launching Executing test in C__Users_Rosmira_OneDrive_Documentos_PruebasBBVA_workspace_servicio-conversion-divisas] INFO  o.eclipse.m2e.core.internal.Bundles - 	Entry: C:\Users\Rosmira\OneDrive\Documentos\CapacitacionSpring\sts-4.29.1.RELEASE\plugins\org.eclipse.m2e.maven.runtime_3.9.900.20250220-2013\jars\maven-resolver-connector-basic-1.9.22.jar
2025-04-12 15:54:31,340 [Worker-41: Launching Executing test in C__Users_Rosmira_OneDrive_Documentos_PruebasBBVA_workspace_servicio-conversion-divisas] INFO  o.eclipse.m2e.core.internal.Bundles - 	Entry: C:\Users\Rosmira\OneDrive\Documentos\CapacitacionSpring\sts-4.29.1.RELEASE\plugins\org.eclipse.m2e.maven.runtime_3.9.900.20250220-2013\jars\maven-resolver-impl-1.9.22.jar
2025-04-12 15:54:31,340 [Worker-41: Launching Executing test in C__Users_Rosmira_OneDrive_Documentos_PruebasBBVA_workspace_servicio-conversion-divisas] INFO  o.eclipse.m2e.core.internal.Bundles - 	Entry: C:\Users\Rosmira\OneDrive\Documentos\CapacitacionSpring\sts-4.29.1.RELEASE\plugins\org.eclipse.m2e.maven.runtime_3.9.900.20250220-2013\jars\maven-resolver-named-locks-1.9.22.jar
2025-04-12 15:54:31,340 [Worker-41: Launching Executing test in C__Users_Rosmira_OneDrive_Documentos_PruebasBBVA_workspace_servicio-conversion-divisas] INFO  o.eclipse.m2e.core.internal.Bundles - 	Entry: C:\Users\Rosmira\OneDrive\Documentos\CapacitacionSpring\sts-4.29.1.RELEASE\plugins\org.eclipse.m2e.maven.runtime_3.9.900.20250220-2013\jars\maven-resolver-provider-3.9.9.jar
2025-04-12 15:54:31,340 [Worker-41: Launching Executing test in C__Users_Rosmira_OneDrive_Documentos_PruebasBBVA_workspace_servicio-conversion-divisas] INFO  o.eclipse.m2e.core.internal.Bundles - 	Entry: C:\Users\Rosmira\OneDrive\Documentos\CapacitacionSpring\sts-4.29.1.RELEASE\plugins\org.eclipse.m2e.maven.runtime_3.9.900.20250220-2013\jars\maven-resolver-spi-1.9.22.jar
2025-04-12 15:54:31,340 [Worker-41: Launching Executing test in C__Users_Rosmira_OneDrive_Documentos_PruebasBBVA_workspace_servicio-conversion-divisas] INFO  o.eclipse.m2e.core.internal.Bundles - 	Entry: C:\Users\Rosmira\OneDrive\Documentos\CapacitacionSpring\sts-4.29.1.RELEASE\plugins\org.eclipse.m2e.maven.runtime_3.9.900.20250220-2013\jars\maven-resolver-transport-file-1.9.22.jar
2025-04-12 15:54:31,340 [Worker-41: Launching Executing test in C__Users_Rosmira_OneDrive_Documentos_PruebasBBVA_workspace_servicio-conversion-divisas] INFO  o.eclipse.m2e.core.internal.Bundles - 	Entry: C:\Users\Rosmira\OneDrive\Documentos\CapacitacionSpring\sts-4.29.1.RELEASE\plugins\org.eclipse.m2e.maven.runtime_3.9.900.20250220-2013\jars\maven-resolver-transport-http-1.9.22.jar
2025-04-12 15:54:31,340 [Worker-41: Launching Executing test in C__Users_Rosmira_OneDrive_Documentos_PruebasBBVA_workspace_servicio-conversion-divisas] INFO  o.eclipse.m2e.core.internal.Bundles - 	Entry: C:\Users\Rosmira\OneDrive\Documentos\CapacitacionSpring\sts-4.29.1.RELEASE\plugins\org.eclipse.m2e.maven.runtime_3.9.900.20250220-2013\jars\maven-resolver-transport-wagon-1.9.22.jar
2025-04-12 15:54:31,341 [Worker-41: Launching Executing test in C__Users_Rosmira_OneDrive_Documentos_PruebasBBVA_workspace_servicio-conversion-divisas] INFO  o.eclipse.m2e.core.internal.Bundles - 	Entry: C:\Users\Rosmira\OneDrive\Documentos\CapacitacionSpring\sts-4.29.1.RELEASE\plugins\org.eclipse.m2e.maven.runtime_3.9.900.20250220-2013\jars\maven-resolver-util-1.9.22.jar
2025-04-12 15:54:31,341 [Worker-41: Launching Executing test in C__Users_Rosmira_OneDrive_Documentos_PruebasBBVA_workspace_servicio-conversion-divisas] INFO  o.eclipse.m2e.core.internal.Bundles - 	Entry: C:\Users\Rosmira\OneDrive\Documentos\CapacitacionSpring\sts-4.29.1.RELEASE\plugins\org.eclipse.m2e.maven.runtime_3.9.900.20250220-2013\jars\maven-settings-3.9.9.jar
2025-04-12 15:54:31,341 [Worker-41: Launching Executing test in C__Users_Rosmira_OneDrive_Documentos_PruebasBBVA_workspace_servicio-conversion-divisas] INFO  o.eclipse.m2e.core.internal.Bundles - 	Entry: C:\Users\Rosmira\OneDrive\Documentos\CapacitacionSpring\sts-4.29.1.RELEASE\plugins\org.eclipse.m2e.maven.runtime_3.9.900.20250220-2013\jars\maven-settings-builder-3.9.9.jar
2025-04-12 15:54:31,341 [Worker-41: Launching Executing test in C__Users_Rosmira_OneDrive_Documentos_PruebasBBVA_workspace_servicio-conversion-divisas] INFO  o.eclipse.m2e.core.internal.Bundles - 	Entry: C:\Users\Rosmira\OneDrive\Documentos\CapacitacionSpring\sts-4.29.1.RELEASE\plugins\org.eclipse.m2e.maven.runtime_3.9.900.20250220-2013\jars\maven-shared-utils-3.4.2.jar
2025-04-12 15:54:31,341 [Worker-41: Launching Executing test in C__Users_Rosmira_OneDrive_Documentos_PruebasBBVA_workspace_servicio-conversion-divisas] INFO  o.eclipse.m2e.core.internal.Bundles - 	Entry: C:\Users\Rosmira\OneDrive\Documentos\CapacitacionSpring\sts-4.29.1.RELEASE\plugins\org.eclipse.m2e.maven.runtime_3.9.900.20250220-2013\jars\org.eclipse.sisu.inject-0.9.0.M3.jar
2025-04-12 15:54:31,341 [Worker-41: Launching Executing test in C__Users_Rosmira_OneDrive_Documentos_PruebasBBVA_workspace_servicio-conversion-divisas] INFO  o.eclipse.m2e.core.internal.Bundles - 	Entry: C:\Users\Rosmira\OneDrive\Documentos\CapacitacionSpring\sts-4.29.1.RELEASE\plugins\org.eclipse.m2e.maven.runtime_3.9.900.20250220-2013\jars\org.eclipse.sisu.plexus-0.9.0.M3.jar
2025-04-12 15:54:31,341 [Worker-41: Launching Executing test in C__Users_Rosmira_OneDrive_Documentos_PruebasBBVA_workspace_servicio-conversion-divisas] INFO  o.eclipse.m2e.core.internal.Bundles - 	Entry: C:\Users\Rosmira\OneDrive\Documentos\CapacitacionSpring\sts-4.29.1.RELEASE\plugins\org.eclipse.m2e.maven.runtime_3.9.900.20250220-2013\jars\plexus-build-api-0.0.7.jar
2025-04-12 15:54:31,341 [Worker-41: Launching Executing test in C__Users_Rosmira_OneDrive_Documentos_PruebasBBVA_workspace_servicio-conversion-divisas] INFO  o.eclipse.m2e.core.internal.Bundles - 	Entry: C:\Users\Rosmira\OneDrive\Documentos\CapacitacionSpring\sts-4.29.1.RELEASE\plugins\org.eclipse.m2e.maven.runtime_3.9.900.20250220-2013\jars\plexus-build-api-1.2.0.jar
2025-04-12 15:54:31,341 [Worker-41: Launching Executing test in C__Users_Rosmira_OneDrive_Documentos_PruebasBBVA_workspace_servicio-conversion-divisas] INFO  o.eclipse.m2e.core.internal.Bundles - 	Entry: C:\Users\Rosmira\OneDrive\Documentos\CapacitacionSpring\sts-4.29.1.RELEASE\plugins\org.eclipse.m2e.maven.runtime_3.9.900.20250220-2013\jars\plexus-cipher-2.0.jar
2025-04-12 15:54:31,341 [Worker-41: Launching Executing test in C__Users_Rosmira_OneDrive_Documentos_PruebasBBVA_workspace_servicio-conversion-divisas] INFO  o.eclipse.m2e.core.internal.Bundles - 	Entry: C:\Users\Rosmira\OneDrive\Documentos\CapacitacionSpring\sts-4.29.1.RELEASE\plugins\org.eclipse.m2e.maven.runtime_3.9.900.20250220-2013\jars\plexus-classworlds-2.8.0.jar
2025-04-12 15:54:31,341 [Worker-41: Launching Executing test in C__Users_Rosmira_OneDrive_Documentos_PruebasBBVA_workspace_servicio-conversion-divisas] INFO  o.eclipse.m2e.core.internal.Bundles - 	Entry: C:\Users\Rosmira\OneDrive\Documentos\CapacitacionSpring\sts-4.29.1.RELEASE\plugins\org.eclipse.m2e.maven.runtime_3.9.900.20250220-2013\jars\plexus-component-annotations-2.1.0.jar
2025-04-12 15:54:31,341 [Worker-41: Launching Executing test in C__Users_Rosmira_OneDrive_Documentos_PruebasBBVA_workspace_servicio-conversion-divisas] INFO  o.eclipse.m2e.core.internal.Bundles - 	Entry: C:\Users\Rosmira\OneDrive\Documentos\CapacitacionSpring\sts-4.29.1.RELEASE\plugins\org.eclipse.m2e.maven.runtime_3.9.900.20250220-2013\jars\plexus-interpolation-1.27.jar
2025-04-12 15:54:31,341 [Worker-41: Launching Executing test in C__Users_Rosmira_OneDrive_Documentos_PruebasBBVA_workspace_servicio-conversion-divisas] INFO  o.eclipse.m2e.core.internal.Bundles - 	Entry: C:\Users\Rosmira\OneDrive\Documentos\CapacitacionSpring\sts-4.29.1.RELEASE\plugins\org.eclipse.m2e.maven.runtime_3.9.900.20250220-2013\jars\plexus-sec-dispatcher-2.0.jar
2025-04-12 15:54:31,341 [Worker-41: Launching Executing test in C__Users_Rosmira_OneDrive_Documentos_PruebasBBVA_workspace_servicio-conversion-divisas] INFO  o.eclipse.m2e.core.internal.Bundles - 	Entry: C:\Users\Rosmira\OneDrive\Documentos\CapacitacionSpring\sts-4.29.1.RELEASE\plugins\org.eclipse.m2e.maven.runtime_3.9.900.20250220-2013\jars\plexus-utils-3.5.1.jar
2025-04-12 15:54:31,341 [Worker-41: Launching Executing test in C__Users_Rosmira_OneDrive_Documentos_PruebasBBVA_workspace_servicio-conversion-divisas] INFO  o.eclipse.m2e.core.internal.Bundles - 	Entry: C:\Users\Rosmira\OneDrive\Documentos\CapacitacionSpring\sts-4.29.1.RELEASE\plugins\org.eclipse.m2e.maven.runtime_3.9.900.20250220-2013\jars\plexus-xml-3.0.1.jar
2025-04-12 15:54:31,341 [Worker-41: Launching Executing test in C__Users_Rosmira_OneDrive_Documentos_PruebasBBVA_workspace_servicio-conversion-divisas] INFO  o.eclipse.m2e.core.internal.Bundles - 	Entry: C:\Users\Rosmira\OneDrive\Documentos\CapacitacionSpring\sts-4.29.1.RELEASE\plugins\org.eclipse.m2e.maven.runtime_3.9.900.20250220-2013\jars\wagon-file-3.5.3.jar
2025-04-12 15:54:31,342 [Worker-41: Launching Executing test in C__Users_Rosmira_OneDrive_Documentos_PruebasBBVA_workspace_servicio-conversion-divisas] INFO  o.eclipse.m2e.core.internal.Bundles - 	Entry: C:\Users\Rosmira\OneDrive\Documentos\CapacitacionSpring\sts-4.29.1.RELEASE\plugins\org.eclipse.m2e.maven.runtime_3.9.900.20250220-2013\jars\wagon-http-3.5.3.jar
2025-04-12 15:54:31,342 [Worker-41: Launching Executing test in C__Users_Rosmira_OneDrive_Documentos_PruebasBBVA_workspace_servicio-conversion-divisas] INFO  o.eclipse.m2e.core.internal.Bundles - 	Entry: C:\Users\Rosmira\OneDrive\Documentos\CapacitacionSpring\sts-4.29.1.RELEASE\plugins\org.eclipse.m2e.maven.runtime_3.9.900.20250220-2013\jars\wagon-http-shared-3.5.3.jar
2025-04-12 15:54:31,342 [Worker-41: Launching Executing test in C__Users_Rosmira_OneDrive_Documentos_PruebasBBVA_workspace_servicio-conversion-divisas] INFO  o.eclipse.m2e.core.internal.Bundles - 	Entry: C:\Users\Rosmira\OneDrive\Documentos\CapacitacionSpring\sts-4.29.1.RELEASE\plugins\org.eclipse.m2e.maven.runtime_3.9.900.20250220-2013\jars\wagon-provider-api-3.5.3.jar
2025-04-12 15:54:31,342 [Worker-41: Launching Executing test in C__Users_Rosmira_OneDrive_Documentos_PruebasBBVA_workspace_servicio-conversion-divisas] INFO  o.eclipse.m2e.core.internal.Bundles - getClasspathEntries(Bundle=com.google.guava_33.4.0.jre [29])
2025-04-12 15:54:31,342 [Worker-41: Launching Executing test in C__Users_Rosmira_OneDrive_Documentos_PruebasBBVA_workspace_servicio-conversion-divisas] INFO  o.eclipse.m2e.core.internal.Bundles - 	Entry: C:\Users\Rosmira\OneDrive\Documentos\CapacitacionSpring\sts-4.29.1.RELEASE\plugins\com.google.guava_33.4.0.jre.jar
2025-04-12 15:54:31,342 [Worker-41: Launching Executing test in C__Users_Rosmira_OneDrive_Documentos_PruebasBBVA_workspace_servicio-conversion-divisas] INFO  o.eclipse.m2e.core.internal.Bundles - getClasspathEntries(Bundle=slf4j.api_2.0.17 [608])
2025-04-12 15:54:31,342 [Worker-41: Launching Executing test in C__Users_Rosmira_OneDrive_Documentos_PruebasBBVA_workspace_servicio-conversion-divisas] INFO  o.eclipse.m2e.core.internal.Bundles - 	Entry: C:\Users\Rosmira\OneDrive\Documentos\CapacitacionSpring\sts-4.29.1.RELEASE\plugins\slf4j.api_2.0.17.jar
2025-04-12 15:54:31,342 [Worker-41: Launching Executing test in C__Users_Rosmira_OneDrive_Documentos_PruebasBBVA_workspace_servicio-conversion-divisas] INFO  o.eclipse.m2e.core.internal.Bundles - getClasspathEntries(Bundle=jakarta.inject.jakarta.inject-api_1.0.5 [45])
2025-04-12 15:54:31,342 [Worker-41: Launching Executing test in C__Users_Rosmira_OneDrive_Documentos_PruebasBBVA_workspace_servicio-conversion-divisas] INFO  o.eclipse.m2e.core.internal.Bundles - 	Entry: C:\Users\Rosmira\OneDrive\Documentos\CapacitacionSpring\sts-4.29.1.RELEASE\plugins\jakarta.inject.jakarta.inject-api_1.0.5.jar
2025-04-12 15:54:31,342 [Worker-41: Launching Executing test in C__Users_Rosmira_OneDrive_Documentos_PruebasBBVA_workspace_servicio-conversion-divisas] INFO  o.eclipse.m2e.core.internal.Bundles - getClasspathEntries(Bundle=jakarta.annotation-api_1.3.5 [41])
2025-04-12 15:54:31,343 [Worker-41: Launching Executing test in C__Users_Rosmira_OneDrive_Documentos_PruebasBBVA_workspace_servicio-conversion-divisas] INFO  o.eclipse.m2e.core.internal.Bundles - 	Entry: C:\Users\Rosmira\OneDrive\Documentos\CapacitacionSpring\sts-4.29.1.RELEASE\plugins\jakarta.annotation-api_1.3.5.jar
2025-04-12 15:54:31,343 [Worker-41: Launching Executing test in C__Users_Rosmira_OneDrive_Documentos_PruebasBBVA_workspace_servicio-conversion-divisas] INFO  o.eclipse.m2e.core.internal.Bundles - getClasspathEntries(Bundle=org.apache.commons.cli_1.9.0 [77])
2025-04-12 15:54:31,343 [Worker-41: Launching Executing test in C__Users_Rosmira_OneDrive_Documentos_PruebasBBVA_workspace_servicio-conversion-divisas] INFO  o.eclipse.m2e.core.internal.Bundles - 	Entry: C:\Users\Rosmira\OneDrive\Documentos\CapacitacionSpring\sts-4.29.1.RELEASE\plugins\org.apache.commons.cli_1.9.0.jar
2025-04-12 15:54:31,343 [Worker-41: Launching Executing test in C__Users_Rosmira_OneDrive_Documentos_PruebasBBVA_workspace_servicio-conversion-divisas] INFO  o.eclipse.m2e.core.internal.Bundles - getClasspathEntries(Bundle=org.apache.commons.commons-codec_1.16.0 [79])
2025-04-12 15:54:31,343 [Worker-41: Launching Executing test in C__Users_Rosmira_OneDrive_Documentos_PruebasBBVA_workspace_servicio-conversion-divisas] INFO  o.eclipse.m2e.core.internal.Bundles - 	Entry: C:\Users\Rosmira\OneDrive\Documentos\CapacitacionSpring\sts-4.29.1.RELEASE\plugins\org.apache.commons.commons-codec_1.16.0.jar
2025-04-12 15:54:31,343 [Worker-41: Launching Executing test in C__Users_Rosmira_OneDrive_Documentos_PruebasBBVA_workspace_servicio-conversion-divisas] INFO  o.eclipse.m2e.core.internal.Bundles - getClasspathEntries(Bundle=com.google.guava.failureaccess_1.0.2 [30])
2025-04-12 15:54:31,343 [Worker-41: Launching Executing test in C__Users_Rosmira_OneDrive_Documentos_PruebasBBVA_workspace_servicio-conversion-divisas] INFO  o.eclipse.m2e.core.internal.Bundles - 	Entry: C:\Users\Rosmira\OneDrive\Documentos\CapacitacionSpring\sts-4.29.1.RELEASE\plugins\com.google.guava.failureaccess_1.0.2.jar
2025-04-12 15:54:31,344 [Worker-41: Launching Executing test in C__Users_Rosmira_OneDrive_Documentos_PruebasBBVA_workspace_servicio-conversion-divisas] INFO  o.e.m.i.launch.MavenLaunchDelegate - Run build in "C:\Users\Rosmira\OneDrive\Documentos\PruebasBBVA\workspace\servicio-conversion-divisas":
2025-04-12 15:54:31,344 [Worker-41: Launching Executing test in C__Users_Rosmira_OneDrive_Documentos_PruebasBBVA_workspace_servicio-conversion-divisas] INFO  o.e.m.i.launch.MavenLaunchDelegate -  mvn  -Ppom.xml -B -Dstyle.color=always test
2025-04-12 15:54:43,053 [Worker-40: Building] ERROR o.e.m.c.i.URLConnectionCaches - Unexpected URLConnection defaultUseCaches enabled
2025-04-12 16:01:16,852 [Worker-27: Building] ERROR o.e.m.c.i.URLConnectionCaches - Unexpected URLConnection defaultUseCaches enabled
2025-04-12 16:01:16,879 [Worker-27: Building] INFO  o.a.m.s.f.DefaultMavenResourcesFiltering - Copying 1 resource from src\main\resources to target\classes
2025-04-12 16:01:16,887 [Worker-27: Building] INFO  o.a.m.s.f.DefaultMavenResourcesFiltering - Copying 2 resources from src\main\resources to target\classes
2025-04-12 16:01:16,892 [Worker-27: Building] INFO  o.a.m.s.f.DefaultMavenResourcesFiltering - skip non existing resourceDirectory C:\Users\Rosmira\OneDrive\Documentos\PruebasBBVA\workspace\servicio-conversion-divisas\src\test\resources
2025-04-12 16:32:09,328 [Worker-31: Building] ERROR o.e.m.c.i.URLConnectionCaches - Unexpected URLConnection defaultUseCaches enabled
2025-04-12 16:32:09,352 [Worker-31: Building] INFO  o.a.m.s.f.DefaultMavenResourcesFiltering - Copying 0 resource from src\main\resources to target\classes
2025-04-12 16:32:09,354 [Worker-31: Building] INFO  o.a.m.s.f.DefaultMavenResourcesFiltering - Copying 0 resource from src\main\resources to target\classes
2025-04-12 16:32:09,356 [Worker-31: Building] INFO  o.a.m.s.f.DefaultMavenResourcesFiltering - skip non existing resourceDirectory C:\Users\Rosmira\OneDrive\Documentos\PruebasBBVA\workspace\servicio-conversion-divisas\src\test\resources
2025-04-12 16:32:23,973 [Worker-32: Launching Executing test in C__Users_Rosmira_OneDrive_Documentos_PruebasBBVA_workspace_servicio-conversion-divisas] INFO  o.eclipse.m2e.core.internal.Bundles - getClasspathEntries(Bundle=org.eclipse.m2e.maven.runtime_3.9.900.20250220-2013 [361])
2025-04-12 16:32:23,975 [Worker-32: Launching Executing test in C__Users_Rosmira_OneDrive_Documentos_PruebasBBVA_workspace_servicio-conversion-divisas] INFO  o.eclipse.m2e.core.internal.Bundles - 	Entry: C:\Users\Rosmira\OneDrive\Documentos\CapacitacionSpring\sts-4.29.1.RELEASE\plugins\org.eclipse.m2e.maven.runtime_3.9.900.20250220-2013
2025-04-12 16:32:23,976 [Worker-32: Launching Executing test in C__Users_Rosmira_OneDrive_Documentos_PruebasBBVA_workspace_servicio-conversion-divisas] INFO  o.eclipse.m2e.core.internal.Bundles - 	Entry: C:\Users\Rosmira\OneDrive\Documentos\CapacitacionSpring\sts-4.29.1.RELEASE\plugins\org.eclipse.m2e.maven.runtime_3.9.900.20250220-2013\jars\aopalliance-1.0.jar
2025-04-12 16:32:23,976 [Worker-32: Launching Executing test in C__Users_Rosmira_OneDrive_Documentos_PruebasBBVA_workspace_servicio-conversion-divisas] INFO  o.eclipse.m2e.core.internal.Bundles - 	Entry: C:\Users\Rosmira\OneDrive\Documentos\CapacitacionSpring\sts-4.29.1.RELEASE\plugins\org.eclipse.m2e.maven.runtime_3.9.900.20250220-2013\jars\guice-5.1.0.jar
2025-04-12 16:32:23,976 [Worker-32: Launching Executing test in C__Users_Rosmira_OneDrive_Documentos_PruebasBBVA_workspace_servicio-conversion-divisas] INFO  o.eclipse.m2e.core.internal.Bundles - 	Entry: C:\Users\Rosmira\OneDrive\Documentos\CapacitacionSpring\sts-4.29.1.RELEASE\plugins\org.eclipse.m2e.maven.runtime_3.9.900.20250220-2013\jars\httpclient-4.5.14.jar
2025-04-12 16:32:23,976 [Worker-32: Launching Executing test in C__Users_Rosmira_OneDrive_Documentos_PruebasBBVA_workspace_servicio-conversion-divisas] INFO  o.eclipse.m2e.core.internal.Bundles - 	Entry: C:\Users\Rosmira\OneDrive\Documentos\CapacitacionSpring\sts-4.29.1.RELEASE\plugins\org.eclipse.m2e.maven.runtime_3.9.900.20250220-2013\jars\httpcore-4.4.16.jar
2025-04-12 16:32:23,976 [Worker-32: Launching Executing test in C__Users_Rosmira_OneDrive_Documentos_PruebasBBVA_workspace_servicio-conversion-divisas] INFO  o.eclipse.m2e.core.internal.Bundles - 	Entry: C:\Users\Rosmira\OneDrive\Documentos\CapacitacionSpring\sts-4.29.1.RELEASE\plugins\org.eclipse.m2e.maven.runtime_3.9.900.20250220-2013\jars\jansi-2.4.1.jar
2025-04-12 16:32:23,976 [Worker-32: Launching Executing test in C__Users_Rosmira_OneDrive_Documentos_PruebasBBVA_workspace_servicio-conversion-divisas] INFO  o.eclipse.m2e.core.internal.Bundles - 	Entry: C:\Users\Rosmira\OneDrive\Documentos\CapacitacionSpring\sts-4.29.1.RELEASE\plugins\org.eclipse.m2e.maven.runtime_3.9.900.20250220-2013\jars\jcl-over-slf4j-1.7.36.jar
2025-04-12 16:32:23,976 [Worker-32: Launching Executing test in C__Users_Rosmira_OneDrive_Documentos_PruebasBBVA_workspace_servicio-conversion-divisas] INFO  o.eclipse.m2e.core.internal.Bundles - 	Entry: C:\Users\Rosmira\OneDrive\Documentos\CapacitacionSpring\sts-4.29.1.RELEASE\plugins\org.eclipse.m2e.maven.runtime_3.9.900.20250220-2013\jars\maven-artifact-3.9.9.jar
2025-04-12 16:32:23,976 [Worker-32: Launching Executing test in C__Users_Rosmira_OneDrive_Documentos_PruebasBBVA_workspace_servicio-conversion-divisas] INFO  o.eclipse.m2e.core.internal.Bundles - 	Entry: C:\Users\Rosmira\OneDrive\Documentos\CapacitacionSpring\sts-4.29.1.RELEASE\plugins\org.eclipse.m2e.maven.runtime_3.9.900.20250220-2013\jars\maven-builder-support-3.9.9.jar
2025-04-12 16:32:23,976 [Worker-32: Launching Executing test in C__Users_Rosmira_OneDrive_Documentos_PruebasBBVA_workspace_servicio-conversion-divisas] INFO  o.eclipse.m2e.core.internal.Bundles - 	Entry: C:\Users\Rosmira\OneDrive\Documentos\CapacitacionSpring\sts-4.29.1.RELEASE\plugins\org.eclipse.m2e.maven.runtime_3.9.900.20250220-2013\jars\maven-compat-3.9.9.jar
2025-04-12 16:32:23,976 [Worker-32: Launching Executing test in C__Users_Rosmira_OneDrive_Documentos_PruebasBBVA_workspace_servicio-conversion-divisas] INFO  o.eclipse.m2e.core.internal.Bundles - 	Entry: C:\Users\Rosmira\OneDrive\Documentos\CapacitacionSpring\sts-4.29.1.RELEASE\plugins\org.eclipse.m2e.maven.runtime_3.9.900.20250220-2013\jars\maven-core-3.9.9.jar
2025-04-12 16:32:23,976 [Worker-32: Launching Executing test in C__Users_Rosmira_OneDrive_Documentos_PruebasBBVA_workspace_servicio-conversion-divisas] INFO  o.eclipse.m2e.core.internal.Bundles - 	Entry: C:\Users\Rosmira\OneDrive\Documentos\CapacitacionSpring\sts-4.29.1.RELEASE\plugins\org.eclipse.m2e.maven.runtime_3.9.900.20250220-2013\jars\maven-embedder-3.9.9.jar
2025-04-12 16:32:23,976 [Worker-32: Launching Executing test in C__Users_Rosmira_OneDrive_Documentos_PruebasBBVA_workspace_servicio-conversion-divisas] INFO  o.eclipse.m2e.core.internal.Bundles - 	Entry: C:\Users\Rosmira\OneDrive\Documentos\CapacitacionSpring\sts-4.29.1.RELEASE\plugins\org.eclipse.m2e.maven.runtime_3.9.900.20250220-2013\jars\maven-model-3.9.9.jar
2025-04-12 16:32:23,976 [Worker-32: Launching Executing test in C__Users_Rosmira_OneDrive_Documentos_PruebasBBVA_workspace_servicio-conversion-divisas] INFO  o.eclipse.m2e.core.internal.Bundles - 	Entry: C:\Users\Rosmira\OneDrive\Documentos\CapacitacionSpring\sts-4.29.1.RELEASE\plugins\org.eclipse.m2e.maven.runtime_3.9.900.20250220-2013\jars\maven-model-builder-3.9.9.jar
2025-04-12 16:32:23,976 [Worker-32: Launching Executing test in C__Users_Rosmira_OneDrive_Documentos_PruebasBBVA_workspace_servicio-conversion-divisas] INFO  o.eclipse.m2e.core.internal.Bundles - 	Entry: C:\Users\Rosmira\OneDrive\Documentos\CapacitacionSpring\sts-4.29.1.RELEASE\plugins\org.eclipse.m2e.maven.runtime_3.9.900.20250220-2013\jars\maven-plugin-api-3.9.9.jar
2025-04-12 16:32:23,977 [Worker-32: Launching Executing test in C__Users_Rosmira_OneDrive_Documentos_PruebasBBVA_workspace_servicio-conversion-divisas] INFO  o.eclipse.m2e.core.internal.Bundles - 	Entry: C:\Users\Rosmira\OneDrive\Documentos\CapacitacionSpring\sts-4.29.1.RELEASE\plugins\org.eclipse.m2e.maven.runtime_3.9.900.20250220-2013\jars\maven-repository-metadata-3.9.9.jar
2025-04-12 16:32:23,977 [Worker-32: Launching Executing test in C__Users_Rosmira_OneDrive_Documentos_PruebasBBVA_workspace_servicio-conversion-divisas] INFO  o.eclipse.m2e.core.internal.Bundles - 	Entry: C:\Users\Rosmira\OneDrive\Documentos\CapacitacionSpring\sts-4.29.1.RELEASE\plugins\org.eclipse.m2e.maven.runtime_3.9.900.20250220-2013\jars\maven-resolver-api-1.9.22.jar
2025-04-12 16:32:23,977 [Worker-32: Launching Executing test in C__Users_Rosmira_OneDrive_Documentos_PruebasBBVA_workspace_servicio-conversion-divisas] INFO  o.eclipse.m2e.core.internal.Bundles - 	Entry: C:\Users\Rosmira\OneDrive\Documentos\CapacitacionSpring\sts-4.29.1.RELEASE\plugins\org.eclipse.m2e.maven.runtime_3.9.900.20250220-2013\jars\maven-resolver-connector-basic-1.9.22.jar
2025-04-12 16:32:23,977 [Worker-32: Launching Executing test in C__Users_Rosmira_OneDrive_Documentos_PruebasBBVA_workspace_servicio-conversion-divisas] INFO  o.eclipse.m2e.core.internal.Bundles - 	Entry: C:\Users\Rosmira\OneDrive\Documentos\CapacitacionSpring\sts-4.29.1.RELEASE\plugins\org.eclipse.m2e.maven.runtime_3.9.900.20250220-2013\jars\maven-resolver-impl-1.9.22.jar
2025-04-12 16:32:23,977 [Worker-32: Launching Executing test in C__Users_Rosmira_OneDrive_Documentos_PruebasBBVA_workspace_servicio-conversion-divisas] INFO  o.eclipse.m2e.core.internal.Bundles - 	Entry: C:\Users\Rosmira\OneDrive\Documentos\CapacitacionSpring\sts-4.29.1.RELEASE\plugins\org.eclipse.m2e.maven.runtime_3.9.900.20250220-2013\jars\maven-resolver-named-locks-1.9.22.jar
2025-04-12 16:32:23,977 [Worker-32: Launching Executing test in C__Users_Rosmira_OneDrive_Documentos_PruebasBBVA_workspace_servicio-conversion-divisas] INFO  o.eclipse.m2e.core.internal.Bundles - 	Entry: C:\Users\Rosmira\OneDrive\Documentos\CapacitacionSpring\sts-4.29.1.RELEASE\plugins\org.eclipse.m2e.maven.runtime_3.9.900.20250220-2013\jars\maven-resolver-provider-3.9.9.jar
2025-04-12 16:32:23,977 [Worker-32: Launching Executing test in C__Users_Rosmira_OneDrive_Documentos_PruebasBBVA_workspace_servicio-conversion-divisas] INFO  o.eclipse.m2e.core.internal.Bundles - 	Entry: C:\Users\Rosmira\OneDrive\Documentos\CapacitacionSpring\sts-4.29.1.RELEASE\plugins\org.eclipse.m2e.maven.runtime_3.9.900.20250220-2013\jars\maven-resolver-spi-1.9.22.jar
2025-04-12 16:32:23,977 [Worker-32: Launching Executing test in C__Users_Rosmira_OneDrive_Documentos_PruebasBBVA_workspace_servicio-conversion-divisas] INFO  o.eclipse.m2e.core.internal.Bundles - 	Entry: C:\Users\Rosmira\OneDrive\Documentos\CapacitacionSpring\sts-4.29.1.RELEASE\plugins\org.eclipse.m2e.maven.runtime_3.9.900.20250220-2013\jars\maven-resolver-transport-file-1.9.22.jar
2025-04-12 16:32:23,977 [Worker-32: Launching Executing test in C__Users_Rosmira_OneDrive_Documentos_PruebasBBVA_workspace_servicio-conversion-divisas] INFO  o.eclipse.m2e.core.internal.Bundles - 	Entry: C:\Users\Rosmira\OneDrive\Documentos\CapacitacionSpring\sts-4.29.1.RELEASE\plugins\org.eclipse.m2e.maven.runtime_3.9.900.20250220-2013\jars\maven-resolver-transport-http-1.9.22.jar
2025-04-12 16:32:23,977 [Worker-32: Launching Executing test in C__Users_Rosmira_OneDrive_Documentos_PruebasBBVA_workspace_servicio-conversion-divisas] INFO  o.eclipse.m2e.core.internal.Bundles - 	Entry: C:\Users\Rosmira\OneDrive\Documentos\CapacitacionSpring\sts-4.29.1.RELEASE\plugins\org.eclipse.m2e.maven.runtime_3.9.900.20250220-2013\jars\maven-resolver-transport-wagon-1.9.22.jar
2025-04-12 16:32:23,977 [Worker-32: Launching Executing test in C__Users_Rosmira_OneDrive_Documentos_PruebasBBVA_workspace_servicio-conversion-divisas] INFO  o.eclipse.m2e.core.internal.Bundles - 	Entry: C:\Users\Rosmira\OneDrive\Documentos\CapacitacionSpring\sts-4.29.1.RELEASE\plugins\org.eclipse.m2e.maven.runtime_3.9.900.20250220-2013\jars\maven-resolver-util-1.9.22.jar
2025-04-12 16:32:23,977 [Worker-32: Launching Executing test in C__Users_Rosmira_OneDrive_Documentos_PruebasBBVA_workspace_servicio-conversion-divisas] INFO  o.eclipse.m2e.core.internal.Bundles - 	Entry: C:\Users\Rosmira\OneDrive\Documentos\CapacitacionSpring\sts-4.29.1.RELEASE\plugins\org.eclipse.m2e.maven.runtime_3.9.900.20250220-2013\jars\maven-settings-3.9.9.jar
2025-04-12 16:32:23,977 [Worker-32: Launching Executing test in C__Users_Rosmira_OneDrive_Documentos_PruebasBBVA_workspace_servicio-conversion-divisas] INFO  o.eclipse.m2e.core.internal.Bundles - 	Entry: C:\Users\Rosmira\OneDrive\Documentos\CapacitacionSpring\sts-4.29.1.RELEASE\plugins\org.eclipse.m2e.maven.runtime_3.9.900.20250220-2013\jars\maven-settings-builder-3.9.9.jar
2025-04-12 16:32:23,978 [Worker-32: Launching Executing test in C__Users_Rosmira_OneDrive_Documentos_PruebasBBVA_workspace_servicio-conversion-divisas] INFO  o.eclipse.m2e.core.internal.Bundles - 	Entry: C:\Users\Rosmira\OneDrive\Documentos\CapacitacionSpring\sts-4.29.1.RELEASE\plugins\org.eclipse.m2e.maven.runtime_3.9.900.20250220-2013\jars\maven-shared-utils-3.4.2.jar
2025-04-12 16:32:23,978 [Worker-32: Launching Executing test in C__Users_Rosmira_OneDrive_Documentos_PruebasBBVA_workspace_servicio-conversion-divisas] INFO  o.eclipse.m2e.core.internal.Bundles - 	Entry: C:\Users\Rosmira\OneDrive\Documentos\CapacitacionSpring\sts-4.29.1.RELEASE\plugins\org.eclipse.m2e.maven.runtime_3.9.900.20250220-2013\jars\org.eclipse.sisu.inject-0.9.0.M3.jar
2025-04-12 16:32:23,978 [Worker-32: Launching Executing test in C__Users_Rosmira_OneDrive_Documentos_PruebasBBVA_workspace_servicio-conversion-divisas] INFO  o.eclipse.m2e.core.internal.Bundles - 	Entry: C:\Users\Rosmira\OneDrive\Documentos\CapacitacionSpring\sts-4.29.1.RELEASE\plugins\org.eclipse.m2e.maven.runtime_3.9.900.20250220-2013\jars\org.eclipse.sisu.plexus-0.9.0.M3.jar
2025-04-12 16:32:23,978 [Worker-32: Launching Executing test in C__Users_Rosmira_OneDrive_Documentos_PruebasBBVA_workspace_servicio-conversion-divisas] INFO  o.eclipse.m2e.core.internal.Bundles - 	Entry: C:\Users\Rosmira\OneDrive\Documentos\CapacitacionSpring\sts-4.29.1.RELEASE\plugins\org.eclipse.m2e.maven.runtime_3.9.900.20250220-2013\jars\plexus-build-api-0.0.7.jar
2025-04-12 16:32:23,978 [Worker-32: Launching Executing test in C__Users_Rosmira_OneDrive_Documentos_PruebasBBVA_workspace_servicio-conversion-divisas] INFO  o.eclipse.m2e.core.internal.Bundles - 	Entry: C:\Users\Rosmira\OneDrive\Documentos\CapacitacionSpring\sts-4.29.1.RELEASE\plugins\org.eclipse.m2e.maven.runtime_3.9.900.20250220-2013\jars\plexus-build-api-1.2.0.jar
2025-04-12 16:32:23,978 [Worker-32: Launching Executing test in C__Users_Rosmira_OneDrive_Documentos_PruebasBBVA_workspace_servicio-conversion-divisas] INFO  o.eclipse.m2e.core.internal.Bundles - 	Entry: C:\Users\Rosmira\OneDrive\Documentos\CapacitacionSpring\sts-4.29.1.RELEASE\plugins\org.eclipse.m2e.maven.runtime_3.9.900.20250220-2013\jars\plexus-cipher-2.0.jar
2025-04-12 16:32:23,978 [Worker-32: Launching Executing test in C__Users_Rosmira_OneDrive_Documentos_PruebasBBVA_workspace_servicio-conversion-divisas] INFO  o.eclipse.m2e.core.internal.Bundles - 	Entry: C:\Users\Rosmira\OneDrive\Documentos\CapacitacionSpring\sts-4.29.1.RELEASE\plugins\org.eclipse.m2e.maven.runtime_3.9.900.20250220-2013\jars\plexus-classworlds-2.8.0.jar
2025-04-12 16:32:23,978 [Worker-32: Launching Executing test in C__Users_Rosmira_OneDrive_Documentos_PruebasBBVA_workspace_servicio-conversion-divisas] INFO  o.eclipse.m2e.core.internal.Bundles - 	Entry: C:\Users\Rosmira\OneDrive\Documentos\CapacitacionSpring\sts-4.29.1.RELEASE\plugins\org.eclipse.m2e.maven.runtime_3.9.900.20250220-2013\jars\plexus-component-annotations-2.1.0.jar
2025-04-12 16:32:23,978 [Worker-32: Launching Executing test in C__Users_Rosmira_OneDrive_Documentos_PruebasBBVA_workspace_servicio-conversion-divisas] INFO  o.eclipse.m2e.core.internal.Bundles - 	Entry: C:\Users\Rosmira\OneDrive\Documentos\CapacitacionSpring\sts-4.29.1.RELEASE\plugins\org.eclipse.m2e.maven.runtime_3.9.900.20250220-2013\jars\plexus-interpolation-1.27.jar
2025-04-12 16:32:23,978 [Worker-32: Launching Executing test in C__Users_Rosmira_OneDrive_Documentos_PruebasBBVA_workspace_servicio-conversion-divisas] INFO  o.eclipse.m2e.core.internal.Bundles - 	Entry: C:\Users\Rosmira\OneDrive\Documentos\CapacitacionSpring\sts-4.29.1.RELEASE\plugins\org.eclipse.m2e.maven.runtime_3.9.900.20250220-2013\jars\plexus-sec-dispatcher-2.0.jar
2025-04-12 16:32:23,978 [Worker-32: Launching Executing test in C__Users_Rosmira_OneDrive_Documentos_PruebasBBVA_workspace_servicio-conversion-divisas] INFO  o.eclipse.m2e.core.internal.Bundles - 	Entry: C:\Users\Rosmira\OneDrive\Documentos\CapacitacionSpring\sts-4.29.1.RELEASE\plugins\org.eclipse.m2e.maven.runtime_3.9.900.20250220-2013\jars\plexus-utils-3.5.1.jar
2025-04-12 16:32:23,978 [Worker-32: Launching Executing test in C__Users_Rosmira_OneDrive_Documentos_PruebasBBVA_workspace_servicio-conversion-divisas] INFO  o.eclipse.m2e.core.internal.Bundles - 	Entry: C:\Users\Rosmira\OneDrive\Documentos\CapacitacionSpring\sts-4.29.1.RELEASE\plugins\org.eclipse.m2e.maven.runtime_3.9.900.20250220-2013\jars\plexus-xml-3.0.1.jar
2025-04-12 16:32:23,978 [Worker-32: Launching Executing test in C__Users_Rosmira_OneDrive_Documentos_PruebasBBVA_workspace_servicio-conversion-divisas] INFO  o.eclipse.m2e.core.internal.Bundles - 	Entry: C:\Users\Rosmira\OneDrive\Documentos\CapacitacionSpring\sts-4.29.1.RELEASE\plugins\org.eclipse.m2e.maven.runtime_3.9.900.20250220-2013\jars\wagon-file-3.5.3.jar
2025-04-12 16:32:23,978 [Worker-32: Launching Executing test in C__Users_Rosmira_OneDrive_Documentos_PruebasBBVA_workspace_servicio-conversion-divisas] INFO  o.eclipse.m2e.core.internal.Bundles - 	Entry: C:\Users\Rosmira\OneDrive\Documentos\CapacitacionSpring\sts-4.29.1.RELEASE\plugins\org.eclipse.m2e.maven.runtime_3.9.900.20250220-2013\jars\wagon-http-3.5.3.jar
2025-04-12 16:32:23,978 [Worker-32: Launching Executing test in C__Users_Rosmira_OneDrive_Documentos_PruebasBBVA_workspace_servicio-conversion-divisas] INFO  o.eclipse.m2e.core.internal.Bundles - 	Entry: C:\Users\Rosmira\OneDrive\Documentos\CapacitacionSpring\sts-4.29.1.RELEASE\plugins\org.eclipse.m2e.maven.runtime_3.9.900.20250220-2013\jars\wagon-http-shared-3.5.3.jar
2025-04-12 16:32:23,978 [Worker-32: Launching Executing test in C__Users_Rosmira_OneDrive_Documentos_PruebasBBVA_workspace_servicio-conversion-divisas] INFO  o.eclipse.m2e.core.internal.Bundles - 	Entry: C:\Users\Rosmira\OneDrive\Documentos\CapacitacionSpring\sts-4.29.1.RELEASE\plugins\org.eclipse.m2e.maven.runtime_3.9.900.20250220-2013\jars\wagon-provider-api-3.5.3.jar
2025-04-12 16:32:23,979 [Worker-32: Launching Executing test in C__Users_Rosmira_OneDrive_Documentos_PruebasBBVA_workspace_servicio-conversion-divisas] INFO  o.eclipse.m2e.core.internal.Bundles - getClasspathEntries(Bundle=com.google.guava_33.4.0.jre [29])
2025-04-12 16:32:23,979 [Worker-32: Launching Executing test in C__Users_Rosmira_OneDrive_Documentos_PruebasBBVA_workspace_servicio-conversion-divisas] INFO  o.eclipse.m2e.core.internal.Bundles - 	Entry: C:\Users\Rosmira\OneDrive\Documentos\CapacitacionSpring\sts-4.29.1.RELEASE\plugins\com.google.guava_33.4.0.jre.jar
2025-04-12 16:32:23,979 [Worker-32: Launching Executing test in C__Users_Rosmira_OneDrive_Documentos_PruebasBBVA_workspace_servicio-conversion-divisas] INFO  o.eclipse.m2e.core.internal.Bundles - getClasspathEntries(Bundle=slf4j.api_2.0.17 [608])
2025-04-12 16:32:23,980 [Worker-32: Launching Executing test in C__Users_Rosmira_OneDrive_Documentos_PruebasBBVA_workspace_servicio-conversion-divisas] INFO  o.eclipse.m2e.core.internal.Bundles - 	Entry: C:\Users\Rosmira\OneDrive\Documentos\CapacitacionSpring\sts-4.29.1.RELEASE\plugins\slf4j.api_2.0.17.jar
2025-04-12 16:32:23,980 [Worker-32: Launching Executing test in C__Users_Rosmira_OneDrive_Documentos_PruebasBBVA_workspace_servicio-conversion-divisas] INFO  o.eclipse.m2e.core.internal.Bundles - getClasspathEntries(Bundle=jakarta.inject.jakarta.inject-api_1.0.5 [45])
2025-04-12 16:32:23,980 [Worker-32: Launching Executing test in C__Users_Rosmira_OneDrive_Documentos_PruebasBBVA_workspace_servicio-conversion-divisas] INFO  o.eclipse.m2e.core.internal.Bundles - 	Entry: C:\Users\Rosmira\OneDrive\Documentos\CapacitacionSpring\sts-4.29.1.RELEASE\plugins\jakarta.inject.jakarta.inject-api_1.0.5.jar
2025-04-12 16:32:23,980 [Worker-32: Launching Executing test in C__Users_Rosmira_OneDrive_Documentos_PruebasBBVA_workspace_servicio-conversion-divisas] INFO  o.eclipse.m2e.core.internal.Bundles - getClasspathEntries(Bundle=jakarta.annotation-api_1.3.5 [41])
2025-04-12 16:32:23,980 [Worker-32: Launching Executing test in C__Users_Rosmira_OneDrive_Documentos_PruebasBBVA_workspace_servicio-conversion-divisas] INFO  o.eclipse.m2e.core.internal.Bundles - 	Entry: C:\Users\Rosmira\OneDrive\Documentos\CapacitacionSpring\sts-4.29.1.RELEASE\plugins\jakarta.annotation-api_1.3.5.jar
2025-04-12 16:32:23,980 [Worker-32: Launching Executing test in C__Users_Rosmira_OneDrive_Documentos_PruebasBBVA_workspace_servicio-conversion-divisas] INFO  o.eclipse.m2e.core.internal.Bundles - getClasspathEntries(Bundle=org.apache.commons.cli_1.9.0 [77])
2025-04-12 16:32:23,980 [Worker-32: Launching Executing test in C__Users_Rosmira_OneDrive_Documentos_PruebasBBVA_workspace_servicio-conversion-divisas] INFO  o.eclipse.m2e.core.internal.Bundles - 	Entry: C:\Users\Rosmira\OneDrive\Documentos\CapacitacionSpring\sts-4.29.1.RELEASE\plugins\org.apache.commons.cli_1.9.0.jar
2025-04-12 16:32:23,980 [Worker-32: Launching Executing test in C__Users_Rosmira_OneDrive_Documentos_PruebasBBVA_workspace_servicio-conversion-divisas] INFO  o.eclipse.m2e.core.internal.Bundles - getClasspathEntries(Bundle=org.apache.commons.commons-codec_1.16.0 [79])
2025-04-12 16:32:23,980 [Worker-32: Launching Executing test in C__Users_Rosmira_OneDrive_Documentos_PruebasBBVA_workspace_servicio-conversion-divisas] INFO  o.eclipse.m2e.core.internal.Bundles - 	Entry: C:\Users\Rosmira\OneDrive\Documentos\CapacitacionSpring\sts-4.29.1.RELEASE\plugins\org.apache.commons.commons-codec_1.16.0.jar
2025-04-12 16:32:23,980 [Worker-32: Launching Executing test in C__Users_Rosmira_OneDrive_Documentos_PruebasBBVA_workspace_servicio-conversion-divisas] INFO  o.eclipse.m2e.core.internal.Bundles - getClasspathEntries(Bundle=com.google.guava.failureaccess_1.0.2 [30])
2025-04-12 16:32:23,981 [Worker-32: Launching Executing test in C__Users_Rosmira_OneDrive_Documentos_PruebasBBVA_workspace_servicio-conversion-divisas] INFO  o.eclipse.m2e.core.internal.Bundles - 	Entry: C:\Users\Rosmira\OneDrive\Documentos\CapacitacionSpring\sts-4.29.1.RELEASE\plugins\com.google.guava.failureaccess_1.0.2.jar
2025-04-12 16:32:23,982 [Worker-32: Launching Executing test in C__Users_Rosmira_OneDrive_Documentos_PruebasBBVA_workspace_servicio-conversion-divisas] INFO  o.e.m.i.launch.MavenLaunchDelegate - Run build in "C:\Users\Rosmira\OneDrive\Documentos\PruebasBBVA\workspace\servicio-conversion-divisas":
2025-04-12 16:32:23,982 [Worker-32: Launching Executing test in C__Users_Rosmira_OneDrive_Documentos_PruebasBBVA_workspace_servicio-conversion-divisas] INFO  o.e.m.i.launch.MavenLaunchDelegate -  mvn  -Ppom.xml -B -Dstyle.color=always test
2025-04-12 16:32:39,917 [Worker-32: Building] ERROR o.e.m.c.i.URLConnectionCaches - Unexpected URLConnection defaultUseCaches enabled
2025-04-12 16:35:21,808 [Worker-38: Building] ERROR o.e.m.c.i.URLConnectionCaches - Unexpected URLConnection defaultUseCaches enabled
2025-04-12 16:35:21,813 [Worker-38: Building] INFO  o.a.m.s.f.DefaultMavenResourcesFiltering - Copying 0 resource from src\main\resources to target\classes
2025-04-12 16:35:21,814 [Worker-38: Building] INFO  o.a.m.s.f.DefaultMavenResourcesFiltering - Copying 0 resource from src\main\resources to target\classes
2025-04-12 16:35:21,816 [Worker-38: Building] INFO  o.a.m.s.f.DefaultMavenResourcesFiltering - skip non existing resourceDirectory C:\Users\Rosmira\OneDrive\Documentos\PruebasBBVA\workspace\servicio-conversion-divisas\src\test\resources
2025-04-12 16:38:22,026 [Worker-40: Building] ERROR o.e.m.c.i.URLConnectionCaches - Unexpected URLConnection defaultUseCaches enabled
2025-04-12 16:38:22,401 [Worker-40: Building] INFO  o.e.m.c.i.l.LifecycleMappingFactory - Using org.eclipse.m2e.jdt.JarLifecycleMapping lifecycle mapping for MavenProject: com.bbva.servicioconversiondivisas:servicio-conversion-divisas:0.0.1-SNAPSHOT @ C:\Users\Rosmira\OneDrive\Documentos\PruebasBBVA\workspace\servicio-conversion-divisas\pom.xml.
2025-04-12 16:38:22,789 [Worker-40: Building] INFO  o.e.m.c.i.e.AbstractTransferListenerAdapter - Downloading https://repo.maven.apache.org/maven2/org/springdoc/springdoc-openapi-starter-webmvc-ui/2.2.0/springdoc-openapi-starter-webmvc-ui-2.2.0.pom
2025-04-12 16:38:22,796 [Worker-40: Building] INFO  o.e.m.c.i.e.AbstractTransferListenerAdapter - Downloaded https://repo.maven.apache.org/maven2/org/springdoc/springdoc-openapi-starter-webmvc-ui/2.2.0/springdoc-openapi-starter-webmvc-ui-2.2.0.pom
2025-04-12 16:38:22,822 [Worker-40: Building] INFO  o.e.m.c.i.e.AbstractTransferListenerAdapter - Downloading https://repo.maven.apache.org/maven2/org/springdoc/springdoc-openapi/2.2.0/springdoc-openapi-2.2.0.pom
2025-04-12 16:38:22,829 [Worker-40: Building] INFO  o.e.m.c.i.e.AbstractTransferListenerAdapter - Downloaded https://repo.maven.apache.org/maven2/org/springdoc/springdoc-openapi/2.2.0/springdoc-openapi-2.2.0.pom
2025-04-12 16:38:22,860 [Worker-40: Building] INFO  o.e.m.c.i.e.AbstractTransferListenerAdapter - Downloading https://repo.maven.apache.org/maven2/org/springframework/boot/spring-boot-starter-parent/3.1.2/spring-boot-starter-parent-3.1.2.pom
2025-04-12 16:38:22,867 [Worker-40: Building] INFO  o.e.m.c.i.e.AbstractTransferListenerAdapter - Downloaded https://repo.maven.apache.org/maven2/org/springframework/boot/spring-boot-starter-parent/3.1.2/spring-boot-starter-parent-3.1.2.pom
2025-04-12 16:38:22,914 [Worker-40: Building] INFO  o.e.m.c.i.e.AbstractTransferListenerAdapter - Downloading https://repo.maven.apache.org/maven2/org/springframework/boot/spring-boot-dependencies/3.1.2/spring-boot-dependencies-3.1.2.pom
2025-04-12 16:38:22,932 [Worker-40: Building] INFO  o.e.m.c.i.e.AbstractTransferListenerAdapter - Downloaded https://repo.maven.apache.org/maven2/org/springframework/boot/spring-boot-dependencies/3.1.2/spring-boot-dependencies-3.1.2.pom
2025-04-12 16:38:22,974 [Worker-40: Building] INFO  o.e.m.c.i.e.AbstractTransferListenerAdapter - Downloading https://repo.maven.apache.org/maven2/org/assertj/assertj-bom/3.24.2/assertj-bom-3.24.2.pom
2025-04-12 16:38:22,979 [Worker-40: Building] INFO  o.e.m.c.i.e.AbstractTransferListenerAdapter - Downloaded https://repo.maven.apache.org/maven2/org/assertj/assertj-bom/3.24.2/assertj-bom-3.24.2.pom
2025-04-12 16:38:22,996 [Worker-40: Building] INFO  o.e.m.c.i.e.AbstractTransferListenerAdapter - Downloading https://repo.maven.apache.org/maven2/io/zipkin/brave/brave-bom/5.15.1/brave-bom-5.15.1.pom
2025-04-12 16:38:22,999 [Worker-40: Building] INFO  o.e.m.c.i.e.AbstractTransferListenerAdapter - Downloaded https://repo.maven.apache.org/maven2/io/zipkin/brave/brave-bom/5.15.1/brave-bom-5.15.1.pom
2025-04-12 16:38:23,410 [Worker-40: Building] INFO  o.e.m.c.i.e.AbstractTransferListenerAdapter - Downloaded https://repo.spring.io/release/io/zipkin/reporter2/zipkin-reporter-bom/2.16.3/zipkin-reporter-bom-2.16.3.pom
2025-04-12 16:38:23,506 [Worker-40: Building] INFO  o.e.m.c.i.e.AbstractTransferListenerAdapter - Downloaded https://repo.spring.io/snapshot/io/zipkin/reporter2/zipkin-reporter-bom/2.16.3/zipkin-reporter-bom-2.16.3.pom
2025-04-12 16:38:23,517 [Worker-40: Building] INFO  o.e.m.c.i.e.AbstractTransferListenerAdapter - Downloading https://repo.maven.apache.org/maven2/io/zipkin/reporter2/zipkin-reporter-bom/2.16.3/zipkin-reporter-bom-2.16.3.pom
2025-04-12 16:38:23,521 [Worker-40: Building] INFO  o.e.m.c.i.e.AbstractTransferListenerAdapter - Downloaded https://repo.maven.apache.org/maven2/io/zipkin/reporter2/zipkin-reporter-bom/2.16.3/zipkin-reporter-bom-2.16.3.pom
2025-04-12 16:38:23,570 [Worker-40: Building] INFO  o.e.m.c.i.e.AbstractTransferListenerAdapter - Downloading https://repo.maven.apache.org/maven2/com/datastax/oss/java-driver-bom/4.15.0/java-driver-bom-4.15.0.pom
2025-04-12 16:38:23,578 [Worker-40: Building] INFO  o.e.m.c.i.e.AbstractTransferListenerAdapter - Downloaded https://repo.maven.apache.org/maven2/com/datastax/oss/java-driver-bom/4.15.0/java-driver-bom-4.15.0.pom
2025-04-12 16:38:23,637 [Worker-40: Building] INFO  o.e.m.c.i.e.AbstractTransferListenerAdapter - Downloading https://repo.maven.apache.org/maven2/io/dropwizard/metrics/metrics-bom/4.2.19/metrics-bom-4.2.19.pom
2025-04-12 16:38:23,642 [Worker-40: Building] INFO  o.e.m.c.i.e.AbstractTransferListenerAdapter - Downloaded https://repo.maven.apache.org/maven2/io/dropwizard/metrics/metrics-bom/4.2.19/metrics-bom-4.2.19.pom
2025-04-12 16:38:23,660 [Worker-40: Building] INFO  o.e.m.c.i.e.AbstractTransferListenerAdapter - Downloading https://repo.maven.apache.org/maven2/io/dropwizard/metrics/metrics-parent/4.2.19/metrics-parent-4.2.19.pom
2025-04-12 16:38:23,665 [Worker-40: Building] INFO  o.e.m.c.i.e.AbstractTransferListenerAdapter - Downloaded https://repo.maven.apache.org/maven2/io/dropwizard/metrics/metrics-parent/4.2.19/metrics-parent-4.2.19.pom
2025-04-12 16:38:23,679 [Worker-40: Building] INFO  o.e.m.c.i.e.AbstractTransferListenerAdapter - Downloading https://repo.maven.apache.org/maven2/org/glassfish/jaxb/jaxb-bom/4.0.3/jaxb-bom-4.0.3.pom
2025-04-12 16:38:23,683 [Worker-40: Building] INFO  o.e.m.c.i.e.AbstractTransferListenerAdapter - Downloaded https://repo.maven.apache.org/maven2/org/glassfish/jaxb/jaxb-bom/4.0.3/jaxb-bom-4.0.3.pom
2025-04-12 16:38:23,698 [Worker-40: Building] INFO  o.e.m.c.i.e.AbstractTransferListenerAdapter - Downloading https://repo.maven.apache.org/maven2/org/eclipse/ee4j/project/1.0.8/project-1.0.8.pom
2025-04-12 16:38:23,700 [Worker-40: Building] INFO  o.e.m.c.i.e.AbstractTransferListenerAdapter - Downloaded https://repo.maven.apache.org/maven2/org/eclipse/ee4j/project/1.0.8/project-1.0.8.pom
2025-04-12 16:38:23,714 [Worker-40: Building] INFO  o.e.m.c.i.e.AbstractTransferListenerAdapter - Downloading https://repo.maven.apache.org/maven2/org/apache/groovy/groovy-bom/4.0.13/groovy-bom-4.0.13.pom
2025-04-12 16:38:23,718 [Worker-40: Building] INFO  o.e.m.c.i.e.AbstractTransferListenerAdapter - Downloaded https://repo.maven.apache.org/maven2/org/apache/groovy/groovy-bom/4.0.13/groovy-bom-4.0.13.pom
2025-04-12 16:38:23,734 [Worker-40: Building] INFO  o.e.m.c.i.e.AbstractTransferListenerAdapter - Downloading https://repo.maven.apache.org/maven2/org/infinispan/infinispan-bom/14.0.12.Final/infinispan-bom-14.0.12.Final.pom
2025-04-12 16:38:23,737 [Worker-40: Building] INFO  o.e.m.c.i.e.AbstractTransferListenerAdapter - Downloaded https://repo.maven.apache.org/maven2/org/infinispan/infinispan-bom/14.0.12.Final/infinispan-bom-14.0.12.Final.pom
2025-04-12 16:38:23,751 [Worker-40: Building] INFO  o.e.m.c.i.e.AbstractTransferListenerAdapter - Downloading https://repo.maven.apache.org/maven2/org/infinispan/infinispan-build-configuration-parent/14.0.12.Final/infinispan-build-configuration-parent-14.0.12.Final.pom
2025-04-12 16:38:23,754 [Worker-40: Building] INFO  o.e.m.c.i.e.AbstractTransferListenerAdapter - Downloaded https://repo.maven.apache.org/maven2/org/infinispan/infinispan-build-configuration-parent/14.0.12.Final/infinispan-build-configuration-parent-14.0.12.Final.pom
2025-04-12 16:38:23,769 [Worker-40: Building] INFO  o.e.m.c.i.e.AbstractTransferListenerAdapter - Downloading https://repo.maven.apache.org/maven2/org/jboss/jboss-parent/39/jboss-parent-39.pom
2025-04-12 16:38:23,774 [Worker-40: Building] INFO  o.e.m.c.i.e.AbstractTransferListenerAdapter - Downloaded https://repo.maven.apache.org/maven2/org/jboss/jboss-parent/39/jboss-parent-39.pom
2025-04-12 16:38:23,788 [Worker-40: Building] INFO  o.e.m.c.i.e.AbstractTransferListenerAdapter - Downloading https://repo.maven.apache.org/maven2/com/fasterxml/jackson/jackson-bom/2.15.2/jackson-bom-2.15.2.pom
2025-04-12 16:38:23,792 [Worker-40: Building] INFO  o.e.m.c.i.e.AbstractTransferListenerAdapter - Downloaded https://repo.maven.apache.org/maven2/com/fasterxml/jackson/jackson-bom/2.15.2/jackson-bom-2.15.2.pom
2025-04-12 16:38:23,807 [Worker-40: Building] INFO  o.e.m.c.i.e.AbstractTransferListenerAdapter - Downloading https://repo.maven.apache.org/maven2/com/fasterxml/jackson/jackson-parent/2.15/jackson-parent-2.15.pom
2025-04-12 16:38:23,811 [Worker-40: Building] INFO  o.e.m.c.i.e.AbstractTransferListenerAdapter - Downloaded https://repo.maven.apache.org/maven2/com/fasterxml/jackson/jackson-parent/2.15/jackson-parent-2.15.pom
2025-04-12 16:38:23,824 [Worker-40: Building] INFO  o.e.m.c.i.e.AbstractTransferListenerAdapter - Downloading https://repo.maven.apache.org/maven2/com/fasterxml/oss-parent/50/oss-parent-50.pom
2025-04-12 16:38:23,830 [Worker-40: Building] INFO  o.e.m.c.i.e.AbstractTransferListenerAdapter - Downloaded https://repo.maven.apache.org/maven2/com/fasterxml/oss-parent/50/oss-parent-50.pom
2025-04-12 16:38:23,843 [Worker-40: Building] INFO  o.e.m.c.i.e.AbstractTransferListenerAdapter - Downloading https://repo.maven.apache.org/maven2/org/glassfish/jersey/jersey-bom/3.1.2/jersey-bom-3.1.2.pom
2025-04-12 16:38:23,849 [Worker-40: Building] INFO  o.e.m.c.i.e.AbstractTransferListenerAdapter - Downloaded https://repo.maven.apache.org/maven2/org/glassfish/jersey/jersey-bom/3.1.2/jersey-bom-3.1.2.pom
2025-04-12 16:38:23,863 [Worker-40: Building] INFO  o.e.m.c.i.e.AbstractTransferListenerAdapter - Downloading https://repo.maven.apache.org/maven2/org/eclipse/jetty/jetty-bom/11.0.15/jetty-bom-11.0.15.pom
2025-04-12 16:38:23,865 [Worker-40: Building] INFO  o.e.m.c.i.e.AbstractTransferListenerAdapter - Downloaded https://repo.maven.apache.org/maven2/org/eclipse/jetty/jetty-bom/11.0.15/jetty-bom-11.0.15.pom
2025-04-12 16:38:23,876 [Worker-40: Building] INFO  o.e.m.c.i.e.AbstractTransferListenerAdapter - Downloading https://repo.maven.apache.org/maven2/org/jetbrains/kotlin/kotlin-bom/1.8.22/kotlin-bom-1.8.22.pom
2025-04-12 16:38:23,880 [Worker-40: Building] INFO  o.e.m.c.i.e.AbstractTransferListenerAdapter - Downloaded https://repo.maven.apache.org/maven2/org/jetbrains/kotlin/kotlin-bom/1.8.22/kotlin-bom-1.8.22.pom
2025-04-12 16:38:23,894 [Worker-40: Building] INFO  o.e.m.c.i.e.AbstractTransferListenerAdapter - Downloading https://repo.maven.apache.org/maven2/org/jetbrains/kotlinx/kotlinx-coroutines-bom/1.6.4/kotlinx-coroutines-bom-1.6.4.pom
2025-04-12 16:38:23,897 [Worker-40: Building] INFO  o.e.m.c.i.e.AbstractTransferListenerAdapter - Downloaded https://repo.maven.apache.org/maven2/org/jetbrains/kotlinx/kotlinx-coroutines-bom/1.6.4/kotlinx-coroutines-bom-1.6.4.pom
2025-04-12 16:38:23,910 [Worker-40: Building] INFO  o.e.m.c.i.e.AbstractTransferListenerAdapter - Downloading https://repo.maven.apache.org/maven2/org/apache/logging/log4j/log4j-bom/2.20.0/log4j-bom-2.20.0.pom
2025-04-12 16:38:23,912 [Worker-40: Building] INFO  o.e.m.c.i.e.AbstractTransferListenerAdapter - Downloaded https://repo.maven.apache.org/maven2/org/apache/logging/log4j/log4j-bom/2.20.0/log4j-bom-2.20.0.pom
2025-04-12 16:38:23,926 [Worker-40: Building] INFO  o.e.m.c.i.e.AbstractTransferListenerAdapter - Downloading https://repo.maven.apache.org/maven2/org/apache/logging/logging-parent/7/logging-parent-7.pom
2025-04-12 16:38:23,928 [Worker-40: Building] INFO  o.e.m.c.i.e.AbstractTransferListenerAdapter - Downloaded https://repo.maven.apache.org/maven2/org/apache/logging/logging-parent/7/logging-parent-7.pom
2025-04-12 16:38:23,943 [Worker-40: Building] INFO  o.e.m.c.i.e.AbstractTransferListenerAdapter - Downloading https://repo.maven.apache.org/maven2/io/micrometer/micrometer-bom/1.11.2/micrometer-bom-1.11.2.pom
2025-04-12 16:38:23,945 [Worker-40: Building] INFO  o.e.m.c.i.e.AbstractTransferListenerAdapter - Downloaded https://repo.maven.apache.org/maven2/io/micrometer/micrometer-bom/1.11.2/micrometer-bom-1.11.2.pom
2025-04-12 16:38:23,959 [Worker-40: Building] INFO  o.e.m.c.i.e.AbstractTransferListenerAdapter - Downloading https://repo.maven.apache.org/maven2/io/micrometer/micrometer-tracing-bom/1.1.3/micrometer-tracing-bom-1.1.3.pom
2025-04-12 16:38:23,962 [Worker-40: Building] INFO  o.e.m.c.i.e.AbstractTransferListenerAdapter - Downloaded https://repo.maven.apache.org/maven2/io/micrometer/micrometer-tracing-bom/1.1.3/micrometer-tracing-bom-1.1.3.pom
2025-04-12 16:38:23,977 [Worker-40: Building] INFO  o.e.m.c.i.e.AbstractTransferListenerAdapter - Downloading https://repo.maven.apache.org/maven2/org/mockito/mockito-bom/5.3.1/mockito-bom-5.3.1.pom
2025-04-12 16:38:23,979 [Worker-40: Building] INFO  o.e.m.c.i.e.AbstractTransferListenerAdapter - Downloaded https://repo.maven.apache.org/maven2/org/mockito/mockito-bom/5.3.1/mockito-bom-5.3.1.pom
2025-04-12 16:38:23,994 [Worker-40: Building] INFO  o.e.m.c.i.e.AbstractTransferListenerAdapter - Downloading https://repo.maven.apache.org/maven2/io/netty/netty-bom/4.1.94.Final/netty-bom-4.1.94.Final.pom
2025-04-12 16:38:23,998 [Worker-40: Building] INFO  o.e.m.c.i.e.AbstractTransferListenerAdapter - Downloaded https://repo.maven.apache.org/maven2/io/netty/netty-bom/4.1.94.Final/netty-bom-4.1.94.Final.pom
2025-04-12 16:38:24,013 [Worker-40: Building] INFO  o.e.m.c.i.e.AbstractTransferListenerAdapter - Downloading https://repo.maven.apache.org/maven2/com/squareup/okhttp3/okhttp-bom/4.10.0/okhttp-bom-4.10.0.pom
2025-04-12 16:38:24,016 [Worker-40: Building] INFO  o.e.m.c.i.e.AbstractTransferListenerAdapter - Downloaded https://repo.maven.apache.org/maven2/com/squareup/okhttp3/okhttp-bom/4.10.0/okhttp-bom-4.10.0.pom
2025-04-12 16:38:24,030 [Worker-40: Building] INFO  o.e.m.c.i.e.AbstractTransferListenerAdapter - Downloading https://repo.maven.apache.org/maven2/io/opentelemetry/opentelemetry-bom/1.25.0/opentelemetry-bom-1.25.0.pom
2025-04-12 16:38:24,032 [Worker-40: Building] INFO  o.e.m.c.i.e.AbstractTransferListenerAdapter - Downloaded https://repo.maven.apache.org/maven2/io/opentelemetry/opentelemetry-bom/1.25.0/opentelemetry-bom-1.25.0.pom
2025-04-12 16:38:24,044 [Worker-40: Building] INFO  o.e.m.c.i.e.AbstractTransferListenerAdapter - Downloading https://repo.maven.apache.org/maven2/com/oracle/database/jdbc/ojdbc-bom/21.9.0.0/ojdbc-bom-21.9.0.0.pom
2025-04-12 16:38:24,046 [Worker-40: Building] INFO  o.e.m.c.i.e.AbstractTransferListenerAdapter - Downloaded https://repo.maven.apache.org/maven2/com/oracle/database/jdbc/ojdbc-bom/21.9.0.0/ojdbc-bom-21.9.0.0.pom
2025-04-12 16:38:24,058 [Worker-40: Building] INFO  o.e.m.c.i.e.AbstractTransferListenerAdapter - Downloading https://repo.maven.apache.org/maven2/com/querydsl/querydsl-bom/5.0.0/querydsl-bom-5.0.0.pom
2025-04-12 16:38:24,061 [Worker-40: Building] INFO  o.e.m.c.i.e.AbstractTransferListenerAdapter - Downloaded https://repo.maven.apache.org/maven2/com/querydsl/querydsl-bom/5.0.0/querydsl-bom-5.0.0.pom
2025-04-12 16:38:24,086 [Worker-40: Building] INFO  o.e.m.c.i.e.AbstractTransferListenerAdapter - Downloading https://repo.maven.apache.org/maven2/io/projectreactor/reactor-bom/2022.0.9/reactor-bom-2022.0.9.pom
2025-04-12 16:38:24,090 [Worker-40: Building] INFO  o.e.m.c.i.e.AbstractTransferListenerAdapter - Downloaded https://repo.maven.apache.org/maven2/io/projectreactor/reactor-bom/2022.0.9/reactor-bom-2022.0.9.pom
2025-04-12 16:38:24,106 [Worker-40: Building] INFO  o.e.m.c.i.e.AbstractTransferListenerAdapter - Downloading https://repo.maven.apache.org/maven2/io/rest-assured/rest-assured-bom/5.3.1/rest-assured-bom-5.3.1.pom
2025-04-12 16:38:24,109 [Worker-40: Building] INFO  o.e.m.c.i.e.AbstractTransferListenerAdapter - Downloaded https://repo.maven.apache.org/maven2/io/rest-assured/rest-assured-bom/5.3.1/rest-assured-bom-5.3.1.pom
2025-04-12 16:38:24,122 [Worker-40: Building] INFO  o.e.m.c.i.e.AbstractTransferListenerAdapter - Downloading https://repo.maven.apache.org/maven2/io/rsocket/rsocket-bom/1.1.3/rsocket-bom-1.1.3.pom
2025-04-12 16:38:24,126 [Worker-40: Building] INFO  o.e.m.c.i.e.AbstractTransferListenerAdapter - Downloaded https://repo.maven.apache.org/maven2/io/rsocket/rsocket-bom/1.1.3/rsocket-bom-1.1.3.pom
2025-04-12 16:38:24,143 [Worker-40: Building] INFO  o.e.m.c.i.e.AbstractTransferListenerAdapter - Downloading https://repo.maven.apache.org/maven2/org/seleniumhq/selenium/selenium-bom/4.8.3/selenium-bom-4.8.3.pom
2025-04-12 16:38:24,147 [Worker-40: Building] INFO  o.e.m.c.i.e.AbstractTransferListenerAdapter - Downloaded https://repo.maven.apache.org/maven2/org/seleniumhq/selenium/selenium-bom/4.8.3/selenium-bom-4.8.3.pom
2025-04-12 16:38:24,161 [Worker-40: Building] INFO  o.e.m.c.i.e.AbstractTransferListenerAdapter - Downloading https://repo.maven.apache.org/maven2/org/springframework/amqp/spring-amqp-bom/3.0.6/spring-amqp-bom-3.0.6.pom
2025-04-12 16:38:24,166 [Worker-40: Building] INFO  o.e.m.c.i.e.AbstractTransferListenerAdapter - Downloaded https://repo.maven.apache.org/maven2/org/springframework/amqp/spring-amqp-bom/3.0.6/spring-amqp-bom-3.0.6.pom
2025-04-12 16:38:24,181 [Worker-40: Building] INFO  o.e.m.c.i.e.AbstractTransferListenerAdapter - Downloading https://repo.maven.apache.org/maven2/org/springframework/batch/spring-batch-bom/5.0.2/spring-batch-bom-5.0.2.pom
2025-04-12 16:38:24,184 [Worker-40: Building] INFO  o.e.m.c.i.e.AbstractTransferListenerAdapter - Downloaded https://repo.maven.apache.org/maven2/org/springframework/batch/spring-batch-bom/5.0.2/spring-batch-bom-5.0.2.pom
2025-04-12 16:38:24,197 [Worker-40: Building] INFO  o.e.m.c.i.e.AbstractTransferListenerAdapter - Downloading https://repo.maven.apache.org/maven2/org/springframework/data/spring-data-bom/2023.0.2/spring-data-bom-2023.0.2.pom
2025-04-12 16:38:24,200 [Worker-40: Building] INFO  o.e.m.c.i.e.AbstractTransferListenerAdapter - Downloaded https://repo.maven.apache.org/maven2/org/springframework/data/spring-data-bom/2023.0.2/spring-data-bom-2023.0.2.pom
2025-04-12 16:38:24,212 [Worker-40: Building] INFO  o.e.m.c.i.e.AbstractTransferListenerAdapter - Downloading https://repo.maven.apache.org/maven2/org/springframework/spring-framework-bom/6.0.11/spring-framework-bom-6.0.11.pom
2025-04-12 16:38:24,216 [Worker-40: Building] INFO  o.e.m.c.i.e.AbstractTransferListenerAdapter - Downloaded https://repo.maven.apache.org/maven2/org/springframework/spring-framework-bom/6.0.11/spring-framework-bom-6.0.11.pom
2025-04-12 16:38:24,231 [Worker-40: Building] INFO  o.e.m.c.i.e.AbstractTransferListenerAdapter - Downloading https://repo.maven.apache.org/maven2/org/springframework/integration/spring-integration-bom/6.1.2/spring-integration-bom-6.1.2.pom
2025-04-12 16:38:24,235 [Worker-40: Building] INFO  o.e.m.c.i.e.AbstractTransferListenerAdapter - Downloaded https://repo.maven.apache.org/maven2/org/springframework/integration/spring-integration-bom/6.1.2/spring-integration-bom-6.1.2.pom
2025-04-12 16:38:24,250 [Worker-40: Building] INFO  o.e.m.c.i.e.AbstractTransferListenerAdapter - Downloading https://repo.maven.apache.org/maven2/org/springframework/restdocs/spring-restdocs-bom/3.0.0/spring-restdocs-bom-3.0.0.pom
2025-04-12 16:38:24,254 [Worker-40: Building] INFO  o.e.m.c.i.e.AbstractTransferListenerAdapter - Downloaded https://repo.maven.apache.org/maven2/org/springframework/restdocs/spring-restdocs-bom/3.0.0/spring-restdocs-bom-3.0.0.pom
2025-04-12 16:38:24,265 [Worker-40: Building] INFO  o.e.m.c.i.e.AbstractTransferListenerAdapter - Downloading https://repo.maven.apache.org/maven2/org/springframework/security/spring-security-bom/6.1.2/spring-security-bom-6.1.2.pom
2025-04-12 16:38:24,269 [Worker-40: Building] INFO  o.e.m.c.i.e.AbstractTransferListenerAdapter - Downloaded https://repo.maven.apache.org/maven2/org/springframework/security/spring-security-bom/6.1.2/spring-security-bom-6.1.2.pom
2025-04-12 16:38:24,282 [Worker-40: Building] INFO  o.e.m.c.i.e.AbstractTransferListenerAdapter - Downloading https://repo.maven.apache.org/maven2/org/springframework/session/spring-session-bom/3.1.1/spring-session-bom-3.1.1.pom
2025-04-12 16:38:24,286 [Worker-40: Building] INFO  o.e.m.c.i.e.AbstractTransferListenerAdapter - Downloaded https://repo.maven.apache.org/maven2/org/springframework/session/spring-session-bom/3.1.1/spring-session-bom-3.1.1.pom
2025-04-12 16:38:24,302 [Worker-40: Building] INFO  o.e.m.c.i.e.AbstractTransferListenerAdapter - Downloading https://repo.maven.apache.org/maven2/org/springframework/ws/spring-ws-bom/4.0.5/spring-ws-bom-4.0.5.pom
2025-04-12 16:38:24,307 [Worker-40: Building] INFO  o.e.m.c.i.e.AbstractTransferListenerAdapter - Downloaded https://repo.maven.apache.org/maven2/org/springframework/ws/spring-ws-bom/4.0.5/spring-ws-bom-4.0.5.pom
2025-04-12 16:38:24,323 [Worker-40: Building] INFO  o.e.m.c.i.e.AbstractTransferListenerAdapter - Downloading https://repo.maven.apache.org/maven2/org/testcontainers/testcontainers-bom/1.18.3/testcontainers-bom-1.18.3.pom
2025-04-12 16:38:24,326 [Worker-40: Building] INFO  o.e.m.c.i.e.AbstractTransferListenerAdapter - Downloaded https://repo.maven.apache.org/maven2/org/testcontainers/testcontainers-bom/1.18.3/testcontainers-bom-1.18.3.pom
2025-04-12 16:38:24,342 [Worker-40: Building] INFO  o.e.m.c.i.e.AbstractTransferListenerAdapter - Downloading https://repo.maven.apache.org/maven2/org/springdoc/springdoc-openapi-starter-webmvc-api/2.2.0/springdoc-openapi-starter-webmvc-api-2.2.0.pom
2025-04-12 16:38:24,347 [Worker-40: Building] INFO  o.e.m.c.i.e.AbstractTransferListenerAdapter - Downloaded https://repo.maven.apache.org/maven2/org/springdoc/springdoc-openapi-starter-webmvc-api/2.2.0/springdoc-openapi-starter-webmvc-api-2.2.0.pom
2025-04-12 16:38:24,365 [Worker-40: Building] INFO  o.e.m.c.i.e.AbstractTransferListenerAdapter - Downloading https://repo.maven.apache.org/maven2/org/springdoc/springdoc-openapi-starter-common/2.2.0/springdoc-openapi-starter-common-2.2.0.pom
2025-04-12 16:38:24,367 [Worker-40: Building] INFO  o.e.m.c.i.e.AbstractTransferListenerAdapter - Downloaded https://repo.maven.apache.org/maven2/org/springdoc/springdoc-openapi-starter-common/2.2.0/springdoc-openapi-starter-common-2.2.0.pom
2025-04-12 16:38:24,383 [Worker-40: Building] INFO  o.e.m.c.i.e.AbstractTransferListenerAdapter - Downloading https://repo.maven.apache.org/maven2/io/swagger/core/v3/swagger-core-jakarta/2.2.15/swagger-core-jakarta-2.2.15.pom
2025-04-12 16:38:24,385 [Worker-40: Building] INFO  o.e.m.c.i.e.AbstractTransferListenerAdapter - Downloaded https://repo.maven.apache.org/maven2/io/swagger/core/v3/swagger-core-jakarta/2.2.15/swagger-core-jakarta-2.2.15.pom
2025-04-12 16:38:24,399 [Worker-40: Building] INFO  o.e.m.c.i.e.AbstractTransferListenerAdapter - Downloading https://repo.maven.apache.org/maven2/io/swagger/core/v3/swagger-project-jakarta/2.2.15/swagger-project-jakarta-2.2.15.pom
2025-04-12 16:38:24,402 [Worker-40: Building] INFO  o.e.m.c.i.e.AbstractTransferListenerAdapter - Downloaded https://repo.maven.apache.org/maven2/io/swagger/core/v3/swagger-project-jakarta/2.2.15/swagger-project-jakarta-2.2.15.pom
2025-04-12 16:38:24,426 [Worker-40: Building] INFO  o.e.m.c.i.e.AbstractTransferListenerAdapter - Downloading https://repo.maven.apache.org/maven2/io/swagger/core/v3/swagger-annotations-jakarta/2.2.15/swagger-annotations-jakarta-2.2.15.pom
2025-04-12 16:38:24,429 [Worker-40: Building] INFO  o.e.m.c.i.e.AbstractTransferListenerAdapter - Downloaded https://repo.maven.apache.org/maven2/io/swagger/core/v3/swagger-annotations-jakarta/2.2.15/swagger-annotations-jakarta-2.2.15.pom
2025-04-12 16:38:24,442 [Worker-40: Building] INFO  o.e.m.c.i.e.AbstractTransferListenerAdapter - Downloading https://repo.maven.apache.org/maven2/io/swagger/core/v3/swagger-models-jakarta/2.2.15/swagger-models-jakarta-2.2.15.pom
2025-04-12 16:38:24,444 [Worker-40: Building] INFO  o.e.m.c.i.e.AbstractTransferListenerAdapter - Downloaded https://repo.maven.apache.org/maven2/io/swagger/core/v3/swagger-models-jakarta/2.2.15/swagger-models-jakarta-2.2.15.pom
2025-04-12 16:38:24,475 [Worker-40: Building] INFO  o.e.m.c.i.e.AbstractTransferListenerAdapter - Downloading https://repo.maven.apache.org/maven2/org/webjars/swagger-ui/5.2.0/swagger-ui-5.2.0.pom
2025-04-12 16:38:24,477 [Worker-40: Building] INFO  o.e.m.c.i.e.AbstractTransferListenerAdapter - Downloaded https://repo.maven.apache.org/maven2/org/webjars/swagger-ui/5.2.0/swagger-ui-5.2.0.pom
2025-04-12 16:38:24,552 [Worker-40: Building] INFO  o.e.m.c.i.e.AbstractTransferListenerAdapter - Downloading https://repo.maven.apache.org/maven2/org/springdoc/springdoc-openapi-starter-webmvc-ui/2.2.0/springdoc-openapi-starter-webmvc-ui-2.2.0.jar
2025-04-12 16:38:24,555 [Worker-40: Building] INFO  o.e.m.c.i.e.AbstractTransferListenerAdapter - Downloaded https://repo.maven.apache.org/maven2/org/springdoc/springdoc-openapi-starter-webmvc-ui/2.2.0/springdoc-openapi-starter-webmvc-ui-2.2.0.jar
2025-04-12 16:38:24,570 [BasicRepositoryConnector-repo.maven.apache.org-0-1] INFO  o.e.m.c.i.e.AbstractTransferListenerAdapter - Downloading https://repo.maven.apache.org/maven2/org/springdoc/springdoc-openapi-starter-common/2.2.0/springdoc-openapi-starter-common-2.2.0.jar
2025-04-12 16:38:24,597 [BasicRepositoryConnector-repo.maven.apache.org-0-4] INFO  o.e.m.c.i.e.AbstractTransferListenerAdapter - Downloading https://repo.maven.apache.org/maven2/io/swagger/core/v3/swagger-models-jakarta/2.2.15/swagger-models-jakarta-2.2.15.jar
2025-04-12 16:38:24,599 [BasicRepositoryConnector-repo.maven.apache.org-0-0] INFO  o.e.m.c.i.e.AbstractTransferListenerAdapter - Downloading https://repo.maven.apache.org/maven2/org/springdoc/springdoc-openapi-starter-webmvc-api/2.2.0/springdoc-openapi-starter-webmvc-api-2.2.0.jar
2025-04-12 16:38:24,600 [BasicRepositoryConnector-repo.maven.apache.org-0-1] INFO  o.e.m.c.i.e.AbstractTransferListenerAdapter - Downloaded https://repo.maven.apache.org/maven2/org/springdoc/springdoc-openapi-starter-common/2.2.0/springdoc-openapi-starter-common-2.2.0.jar
2025-04-12 16:38:24,602 [BasicRepositoryConnector-repo.maven.apache.org-0-3] INFO  o.e.m.c.i.e.AbstractTransferListenerAdapter - Downloading https://repo.maven.apache.org/maven2/io/swagger/core/v3/swagger-annotations-jakarta/2.2.15/swagger-annotations-jakarta-2.2.15.jar
2025-04-12 16:38:24,602 [BasicRepositoryConnector-repo.maven.apache.org-0-2] INFO  o.e.m.c.i.e.AbstractTransferListenerAdapter - Downloading https://repo.maven.apache.org/maven2/io/swagger/core/v3/swagger-core-jakarta/2.2.15/swagger-core-jakarta-2.2.15.jar
2025-04-12 16:38:24,614 [BasicRepositoryConnector-repo.maven.apache.org-0-0] INFO  o.e.m.c.i.e.AbstractTransferListenerAdapter - Downloaded https://repo.maven.apache.org/maven2/org/springdoc/springdoc-openapi-starter-webmvc-api/2.2.0/springdoc-openapi-starter-webmvc-api-2.2.0.jar
2025-04-12 16:38:24,615 [BasicRepositoryConnector-repo.maven.apache.org-0-3] INFO  o.e.m.c.i.e.AbstractTransferListenerAdapter - Downloaded https://repo.maven.apache.org/maven2/io/swagger/core/v3/swagger-annotations-jakarta/2.2.15/swagger-annotations-jakarta-2.2.15.jar
2025-04-12 16:38:24,619 [BasicRepositoryConnector-repo.maven.apache.org-0-1] INFO  o.e.m.c.i.e.AbstractTransferListenerAdapter - Downloading https://repo.maven.apache.org/maven2/org/webjars/swagger-ui/5.2.0/swagger-ui-5.2.0.jar
2025-04-12 16:38:24,621 [BasicRepositoryConnector-repo.maven.apache.org-0-4] INFO  o.e.m.c.i.e.AbstractTransferListenerAdapter - Downloaded https://repo.maven.apache.org/maven2/io/swagger/core/v3/swagger-models-jakarta/2.2.15/swagger-models-jakarta-2.2.15.jar
2025-04-12 16:38:24,632 [BasicRepositoryConnector-repo.maven.apache.org-0-2] INFO  o.e.m.c.i.e.AbstractTransferListenerAdapter - Downloaded https://repo.maven.apache.org/maven2/io/swagger/core/v3/swagger-core-jakarta/2.2.15/swagger-core-jakarta-2.2.15.jar
2025-04-12 16:38:24,745 [BasicRepositoryConnector-repo.maven.apache.org-0-1] INFO  o.e.m.c.i.e.AbstractTransferListenerAdapter - Downloaded https://repo.maven.apache.org/maven2/org/webjars/swagger-ui/5.2.0/swagger-ui-5.2.0.jar
2025-04-12 16:38:24,962 [Worker-40: Building] INFO  o.e.m.c.i.l.LifecycleMappingFactory - Using org.eclipse.m2e.jdt.JarLifecycleMapping lifecycle mapping for MavenProject: com.bbva.servicioautenticacion:servicio-autenticacion:0.0.1-SNAPSHOT @ C:\Users\Rosmira\OneDrive\Documentos\PruebasBBVA\workspace\servicio-autenticacion\pom.xml.
2025-04-12 16:38:25,397 [Worker-40: Building] ERROR o.e.m.c.i.URLConnectionCaches - Unexpected URLConnection defaultUseCaches enabled
2025-04-12 16:38:25,649 [Worker-40: Building] INFO  o.a.m.s.f.DefaultMavenResourcesFiltering - Copying 0 resource from src\main\resources to target\classes
2025-04-12 16:38:25,651 [Worker-40: Building] INFO  o.a.m.s.f.DefaultMavenResourcesFiltering - Copying 0 resource from src\main\resources to target\classes
2025-04-12 16:38:25,660 [Worker-40: Building] INFO  o.a.m.s.f.DefaultMavenResourcesFiltering - skip non existing resourceDirectory C:\Users\Rosmira\OneDrive\Documentos\PruebasBBVA\workspace\servicio-conversion-divisas\src\test\resources
2025-04-12 16:38:26,482 [Worker-34: Download sources and javadoc] INFO  o.e.m.c.i.e.AbstractTransferListenerAdapter - Downloading https://repo.maven.apache.org/maven2/org/springdoc/springdoc-openapi-starter-webmvc-ui/2.2.0/springdoc-openapi-starter-webmvc-ui-2.2.0-sources.jar
2025-04-12 16:38:26,491 [Worker-34: Download sources and javadoc] INFO  o.e.m.c.i.e.AbstractTransferListenerAdapter - Downloaded https://repo.maven.apache.org/maven2/org/springdoc/springdoc-openapi-starter-webmvc-ui/2.2.0/springdoc-openapi-starter-webmvc-ui-2.2.0-sources.jar
2025-04-12 16:38:26,496 [Worker-34: Download sources and javadoc] INFO  o.e.m.j.internal.DownloadSourcesJob - Downloaded sources for org.springdoc:springdoc-openapi-starter-webmvc-ui:2.2.0
2025-04-12 16:38:26,547 [Worker-34: Download sources and javadoc] INFO  o.e.m.c.i.e.AbstractTransferListenerAdapter - Downloading https://repo.maven.apache.org/maven2/org/springdoc/springdoc-openapi-starter-webmvc-api/2.2.0/springdoc-openapi-starter-webmvc-api-2.2.0-sources.jar
2025-04-12 16:38:26,555 [Worker-34: Download sources and javadoc] INFO  o.e.m.c.i.e.AbstractTransferListenerAdapter - Downloaded https://repo.maven.apache.org/maven2/org/springdoc/springdoc-openapi-starter-webmvc-api/2.2.0/springdoc-openapi-starter-webmvc-api-2.2.0-sources.jar
2025-04-12 16:38:26,560 [Worker-34: Download sources and javadoc] INFO  o.e.m.j.internal.DownloadSourcesJob - Downloaded sources for org.springdoc:springdoc-openapi-starter-webmvc-api:2.2.0
2025-04-12 16:38:26,612 [Worker-34: Download sources and javadoc] INFO  o.e.m.c.i.e.AbstractTransferListenerAdapter - Downloading https://repo.maven.apache.org/maven2/org/springdoc/springdoc-openapi-starter-common/2.2.0/springdoc-openapi-starter-common-2.2.0-sources.jar
2025-04-12 16:38:26,662 [Worker-34: Download sources and javadoc] INFO  o.e.m.c.i.e.AbstractTransferListenerAdapter - Downloaded https://repo.maven.apache.org/maven2/org/springdoc/springdoc-openapi-starter-common/2.2.0/springdoc-openapi-starter-common-2.2.0-sources.jar
2025-04-12 16:38:26,667 [Worker-34: Download sources and javadoc] INFO  o.e.m.j.internal.DownloadSourcesJob - Downloaded sources for org.springdoc:springdoc-openapi-starter-common:2.2.0
2025-04-12 16:38:26,710 [Worker-34: Download sources and javadoc] INFO  o.e.m.c.i.e.AbstractTransferListenerAdapter - Downloading https://repo.maven.apache.org/maven2/io/swagger/core/v3/swagger-core-jakarta/2.2.15/swagger-core-jakarta-2.2.15-sources.jar
2025-04-12 16:38:26,716 [Worker-34: Download sources and javadoc] INFO  o.e.m.c.i.e.AbstractTransferListenerAdapter - Downloaded https://repo.maven.apache.org/maven2/io/swagger/core/v3/swagger-core-jakarta/2.2.15/swagger-core-jakarta-2.2.15-sources.jar
2025-04-12 16:38:26,720 [Worker-34: Download sources and javadoc] INFO  o.e.m.j.internal.DownloadSourcesJob - Downloaded sources for io.swagger.core.v3:swagger-core-jakarta:2.2.15
2025-04-12 16:38:26,766 [Worker-34: Download sources and javadoc] INFO  o.e.m.c.i.e.AbstractTransferListenerAdapter - Downloading https://repo.maven.apache.org/maven2/io/swagger/core/v3/swagger-annotations-jakarta/2.2.15/swagger-annotations-jakarta-2.2.15-sources.jar
2025-04-12 16:38:26,773 [Worker-34: Download sources and javadoc] INFO  o.e.m.c.i.e.AbstractTransferListenerAdapter - Downloaded https://repo.maven.apache.org/maven2/io/swagger/core/v3/swagger-annotations-jakarta/2.2.15/swagger-annotations-jakarta-2.2.15-sources.jar
2025-04-12 16:38:26,778 [Worker-34: Download sources and javadoc] INFO  o.e.m.j.internal.DownloadSourcesJob - Downloaded sources for io.swagger.core.v3:swagger-annotations-jakarta:2.2.15
2025-04-12 16:38:26,817 [Worker-34: Download sources and javadoc] INFO  o.e.m.c.i.e.AbstractTransferListenerAdapter - Downloading https://repo.maven.apache.org/maven2/io/swagger/core/v3/swagger-models-jakarta/2.2.15/swagger-models-jakarta-2.2.15-sources.jar
2025-04-12 16:38:26,826 [Worker-34: Download sources and javadoc] INFO  o.e.m.c.i.e.AbstractTransferListenerAdapter - Downloaded https://repo.maven.apache.org/maven2/io/swagger/core/v3/swagger-models-jakarta/2.2.15/swagger-models-jakarta-2.2.15-sources.jar
2025-04-12 16:38:26,830 [Worker-34: Download sources and javadoc] INFO  o.e.m.j.internal.DownloadSourcesJob - Downloaded sources for io.swagger.core.v3:swagger-models-jakarta:2.2.15
2025-04-12 16:38:26,871 [Worker-34: Download sources and javadoc] INFO  o.e.m.c.i.e.AbstractTransferListenerAdapter - Downloaded https://repo.maven.apache.org/maven2/org/webjars/swagger-ui/5.2.0/swagger-ui-5.2.0-sources.jar
2025-04-12 16:38:26,880 [Worker-34: Download sources and javadoc] ERROR o.e.m.j.internal.DownloadSourcesJob - Could not download sources for org.webjars:swagger-ui:5.2.0
org.eclipse.core.runtime.CoreException: Could not resolve artifact org.webjars:swagger-ui:jar:sources:5.2.0
	at org.eclipse.m2e.core.internal.embedder.MavenImpl.lambda$7(MavenImpl.java:540)
	at org.eclipse.m2e.core.internal.embedder.MavenExecutionContext.executeBare(MavenExecutionContext.java:458)
	at org.eclipse.m2e.core.internal.embedder.MavenExecutionContext.execute(MavenExecutionContext.java:292)
	at org.eclipse.m2e.core.internal.embedder.MavenExecutionContext.execute(MavenExecutionContext.java:278)
	at org.eclipse.m2e.core.internal.embedder.MavenImpl.resolve(MavenImpl.java:509)
	at org.eclipse.m2e.core.internal.embedder.MavenImpl.resolve(MavenImpl.java:494)
	at org.eclipse.m2e.jdt.internal.DownloadSourcesJob.download(DownloadSourcesJob.java:308)
	at org.eclipse.m2e.jdt.internal.DownloadSourcesJob.downloadAttachments(DownloadSourcesJob.java:282)
	at org.eclipse.m2e.jdt.internal.DownloadSourcesJob.downloadMaven(DownloadSourcesJob.java:252)
	at org.eclipse.m2e.jdt.internal.DownloadSourcesJob.downloadFilesAndPopulateToUpdate(DownloadSourcesJob.java:220)
	at org.eclipse.m2e.jdt.internal.DownloadSourcesJob.lambda$0(DownloadSourcesJob.java:149)
	at org.eclipse.m2e.core.internal.embedder.MavenExecutionContext.executeBare(MavenExecutionContext.java:458)
	at org.eclipse.m2e.core.internal.embedder.MavenExecutionContext.execute(MavenExecutionContext.java:339)
	at org.eclipse.m2e.core.internal.embedder.MavenExecutionContext.execute(MavenExecutionContext.java:278)
	at org.eclipse.m2e.core.embedder.IMaven.execute(IMaven.java:300)
	at org.eclipse.m2e.jdt.internal.DownloadSourcesJob.run(DownloadSourcesJob.java:149)
	at org.eclipse.core.internal.jobs.Worker.run(Worker.java:63)
2025-04-12 16:38:26,948 [Worker-29: Building] ERROR o.e.m.c.i.URLConnectionCaches - Unexpected URLConnection defaultUseCaches enabled
2025-04-12 16:38:27,698 [Worker-32: Building] ERROR o.e.m.c.i.URLConnectionCaches - Unexpected URLConnection defaultUseCaches enabled
2025-04-12 16:38:27,705 [Worker-32: Building] INFO  o.a.m.s.f.DefaultMavenResourcesFiltering - Copying 1 resource from src\main\resources to target\classes
2025-04-12 16:38:27,737 [Worker-32: Building] INFO  o.a.m.s.f.DefaultMavenResourcesFiltering - Copying 2 resources from src\main\resources to target\classes
2025-04-12 16:38:27,747 [Worker-32: Building] INFO  o.a.m.s.f.DefaultMavenResourcesFiltering - skip non existing resourceDirectory C:\Users\Rosmira\OneDrive\Documentos\PruebasBBVA\workspace\servicio-conversion-divisas\src\test\resources
2025-04-12 16:46:11,233 [Worker-37: Building] ERROR o.e.m.c.i.URLConnectionCaches - Unexpected URLConnection defaultUseCaches enabled
2025-04-12 16:46:11,448 [Worker-37: Building] INFO  o.e.m.c.i.l.LifecycleMappingFactory - Using org.eclipse.m2e.jdt.JarLifecycleMapping lifecycle mapping for MavenProject: com.bbva.servicioconversiondivisas:servicio-conversion-divisas:0.0.1-SNAPSHOT @ C:\Users\Rosmira\OneDrive\Documentos\PruebasBBVA\workspace\servicio-conversion-divisas\pom.xml.
2025-04-12 16:46:11,862 [Worker-37: Building] ERROR o.e.m.c.i.URLConnectionCaches - Unexpected URLConnection defaultUseCaches enabled
2025-04-12 16:46:11,976 [Worker-37: Building] INFO  o.a.m.s.f.DefaultMavenResourcesFiltering - Copying 0 resource from src\main\resources to target\classes
2025-04-12 16:46:11,977 [Worker-37: Building] INFO  o.a.m.s.f.DefaultMavenResourcesFiltering - Copying 0 resource from src\main\resources to target\classes
2025-04-12 16:46:11,981 [Worker-37: Building] INFO  o.a.m.s.f.DefaultMavenResourcesFiltering - skip non existing resourceDirectory C:\Users\Rosmira\OneDrive\Documentos\PruebasBBVA\workspace\servicio-conversion-divisas\src\test\resources
2025-04-12 16:46:12,998 [Worker-32: Download sources and javadoc] INFO  o.e.m.c.i.e.AbstractTransferListenerAdapter - Downloading https://repo.maven.apache.org/maven2/org/webjars/swagger-ui/5.2.0/swagger-ui-5.2.0-javadoc.jar
2025-04-12 16:46:13,193 [Worker-41: Building] ERROR o.e.m.c.i.URLConnectionCaches - Unexpected URLConnection defaultUseCaches enabled
2025-04-12 16:46:13,196 [Worker-41: Building] INFO  o.a.m.s.f.DefaultMavenResourcesFiltering - Copying 1 resource from src\main\resources to target\classes
2025-04-12 16:46:13,214 [Worker-41: Building] INFO  o.a.m.s.f.DefaultMavenResourcesFiltering - Copying 2 resources from src\main\resources to target\classes
2025-04-12 16:46:13,214 [Worker-32: Download sources and javadoc] INFO  o.e.m.c.i.e.AbstractTransferListenerAdapter - Downloaded https://repo.maven.apache.org/maven2/org/webjars/swagger-ui/5.2.0/swagger-ui-5.2.0-javadoc.jar
2025-04-12 16:46:13,216 [Worker-32: Download sources and javadoc] INFO  o.e.m.j.internal.DownloadSourcesJob - Downloaded javadoc for org.webjars:swagger-ui:5.2.0
2025-04-12 16:46:13,218 [Worker-41: Building] INFO  o.a.m.s.f.DefaultMavenResourcesFiltering - skip non existing resourceDirectory C:\Users\Rosmira\OneDrive\Documentos\PruebasBBVA\workspace\servicio-conversion-divisas\src\test\resources
2025-04-12 16:46:14,270 [Worker-41: Building] ERROR o.e.m.c.i.URLConnectionCaches - Unexpected URLConnection defaultUseCaches enabled
2025-04-12 16:46:55,986 [Worker-38: Building] ERROR o.e.m.c.i.URLConnectionCaches - Unexpected URLConnection defaultUseCaches enabled
2025-04-12 16:46:56,116 [Worker-38: Building] INFO  o.e.m.c.i.l.LifecycleMappingFactory - Using org.eclipse.m2e.jdt.JarLifecycleMapping lifecycle mapping for MavenProject: com.bbva.servicioconversiondivisas:servicio-conversion-divisas:0.0.1-SNAPSHOT @ C:\Users\Rosmira\OneDrive\Documentos\PruebasBBVA\workspace\servicio-conversion-divisas\pom.xml.
2025-04-12 16:46:56,381 [Worker-38: Building] ERROR o.e.m.c.i.URLConnectionCaches - Unexpected URLConnection defaultUseCaches enabled
2025-04-12 16:46:56,435 [Worker-38: Building] INFO  o.a.m.s.f.DefaultMavenResourcesFiltering - Copying 0 resource from src\main\resources to target\classes
2025-04-12 16:46:56,437 [Worker-38: Building] INFO  o.a.m.s.f.DefaultMavenResourcesFiltering - Copying 0 resource from src\main\resources to target\classes
2025-04-12 16:46:56,440 [Worker-38: Building] INFO  o.a.m.s.f.DefaultMavenResourcesFiltering - skip non existing resourceDirectory C:\Users\Rosmira\OneDrive\Documentos\PruebasBBVA\workspace\servicio-conversion-divisas\src\test\resources
2025-04-12 16:46:57,613 [Worker-33: Building] ERROR o.e.m.c.i.URLConnectionCaches - Unexpected URLConnection defaultUseCaches enabled
2025-04-12 16:46:57,615 [Worker-33: Building] INFO  o.a.m.s.f.DefaultMavenResourcesFiltering - Copying 1 resource from src\main\resources to target\classes
2025-04-12 16:46:57,623 [Worker-33: Building] INFO  o.a.m.s.f.DefaultMavenResourcesFiltering - Copying 2 resources from src\main\resources to target\classes
2025-04-12 16:46:57,626 [Worker-33: Building] INFO  o.a.m.s.f.DefaultMavenResourcesFiltering - skip non existing resourceDirectory C:\Users\Rosmira\OneDrive\Documentos\PruebasBBVA\workspace\servicio-conversion-divisas\src\test\resources
2025-04-12 16:47:45,101 [Worker-38: Launching Executing test in C__Users_Rosmira_OneDrive_Documentos_PruebasBBVA_workspace_servicio-conversion-divisas] INFO  o.eclipse.m2e.core.internal.Bundles - getClasspathEntries(Bundle=org.eclipse.m2e.maven.runtime_3.9.900.20250220-2013 [361])
2025-04-12 16:47:45,102 [Worker-38: Launching Executing test in C__Users_Rosmira_OneDrive_Documentos_PruebasBBVA_workspace_servicio-conversion-divisas] INFO  o.eclipse.m2e.core.internal.Bundles - 	Entry: C:\Users\Rosmira\OneDrive\Documentos\CapacitacionSpring\sts-4.29.1.RELEASE\plugins\org.eclipse.m2e.maven.runtime_3.9.900.20250220-2013
2025-04-12 16:47:45,102 [Worker-38: Launching Executing test in C__Users_Rosmira_OneDrive_Documentos_PruebasBBVA_workspace_servicio-conversion-divisas] INFO  o.eclipse.m2e.core.internal.Bundles - 	Entry: C:\Users\Rosmira\OneDrive\Documentos\CapacitacionSpring\sts-4.29.1.RELEASE\plugins\org.eclipse.m2e.maven.runtime_3.9.900.20250220-2013\jars\aopalliance-1.0.jar
2025-04-12 16:47:45,102 [Worker-38: Launching Executing test in C__Users_Rosmira_OneDrive_Documentos_PruebasBBVA_workspace_servicio-conversion-divisas] INFO  o.eclipse.m2e.core.internal.Bundles - 	Entry: C:\Users\Rosmira\OneDrive\Documentos\CapacitacionSpring\sts-4.29.1.RELEASE\plugins\org.eclipse.m2e.maven.runtime_3.9.900.20250220-2013\jars\guice-5.1.0.jar
2025-04-12 16:47:45,102 [Worker-38: Launching Executing test in C__Users_Rosmira_OneDrive_Documentos_PruebasBBVA_workspace_servicio-conversion-divisas] INFO  o.eclipse.m2e.core.internal.Bundles - 	Entry: C:\Users\Rosmira\OneDrive\Documentos\CapacitacionSpring\sts-4.29.1.RELEASE\plugins\org.eclipse.m2e.maven.runtime_3.9.900.20250220-2013\jars\httpclient-4.5.14.jar
2025-04-12 16:47:45,102 [Worker-38: Launching Executing test in C__Users_Rosmira_OneDrive_Documentos_PruebasBBVA_workspace_servicio-conversion-divisas] INFO  o.eclipse.m2e.core.internal.Bundles - 	Entry: C:\Users\Rosmira\OneDrive\Documentos\CapacitacionSpring\sts-4.29.1.RELEASE\plugins\org.eclipse.m2e.maven.runtime_3.9.900.20250220-2013\jars\httpcore-4.4.16.jar
2025-04-12 16:47:45,102 [Worker-38: Launching Executing test in C__Users_Rosmira_OneDrive_Documentos_PruebasBBVA_workspace_servicio-conversion-divisas] INFO  o.eclipse.m2e.core.internal.Bundles - 	Entry: C:\Users\Rosmira\OneDrive\Documentos\CapacitacionSpring\sts-4.29.1.RELEASE\plugins\org.eclipse.m2e.maven.runtime_3.9.900.20250220-2013\jars\jansi-2.4.1.jar
2025-04-12 16:47:45,102 [Worker-38: Launching Executing test in C__Users_Rosmira_OneDrive_Documentos_PruebasBBVA_workspace_servicio-conversion-divisas] INFO  o.eclipse.m2e.core.internal.Bundles - 	Entry: C:\Users\Rosmira\OneDrive\Documentos\CapacitacionSpring\sts-4.29.1.RELEASE\plugins\org.eclipse.m2e.maven.runtime_3.9.900.20250220-2013\jars\jcl-over-slf4j-1.7.36.jar
2025-04-12 16:47:45,102 [Worker-38: Launching Executing test in C__Users_Rosmira_OneDrive_Documentos_PruebasBBVA_workspace_servicio-conversion-divisas] INFO  o.eclipse.m2e.core.internal.Bundles - 	Entry: C:\Users\Rosmira\OneDrive\Documentos\CapacitacionSpring\sts-4.29.1.RELEASE\plugins\org.eclipse.m2e.maven.runtime_3.9.900.20250220-2013\jars\maven-artifact-3.9.9.jar
2025-04-12 16:47:45,102 [Worker-38: Launching Executing test in C__Users_Rosmira_OneDrive_Documentos_PruebasBBVA_workspace_servicio-conversion-divisas] INFO  o.eclipse.m2e.core.internal.Bundles - 	Entry: C:\Users\Rosmira\OneDrive\Documentos\CapacitacionSpring\sts-4.29.1.RELEASE\plugins\org.eclipse.m2e.maven.runtime_3.9.900.20250220-2013\jars\maven-builder-support-3.9.9.jar
2025-04-12 16:47:45,102 [Worker-38: Launching Executing test in C__Users_Rosmira_OneDrive_Documentos_PruebasBBVA_workspace_servicio-conversion-divisas] INFO  o.eclipse.m2e.core.internal.Bundles - 	Entry: C:\Users\Rosmira\OneDrive\Documentos\CapacitacionSpring\sts-4.29.1.RELEASE\plugins\org.eclipse.m2e.maven.runtime_3.9.900.20250220-2013\jars\maven-compat-3.9.9.jar
2025-04-12 16:47:45,103 [Worker-38: Launching Executing test in C__Users_Rosmira_OneDrive_Documentos_PruebasBBVA_workspace_servicio-conversion-divisas] INFO  o.eclipse.m2e.core.internal.Bundles - 	Entry: C:\Users\Rosmira\OneDrive\Documentos\CapacitacionSpring\sts-4.29.1.RELEASE\plugins\org.eclipse.m2e.maven.runtime_3.9.900.20250220-2013\jars\maven-core-3.9.9.jar
2025-04-12 16:47:45,103 [Worker-38: Launching Executing test in C__Users_Rosmira_OneDrive_Documentos_PruebasBBVA_workspace_servicio-conversion-divisas] INFO  o.eclipse.m2e.core.internal.Bundles - 	Entry: C:\Users\Rosmira\OneDrive\Documentos\CapacitacionSpring\sts-4.29.1.RELEASE\plugins\org.eclipse.m2e.maven.runtime_3.9.900.20250220-2013\jars\maven-embedder-3.9.9.jar
2025-04-12 16:47:45,103 [Worker-38: Launching Executing test in C__Users_Rosmira_OneDrive_Documentos_PruebasBBVA_workspace_servicio-conversion-divisas] INFO  o.eclipse.m2e.core.internal.Bundles - 	Entry: C:\Users\Rosmira\OneDrive\Documentos\CapacitacionSpring\sts-4.29.1.RELEASE\plugins\org.eclipse.m2e.maven.runtime_3.9.900.20250220-2013\jars\maven-model-3.9.9.jar
2025-04-12 16:47:45,103 [Worker-38: Launching Executing test in C__Users_Rosmira_OneDrive_Documentos_PruebasBBVA_workspace_servicio-conversion-divisas] INFO  o.eclipse.m2e.core.internal.Bundles - 	Entry: C:\Users\Rosmira\OneDrive\Documentos\CapacitacionSpring\sts-4.29.1.RELEASE\plugins\org.eclipse.m2e.maven.runtime_3.9.900.20250220-2013\jars\maven-model-builder-3.9.9.jar
2025-04-12 16:47:45,103 [Worker-38: Launching Executing test in C__Users_Rosmira_OneDrive_Documentos_PruebasBBVA_workspace_servicio-conversion-divisas] INFO  o.eclipse.m2e.core.internal.Bundles - 	Entry: C:\Users\Rosmira\OneDrive\Documentos\CapacitacionSpring\sts-4.29.1.RELEASE\plugins\org.eclipse.m2e.maven.runtime_3.9.900.20250220-2013\jars\maven-plugin-api-3.9.9.jar
2025-04-12 16:47:45,104 [Worker-38: Launching Executing test in C__Users_Rosmira_OneDrive_Documentos_PruebasBBVA_workspace_servicio-conversion-divisas] INFO  o.eclipse.m2e.core.internal.Bundles - 	Entry: C:\Users\Rosmira\OneDrive\Documentos\CapacitacionSpring\sts-4.29.1.RELEASE\plugins\org.eclipse.m2e.maven.runtime_3.9.900.20250220-2013\jars\maven-repository-metadata-3.9.9.jar
2025-04-12 16:47:45,104 [Worker-38: Launching Executing test in C__Users_Rosmira_OneDrive_Documentos_PruebasBBVA_workspace_servicio-conversion-divisas] INFO  o.eclipse.m2e.core.internal.Bundles - 	Entry: C:\Users\Rosmira\OneDrive\Documentos\CapacitacionSpring\sts-4.29.1.RELEASE\plugins\org.eclipse.m2e.maven.runtime_3.9.900.20250220-2013\jars\maven-resolver-api-1.9.22.jar
2025-04-12 16:47:45,104 [Worker-38: Launching Executing test in C__Users_Rosmira_OneDrive_Documentos_PruebasBBVA_workspace_servicio-conversion-divisas] INFO  o.eclipse.m2e.core.internal.Bundles - 	Entry: C:\Users\Rosmira\OneDrive\Documentos\CapacitacionSpring\sts-4.29.1.RELEASE\plugins\org.eclipse.m2e.maven.runtime_3.9.900.20250220-2013\jars\maven-resolver-connector-basic-1.9.22.jar
2025-04-12 16:47:45,104 [Worker-38: Launching Executing test in C__Users_Rosmira_OneDrive_Documentos_PruebasBBVA_workspace_servicio-conversion-divisas] INFO  o.eclipse.m2e.core.internal.Bundles - 	Entry: C:\Users\Rosmira\OneDrive\Documentos\CapacitacionSpring\sts-4.29.1.RELEASE\plugins\org.eclipse.m2e.maven.runtime_3.9.900.20250220-2013\jars\maven-resolver-impl-1.9.22.jar
2025-04-12 16:47:45,104 [Worker-38: Launching Executing test in C__Users_Rosmira_OneDrive_Documentos_PruebasBBVA_workspace_servicio-conversion-divisas] INFO  o.eclipse.m2e.core.internal.Bundles - 	Entry: C:\Users\Rosmira\OneDrive\Documentos\CapacitacionSpring\sts-4.29.1.RELEASE\plugins\org.eclipse.m2e.maven.runtime_3.9.900.20250220-2013\jars\maven-resolver-named-locks-1.9.22.jar
2025-04-12 16:47:45,104 [Worker-38: Launching Executing test in C__Users_Rosmira_OneDrive_Documentos_PruebasBBVA_workspace_servicio-conversion-divisas] INFO  o.eclipse.m2e.core.internal.Bundles - 	Entry: C:\Users\Rosmira\OneDrive\Documentos\CapacitacionSpring\sts-4.29.1.RELEASE\plugins\org.eclipse.m2e.maven.runtime_3.9.900.20250220-2013\jars\maven-resolver-provider-3.9.9.jar
2025-04-12 16:47:45,104 [Worker-38: Launching Executing test in C__Users_Rosmira_OneDrive_Documentos_PruebasBBVA_workspace_servicio-conversion-divisas] INFO  o.eclipse.m2e.core.internal.Bundles - 	Entry: C:\Users\Rosmira\OneDrive\Documentos\CapacitacionSpring\sts-4.29.1.RELEASE\plugins\org.eclipse.m2e.maven.runtime_3.9.900.20250220-2013\jars\maven-resolver-spi-1.9.22.jar
2025-04-12 16:47:45,105 [Worker-38: Launching Executing test in C__Users_Rosmira_OneDrive_Documentos_PruebasBBVA_workspace_servicio-conversion-divisas] INFO  o.eclipse.m2e.core.internal.Bundles - 	Entry: C:\Users\Rosmira\OneDrive\Documentos\CapacitacionSpring\sts-4.29.1.RELEASE\plugins\org.eclipse.m2e.maven.runtime_3.9.900.20250220-2013\jars\maven-resolver-transport-file-1.9.22.jar
2025-04-12 16:47:45,105 [Worker-38: Launching Executing test in C__Users_Rosmira_OneDrive_Documentos_PruebasBBVA_workspace_servicio-conversion-divisas] INFO  o.eclipse.m2e.core.internal.Bundles - 	Entry: C:\Users\Rosmira\OneDrive\Documentos\CapacitacionSpring\sts-4.29.1.RELEASE\plugins\org.eclipse.m2e.maven.runtime_3.9.900.20250220-2013\jars\maven-resolver-transport-http-1.9.22.jar
2025-04-12 16:47:45,105 [Worker-38: Launching Executing test in C__Users_Rosmira_OneDrive_Documentos_PruebasBBVA_workspace_servicio-conversion-divisas] INFO  o.eclipse.m2e.core.internal.Bundles - 	Entry: C:\Users\Rosmira\OneDrive\Documentos\CapacitacionSpring\sts-4.29.1.RELEASE\plugins\org.eclipse.m2e.maven.runtime_3.9.900.20250220-2013\jars\maven-resolver-transport-wagon-1.9.22.jar
2025-04-12 16:47:45,105 [Worker-38: Launching Executing test in C__Users_Rosmira_OneDrive_Documentos_PruebasBBVA_workspace_servicio-conversion-divisas] INFO  o.eclipse.m2e.core.internal.Bundles - 	Entry: C:\Users\Rosmira\OneDrive\Documentos\CapacitacionSpring\sts-4.29.1.RELEASE\plugins\org.eclipse.m2e.maven.runtime_3.9.900.20250220-2013\jars\maven-resolver-util-1.9.22.jar
2025-04-12 16:47:45,105 [Worker-38: Launching Executing test in C__Users_Rosmira_OneDrive_Documentos_PruebasBBVA_workspace_servicio-conversion-divisas] INFO  o.eclipse.m2e.core.internal.Bundles - 	Entry: C:\Users\Rosmira\OneDrive\Documentos\CapacitacionSpring\sts-4.29.1.RELEASE\plugins\org.eclipse.m2e.maven.runtime_3.9.900.20250220-2013\jars\maven-settings-3.9.9.jar
2025-04-12 16:47:45,105 [Worker-38: Launching Executing test in C__Users_Rosmira_OneDrive_Documentos_PruebasBBVA_workspace_servicio-conversion-divisas] INFO  o.eclipse.m2e.core.internal.Bundles - 	Entry: C:\Users\Rosmira\OneDrive\Documentos\CapacitacionSpring\sts-4.29.1.RELEASE\plugins\org.eclipse.m2e.maven.runtime_3.9.900.20250220-2013\jars\maven-settings-builder-3.9.9.jar
2025-04-12 16:47:45,105 [Worker-38: Launching Executing test in C__Users_Rosmira_OneDrive_Documentos_PruebasBBVA_workspace_servicio-conversion-divisas] INFO  o.eclipse.m2e.core.internal.Bundles - 	Entry: C:\Users\Rosmira\OneDrive\Documentos\CapacitacionSpring\sts-4.29.1.RELEASE\plugins\org.eclipse.m2e.maven.runtime_3.9.900.20250220-2013\jars\maven-shared-utils-3.4.2.jar
2025-04-12 16:47:45,105 [Worker-38: Launching Executing test in C__Users_Rosmira_OneDrive_Documentos_PruebasBBVA_workspace_servicio-conversion-divisas] INFO  o.eclipse.m2e.core.internal.Bundles - 	Entry: C:\Users\Rosmira\OneDrive\Documentos\CapacitacionSpring\sts-4.29.1.RELEASE\plugins\org.eclipse.m2e.maven.runtime_3.9.900.20250220-2013\jars\org.eclipse.sisu.inject-0.9.0.M3.jar
2025-04-12 16:47:45,105 [Worker-38: Launching Executing test in C__Users_Rosmira_OneDrive_Documentos_PruebasBBVA_workspace_servicio-conversion-divisas] INFO  o.eclipse.m2e.core.internal.Bundles - 	Entry: C:\Users\Rosmira\OneDrive\Documentos\CapacitacionSpring\sts-4.29.1.RELEASE\plugins\org.eclipse.m2e.maven.runtime_3.9.900.20250220-2013\jars\org.eclipse.sisu.plexus-0.9.0.M3.jar
2025-04-12 16:47:45,105 [Worker-38: Launching Executing test in C__Users_Rosmira_OneDrive_Documentos_PruebasBBVA_workspace_servicio-conversion-divisas] INFO  o.eclipse.m2e.core.internal.Bundles - 	Entry: C:\Users\Rosmira\OneDrive\Documentos\CapacitacionSpring\sts-4.29.1.RELEASE\plugins\org.eclipse.m2e.maven.runtime_3.9.900.20250220-2013\jars\plexus-build-api-0.0.7.jar
2025-04-12 16:47:45,105 [Worker-38: Launching Executing test in C__Users_Rosmira_OneDrive_Documentos_PruebasBBVA_workspace_servicio-conversion-divisas] INFO  o.eclipse.m2e.core.internal.Bundles - 	Entry: C:\Users\Rosmira\OneDrive\Documentos\CapacitacionSpring\sts-4.29.1.RELEASE\plugins\org.eclipse.m2e.maven.runtime_3.9.900.20250220-2013\jars\plexus-build-api-1.2.0.jar
2025-04-12 16:47:45,105 [Worker-38: Launching Executing test in C__Users_Rosmira_OneDrive_Documentos_PruebasBBVA_workspace_servicio-conversion-divisas] INFO  o.eclipse.m2e.core.internal.Bundles - 	Entry: C:\Users\Rosmira\OneDrive\Documentos\CapacitacionSpring\sts-4.29.1.RELEASE\plugins\org.eclipse.m2e.maven.runtime_3.9.900.20250220-2013\jars\plexus-cipher-2.0.jar
2025-04-12 16:47:45,105 [Worker-38: Launching Executing test in C__Users_Rosmira_OneDrive_Documentos_PruebasBBVA_workspace_servicio-conversion-divisas] INFO  o.eclipse.m2e.core.internal.Bundles - 	Entry: C:\Users\Rosmira\OneDrive\Documentos\CapacitacionSpring\sts-4.29.1.RELEASE\plugins\org.eclipse.m2e.maven.runtime_3.9.900.20250220-2013\jars\plexus-classworlds-2.8.0.jar
2025-04-12 16:47:45,105 [Worker-38: Launching Executing test in C__Users_Rosmira_OneDrive_Documentos_PruebasBBVA_workspace_servicio-conversion-divisas] INFO  o.eclipse.m2e.core.internal.Bundles - 	Entry: C:\Users\Rosmira\OneDrive\Documentos\CapacitacionSpring\sts-4.29.1.RELEASE\plugins\org.eclipse.m2e.maven.runtime_3.9.900.20250220-2013\jars\plexus-component-annotations-2.1.0.jar
2025-04-12 16:47:45,105 [Worker-38: Launching Executing test in C__Users_Rosmira_OneDrive_Documentos_PruebasBBVA_workspace_servicio-conversion-divisas] INFO  o.eclipse.m2e.core.internal.Bundles - 	Entry: C:\Users\Rosmira\OneDrive\Documentos\CapacitacionSpring\sts-4.29.1.RELEASE\plugins\org.eclipse.m2e.maven.runtime_3.9.900.20250220-2013\jars\plexus-interpolation-1.27.jar
2025-04-12 16:47:45,105 [Worker-38: Launching Executing test in C__Users_Rosmira_OneDrive_Documentos_PruebasBBVA_workspace_servicio-conversion-divisas] INFO  o.eclipse.m2e.core.internal.Bundles - 	Entry: C:\Users\Rosmira\OneDrive\Documentos\CapacitacionSpring\sts-4.29.1.RELEASE\plugins\org.eclipse.m2e.maven.runtime_3.9.900.20250220-2013\jars\plexus-sec-dispatcher-2.0.jar
2025-04-12 16:47:45,105 [Worker-38: Launching Executing test in C__Users_Rosmira_OneDrive_Documentos_PruebasBBVA_workspace_servicio-conversion-divisas] INFO  o.eclipse.m2e.core.internal.Bundles - 	Entry: C:\Users\Rosmira\OneDrive\Documentos\CapacitacionSpring\sts-4.29.1.RELEASE\plugins\org.eclipse.m2e.maven.runtime_3.9.900.20250220-2013\jars\plexus-utils-3.5.1.jar
2025-04-12 16:47:45,105 [Worker-38: Launching Executing test in C__Users_Rosmira_OneDrive_Documentos_PruebasBBVA_workspace_servicio-conversion-divisas] INFO  o.eclipse.m2e.core.internal.Bundles - 	Entry: C:\Users\Rosmira\OneDrive\Documentos\CapacitacionSpring\sts-4.29.1.RELEASE\plugins\org.eclipse.m2e.maven.runtime_3.9.900.20250220-2013\jars\plexus-xml-3.0.1.jar
2025-04-12 16:47:45,106 [Worker-38: Launching Executing test in C__Users_Rosmira_OneDrive_Documentos_PruebasBBVA_workspace_servicio-conversion-divisas] INFO  o.eclipse.m2e.core.internal.Bundles - 	Entry: C:\Users\Rosmira\OneDrive\Documentos\CapacitacionSpring\sts-4.29.1.RELEASE\plugins\org.eclipse.m2e.maven.runtime_3.9.900.20250220-2013\jars\wagon-file-3.5.3.jar
2025-04-12 16:47:45,106 [Worker-38: Launching Executing test in C__Users_Rosmira_OneDrive_Documentos_PruebasBBVA_workspace_servicio-conversion-divisas] INFO  o.eclipse.m2e.core.internal.Bundles - 	Entry: C:\Users\Rosmira\OneDrive\Documentos\CapacitacionSpring\sts-4.29.1.RELEASE\plugins\org.eclipse.m2e.maven.runtime_3.9.900.20250220-2013\jars\wagon-http-3.5.3.jar
2025-04-12 16:47:45,106 [Worker-38: Launching Executing test in C__Users_Rosmira_OneDrive_Documentos_PruebasBBVA_workspace_servicio-conversion-divisas] INFO  o.eclipse.m2e.core.internal.Bundles - 	Entry: C:\Users\Rosmira\OneDrive\Documentos\CapacitacionSpring\sts-4.29.1.RELEASE\plugins\org.eclipse.m2e.maven.runtime_3.9.900.20250220-2013\jars\wagon-http-shared-3.5.3.jar
2025-04-12 16:47:45,106 [Worker-38: Launching Executing test in C__Users_Rosmira_OneDrive_Documentos_PruebasBBVA_workspace_servicio-conversion-divisas] INFO  o.eclipse.m2e.core.internal.Bundles - 	Entry: C:\Users\Rosmira\OneDrive\Documentos\CapacitacionSpring\sts-4.29.1.RELEASE\plugins\org.eclipse.m2e.maven.runtime_3.9.900.20250220-2013\jars\wagon-provider-api-3.5.3.jar
2025-04-12 16:47:45,106 [Worker-38: Launching Executing test in C__Users_Rosmira_OneDrive_Documentos_PruebasBBVA_workspace_servicio-conversion-divisas] INFO  o.eclipse.m2e.core.internal.Bundles - getClasspathEntries(Bundle=com.google.guava_33.4.0.jre [29])
2025-04-12 16:47:45,106 [Worker-38: Launching Executing test in C__Users_Rosmira_OneDrive_Documentos_PruebasBBVA_workspace_servicio-conversion-divisas] INFO  o.eclipse.m2e.core.internal.Bundles - 	Entry: C:\Users\Rosmira\OneDrive\Documentos\CapacitacionSpring\sts-4.29.1.RELEASE\plugins\com.google.guava_33.4.0.jre.jar
2025-04-12 16:47:45,106 [Worker-38: Launching Executing test in C__Users_Rosmira_OneDrive_Documentos_PruebasBBVA_workspace_servicio-conversion-divisas] INFO  o.eclipse.m2e.core.internal.Bundles - getClasspathEntries(Bundle=slf4j.api_2.0.17 [608])
2025-04-12 16:47:45,107 [Worker-38: Launching Executing test in C__Users_Rosmira_OneDrive_Documentos_PruebasBBVA_workspace_servicio-conversion-divisas] INFO  o.eclipse.m2e.core.internal.Bundles - 	Entry: C:\Users\Rosmira\OneDrive\Documentos\CapacitacionSpring\sts-4.29.1.RELEASE\plugins\slf4j.api_2.0.17.jar
2025-04-12 16:47:45,107 [Worker-38: Launching Executing test in C__Users_Rosmira_OneDrive_Documentos_PruebasBBVA_workspace_servicio-conversion-divisas] INFO  o.eclipse.m2e.core.internal.Bundles - getClasspathEntries(Bundle=jakarta.inject.jakarta.inject-api_1.0.5 [45])
2025-04-12 16:47:45,107 [Worker-38: Launching Executing test in C__Users_Rosmira_OneDrive_Documentos_PruebasBBVA_workspace_servicio-conversion-divisas] INFO  o.eclipse.m2e.core.internal.Bundles - 	Entry: C:\Users\Rosmira\OneDrive\Documentos\CapacitacionSpring\sts-4.29.1.RELEASE\plugins\jakarta.inject.jakarta.inject-api_1.0.5.jar
2025-04-12 16:47:45,107 [Worker-38: Launching Executing test in C__Users_Rosmira_OneDrive_Documentos_PruebasBBVA_workspace_servicio-conversion-divisas] INFO  o.eclipse.m2e.core.internal.Bundles - getClasspathEntries(Bundle=jakarta.annotation-api_1.3.5 [41])
2025-04-12 16:47:45,107 [Worker-38: Launching Executing test in C__Users_Rosmira_OneDrive_Documentos_PruebasBBVA_workspace_servicio-conversion-divisas] INFO  o.eclipse.m2e.core.internal.Bundles - 	Entry: C:\Users\Rosmira\OneDrive\Documentos\CapacitacionSpring\sts-4.29.1.RELEASE\plugins\jakarta.annotation-api_1.3.5.jar
2025-04-12 16:47:45,107 [Worker-38: Launching Executing test in C__Users_Rosmira_OneDrive_Documentos_PruebasBBVA_workspace_servicio-conversion-divisas] INFO  o.eclipse.m2e.core.internal.Bundles - getClasspathEntries(Bundle=org.apache.commons.cli_1.9.0 [77])
2025-04-12 16:47:45,107 [Worker-38: Launching Executing test in C__Users_Rosmira_OneDrive_Documentos_PruebasBBVA_workspace_servicio-conversion-divisas] INFO  o.eclipse.m2e.core.internal.Bundles - 	Entry: C:\Users\Rosmira\OneDrive\Documentos\CapacitacionSpring\sts-4.29.1.RELEASE\plugins\org.apache.commons.cli_1.9.0.jar
2025-04-12 16:47:45,107 [Worker-38: Launching Executing test in C__Users_Rosmira_OneDrive_Documentos_PruebasBBVA_workspace_servicio-conversion-divisas] INFO  o.eclipse.m2e.core.internal.Bundles - getClasspathEntries(Bundle=org.apache.commons.commons-codec_1.16.0 [79])
2025-04-12 16:47:45,107 [Worker-38: Launching Executing test in C__Users_Rosmira_OneDrive_Documentos_PruebasBBVA_workspace_servicio-conversion-divisas] INFO  o.eclipse.m2e.core.internal.Bundles - 	Entry: C:\Users\Rosmira\OneDrive\Documentos\CapacitacionSpring\sts-4.29.1.RELEASE\plugins\org.apache.commons.commons-codec_1.16.0.jar
2025-04-12 16:47:45,108 [Worker-38: Launching Executing test in C__Users_Rosmira_OneDrive_Documentos_PruebasBBVA_workspace_servicio-conversion-divisas] INFO  o.eclipse.m2e.core.internal.Bundles - getClasspathEntries(Bundle=com.google.guava.failureaccess_1.0.2 [30])
2025-04-12 16:47:45,108 [Worker-38: Launching Executing test in C__Users_Rosmira_OneDrive_Documentos_PruebasBBVA_workspace_servicio-conversion-divisas] INFO  o.eclipse.m2e.core.internal.Bundles - 	Entry: C:\Users\Rosmira\OneDrive\Documentos\CapacitacionSpring\sts-4.29.1.RELEASE\plugins\com.google.guava.failureaccess_1.0.2.jar
2025-04-12 16:47:45,109 [Worker-38: Launching Executing test in C__Users_Rosmira_OneDrive_Documentos_PruebasBBVA_workspace_servicio-conversion-divisas] INFO  o.e.m.i.launch.MavenLaunchDelegate - Run build in "C:\Users\Rosmira\OneDrive\Documentos\PruebasBBVA\workspace\servicio-conversion-divisas":
2025-04-12 16:47:45,109 [Worker-38: Launching Executing test in C__Users_Rosmira_OneDrive_Documentos_PruebasBBVA_workspace_servicio-conversion-divisas] INFO  o.e.m.i.launch.MavenLaunchDelegate -  mvn  -Ppom.xml -B -Dstyle.color=always test
2025-04-12 16:47:58,605 [Worker-31: Building] ERROR o.e.m.c.i.URLConnectionCaches - Unexpected URLConnection defaultUseCaches enabled
2025-04-12 16:48:59,671 [Worker-32: Building] ERROR o.e.m.c.i.URLConnectionCaches - Unexpected URLConnection defaultUseCaches enabled
2025-04-12 16:48:59,793 [Worker-32: Building] INFO  o.e.m.c.i.l.LifecycleMappingFactory - Using org.eclipse.m2e.jdt.JarLifecycleMapping lifecycle mapping for MavenProject: com.bbva.servicioconversiondivisas:servicio-conversion-divisas:0.0.1-SNAPSHOT @ C:\Users\Rosmira\OneDrive\Documentos\PruebasBBVA\workspace\servicio-conversion-divisas\pom.xml.
2025-04-12 16:49:00,059 [Worker-32: Building] ERROR o.e.m.c.i.URLConnectionCaches - Unexpected URLConnection defaultUseCaches enabled
2025-04-12 16:49:00,120 [Worker-32: Building] INFO  o.a.m.s.f.DefaultMavenResourcesFiltering - Copying 0 resource from src\main\resources to target\classes
2025-04-12 16:49:00,122 [Worker-32: Building] INFO  o.a.m.s.f.DefaultMavenResourcesFiltering - Copying 0 resource from src\main\resources to target\classes
2025-04-12 16:49:00,126 [Worker-32: Building] INFO  o.a.m.s.f.DefaultMavenResourcesFiltering - skip non existing resourceDirectory C:\Users\Rosmira\OneDrive\Documentos\PruebasBBVA\workspace\servicio-conversion-divisas\src\test\resources
2025-04-12 16:49:01,409 [Worker-41: Building] ERROR o.e.m.c.i.URLConnectionCaches - Unexpected URLConnection defaultUseCaches enabled
2025-04-12 16:49:01,412 [Worker-41: Building] INFO  o.a.m.s.f.DefaultMavenResourcesFiltering - Copying 1 resource from src\main\resources to target\classes
2025-04-12 16:49:01,419 [Worker-41: Building] INFO  o.a.m.s.f.DefaultMavenResourcesFiltering - Copying 2 resources from src\main\resources to target\classes
2025-04-12 16:49:01,422 [Worker-41: Building] INFO  o.a.m.s.f.DefaultMavenResourcesFiltering - skip non existing resourceDirectory C:\Users\Rosmira\OneDrive\Documentos\PruebasBBVA\workspace\servicio-conversion-divisas\src\test\resources
2025-04-12 16:54:10,884 [Worker-28: Building] ERROR o.e.m.c.i.URLConnectionCaches - Unexpected URLConnection defaultUseCaches enabled
2025-04-12 16:54:11,077 [Worker-28: Building] INFO  o.e.m.c.i.l.LifecycleMappingFactory - Using org.eclipse.m2e.jdt.JarLifecycleMapping lifecycle mapping for MavenProject: com.bbva.servicioconversiondivisas:servicio-conversion-divisas:0.0.1-SNAPSHOT @ C:\Users\Rosmira\OneDrive\Documentos\PruebasBBVA\workspace\servicio-conversion-divisas\pom.xml.
2025-04-12 16:54:11,423 [Worker-28: Building] ERROR o.e.m.c.i.URLConnectionCaches - Unexpected URLConnection defaultUseCaches enabled
2025-04-12 16:54:11,498 [Worker-28: Building] INFO  o.a.m.s.f.DefaultMavenResourcesFiltering - Copying 0 resource from src\main\resources to target\classes
2025-04-12 16:54:11,499 [Worker-28: Building] INFO  o.a.m.s.f.DefaultMavenResourcesFiltering - Copying 0 resource from src\main\resources to target\classes
2025-04-12 16:54:11,502 [Worker-28: Building] INFO  o.a.m.s.f.DefaultMavenResourcesFiltering - skip non existing resourceDirectory C:\Users\Rosmira\OneDrive\Documentos\PruebasBBVA\workspace\servicio-conversion-divisas\src\test\resources
2025-04-12 16:56:06,549 [Worker-28: Building] ERROR o.e.m.c.i.URLConnectionCaches - Unexpected URLConnection defaultUseCaches enabled
2025-04-12 16:56:06,551 [Worker-28: Building] INFO  o.a.m.s.f.DefaultMavenResourcesFiltering - Copying 1 resource from src\main\resources to target\classes
2025-04-12 16:56:06,563 [Worker-28: Building] INFO  o.a.m.s.f.DefaultMavenResourcesFiltering - Copying 0 resource from src\main\resources to target\classes
2025-04-12 16:56:06,564 [Worker-28: Building] INFO  o.a.m.s.f.DefaultMavenResourcesFiltering - skip non existing resourceDirectory C:\Users\Rosmira\OneDrive\Documentos\PruebasBBVA\workspace\servicio-conversion-divisas\src\test\resources
2025-04-12 17:03:24,761 [Worker-40: Building] ERROR o.e.m.c.i.URLConnectionCaches - Unexpected URLConnection defaultUseCaches enabled
2025-04-12 17:03:24,765 [Worker-40: Building] INFO  o.a.m.s.f.DefaultMavenResourcesFiltering - Copying 1 resource from src\main\resources to target\classes
2025-04-12 17:03:24,786 [Worker-40: Building] INFO  o.a.m.s.f.DefaultMavenResourcesFiltering - Copying 2 resources from src\main\resources to target\classes
2025-04-12 17:03:24,793 [Worker-40: Building] INFO  o.a.m.s.f.DefaultMavenResourcesFiltering - skip non existing resourceDirectory C:\Users\Rosmira\OneDrive\Documentos\PruebasBBVA\workspace\servicio-conversion-divisas\src\test\resources
2025-04-12 17:03:51,053 [Worker-36: Building] ERROR o.e.m.c.i.URLConnectionCaches - Unexpected URLConnection defaultUseCaches enabled
2025-04-12 17:03:51,057 [Worker-36: Building] INFO  o.a.m.s.f.DefaultMavenResourcesFiltering - Copying 1 resource from src\main\resources to target\classes
2025-04-12 17:03:51,067 [Worker-36: Building] INFO  o.a.m.s.f.DefaultMavenResourcesFiltering - Copying 2 resources from src\main\resources to target\classes
2025-04-12 17:03:51,069 [Worker-36: Building] INFO  o.a.m.s.f.DefaultMavenResourcesFiltering - skip non existing resourceDirectory C:\Users\Rosmira\OneDrive\Documentos\PruebasBBVA\workspace\servicio-conversion-divisas\src\test\resources
2025-04-12 17:05:42,564 [Worker-32: Building] ERROR o.e.m.c.i.URLConnectionCaches - Unexpected URLConnection defaultUseCaches enabled
2025-04-12 17:05:42,567 [Worker-32: Building] INFO  o.a.m.s.f.DefaultMavenResourcesFiltering - Copying 1 resource from src\main\resources to target\classes
2025-04-12 17:05:42,579 [Worker-32: Building] INFO  o.a.m.s.f.DefaultMavenResourcesFiltering - Copying 2 resources from src\main\resources to target\classes
2025-04-12 17:05:42,581 [Worker-32: Building] INFO  o.a.m.s.f.DefaultMavenResourcesFiltering - skip non existing resourceDirectory C:\Users\Rosmira\OneDrive\Documentos\PruebasBBVA\workspace\servicio-conversion-divisas\src\test\resources
2025-04-12 17:06:18,334 [Worker-31: Building] ERROR o.e.m.c.i.URLConnectionCaches - Unexpected URLConnection defaultUseCaches enabled
2025-04-12 17:06:18,337 [Worker-31: Building] INFO  o.a.m.s.f.DefaultMavenResourcesFiltering - Copying 1 resource from src\main\resources to target\classes
2025-04-12 17:06:18,340 [Worker-31: Building] INFO  o.a.m.s.f.DefaultMavenResourcesFiltering - Copying 2 resources from src\main\resources to target\classes
2025-04-12 17:06:18,342 [Worker-31: Building] INFO  o.a.m.s.f.DefaultMavenResourcesFiltering - skip non existing resourceDirectory C:\Users\Rosmira\OneDrive\Documentos\PruebasBBVA\workspace\servicio-conversion-divisas\src\test\resources
2025-04-12 17:08:42,524 [Worker-34: Building] ERROR o.e.m.c.i.URLConnectionCaches - Unexpected URLConnection defaultUseCaches enabled
2025-04-12 17:08:42,528 [Worker-34: Building] INFO  o.a.m.s.f.DefaultMavenResourcesFiltering - Copying 1 resource from src\main\resources to target\classes
2025-04-12 17:08:42,537 [Worker-34: Building] INFO  o.a.m.s.f.DefaultMavenResourcesFiltering - Copying 2 resources from src\main\resources to target\classes
2025-04-12 17:08:42,540 [Worker-34: Building] INFO  o.a.m.s.f.DefaultMavenResourcesFiltering - skip non existing resourceDirectory C:\Users\Rosmira\OneDrive\Documentos\PruebasBBVA\workspace\servicio-conversion-divisas\src\test\resources
2025-04-12 17:15:20,297 [Worker-38: Building] ERROR o.e.m.c.i.URLConnectionCaches - Unexpected URLConnection defaultUseCaches enabled
2025-04-12 17:15:20,302 [Worker-38: Building] INFO  o.a.m.s.f.DefaultMavenResourcesFiltering - Copying 1 resource from src\main\resources to target\classes
2025-04-12 17:15:20,309 [Worker-38: Building] INFO  o.a.m.s.f.DefaultMavenResourcesFiltering - Copying 2 resources from src\main\resources to target\classes
2025-04-12 17:15:20,311 [Worker-38: Building] INFO  o.a.m.s.f.DefaultMavenResourcesFiltering - skip non existing resourceDirectory C:\Users\Rosmira\OneDrive\Documentos\PruebasBBVA\workspace\servicio-conversion-divisas\src\test\resources
2025-04-12 17:17:34,242 [Worker-27: Building] ERROR o.e.m.c.i.URLConnectionCaches - Unexpected URLConnection defaultUseCaches enabled
2025-04-12 17:17:34,377 [Worker-27: Building] INFO  o.e.m.c.i.l.LifecycleMappingFactory - Using org.eclipse.m2e.jdt.JarLifecycleMapping lifecycle mapping for MavenProject: com.bbva.servicioconversiondivisas:servicio-conversion-divisas:0.0.1-SNAPSHOT @ C:\Users\Rosmira\OneDrive\Documentos\PruebasBBVA\workspace\servicio-conversion-divisas\pom.xml.
2025-04-12 17:17:34,716 [Worker-27: Building] INFO  o.e.m.c.i.e.AbstractTransferListenerAdapter - Downloading https://repo.maven.apache.org/maven2/io/springfox/springfox-swagger2/2.9.2/springfox-swagger2-2.9.2.pom
2025-04-12 17:17:34,722 [Worker-27: Building] INFO  o.e.m.c.i.e.AbstractTransferListenerAdapter - Downloaded https://repo.maven.apache.org/maven2/io/springfox/springfox-swagger2/2.9.2/springfox-swagger2-2.9.2.pom
2025-04-12 17:17:34,737 [Worker-27: Building] INFO  o.e.m.c.i.e.AbstractTransferListenerAdapter - Downloading https://repo.maven.apache.org/maven2/io/swagger/swagger-annotations/1.5.20/swagger-annotations-1.5.20.pom
2025-04-12 17:17:34,740 [Worker-27: Building] INFO  o.e.m.c.i.e.AbstractTransferListenerAdapter - Downloaded https://repo.maven.apache.org/maven2/io/swagger/swagger-annotations/1.5.20/swagger-annotations-1.5.20.pom
2025-04-12 17:17:34,790 [Worker-27: Building] INFO  o.e.m.c.i.e.AbstractTransferListenerAdapter - Downloading https://repo.maven.apache.org/maven2/io/swagger/swagger-project/1.5.20/swagger-project-1.5.20.pom
2025-04-12 17:17:34,800 [Worker-27: Building] INFO  o.e.m.c.i.e.AbstractTransferListenerAdapter - Downloaded https://repo.maven.apache.org/maven2/io/swagger/swagger-project/1.5.20/swagger-project-1.5.20.pom
2025-04-12 17:17:34,821 [Worker-27: Building] INFO  o.e.m.c.i.e.AbstractTransferListenerAdapter - Downloading https://repo.maven.apache.org/maven2/org/sonatype/oss/oss-parent/5/oss-parent-5.pom
2025-04-12 17:17:34,823 [Worker-27: Building] INFO  o.e.m.c.i.e.AbstractTransferListenerAdapter - Downloaded https://repo.maven.apache.org/maven2/org/sonatype/oss/oss-parent/5/oss-parent-5.pom
2025-04-12 17:17:34,844 [Worker-27: Building] INFO  o.e.m.c.i.e.AbstractTransferListenerAdapter - Downloading https://repo.maven.apache.org/maven2/io/swagger/swagger-models/1.5.20/swagger-models-1.5.20.pom
2025-04-12 17:17:34,846 [Worker-27: Building] INFO  o.e.m.c.i.e.AbstractTransferListenerAdapter - Downloaded https://repo.maven.apache.org/maven2/io/swagger/swagger-models/1.5.20/swagger-models-1.5.20.pom
2025-04-12 17:17:34,861 [Worker-27: Building] INFO  o.e.m.c.i.e.AbstractTransferListenerAdapter - Downloading https://repo.maven.apache.org/maven2/io/springfox/springfox-spi/2.9.2/springfox-spi-2.9.2.pom
2025-04-12 17:17:34,863 [Worker-27: Building] INFO  o.e.m.c.i.e.AbstractTransferListenerAdapter - Downloaded https://repo.maven.apache.org/maven2/io/springfox/springfox-spi/2.9.2/springfox-spi-2.9.2.pom
2025-04-12 17:17:34,907 [Worker-27: Building] INFO  o.e.m.c.i.e.AbstractTransferListenerAdapter - Downloading https://repo.maven.apache.org/maven2/io/springfox/springfox-core/2.9.2/springfox-core-2.9.2.pom
2025-04-12 17:17:34,910 [Worker-27: Building] INFO  o.e.m.c.i.e.AbstractTransferListenerAdapter - Downloaded https://repo.maven.apache.org/maven2/io/springfox/springfox-core/2.9.2/springfox-core-2.9.2.pom
2025-04-12 17:17:34,925 [Worker-27: Building] INFO  o.e.m.c.i.e.AbstractTransferListenerAdapter - Downloading https://repo.maven.apache.org/maven2/com/google/guava/guava/20.0/guava-20.0.pom
2025-04-12 17:17:34,927 [Worker-27: Building] INFO  o.e.m.c.i.e.AbstractTransferListenerAdapter - Downloaded https://repo.maven.apache.org/maven2/com/google/guava/guava/20.0/guava-20.0.pom
2025-04-12 17:17:34,940 [Worker-27: Building] INFO  o.e.m.c.i.e.AbstractTransferListenerAdapter - Downloading https://repo.maven.apache.org/maven2/com/google/guava/guava-parent/20.0/guava-parent-20.0.pom
2025-04-12 17:17:34,944 [Worker-27: Building] INFO  o.e.m.c.i.e.AbstractTransferListenerAdapter - Downloaded https://repo.maven.apache.org/maven2/com/google/guava/guava-parent/20.0/guava-parent-20.0.pom
2025-04-12 17:17:34,960 [Worker-27: Building] INFO  o.e.m.c.i.e.AbstractTransferListenerAdapter - Downloading https://repo.maven.apache.org/maven2/org/springframework/plugin/spring-plugin-core/1.2.0.RELEASE/spring-plugin-core-1.2.0.RELEASE.pom
2025-04-12 17:17:34,962 [Worker-27: Building] INFO  o.e.m.c.i.e.AbstractTransferListenerAdapter - Downloaded https://repo.maven.apache.org/maven2/org/springframework/plugin/spring-plugin-core/1.2.0.RELEASE/spring-plugin-core-1.2.0.RELEASE.pom
2025-04-12 17:17:35,020 [Worker-27: Building] INFO  o.e.m.c.i.e.AbstractTransferListenerAdapter - Downloading https://repo.maven.apache.org/maven2/org/springframework/plugin/spring-plugin/1.2.0.RELEASE/spring-plugin-1.2.0.RELEASE.pom
2025-04-12 17:17:35,023 [Worker-27: Building] INFO  o.e.m.c.i.e.AbstractTransferListenerAdapter - Downloaded https://repo.maven.apache.org/maven2/org/springframework/plugin/spring-plugin/1.2.0.RELEASE/spring-plugin-1.2.0.RELEASE.pom
2025-04-12 17:17:35,040 [Worker-27: Building] INFO  o.e.m.c.i.e.AbstractTransferListenerAdapter - Downloading https://repo.maven.apache.org/maven2/org/springframework/plugin/spring-plugin-metadata/1.2.0.RELEASE/spring-plugin-metadata-1.2.0.RELEASE.pom
2025-04-12 17:17:35,042 [Worker-27: Building] INFO  o.e.m.c.i.e.AbstractTransferListenerAdapter - Downloaded https://repo.maven.apache.org/maven2/org/springframework/plugin/spring-plugin-metadata/1.2.0.RELEASE/spring-plugin-metadata-1.2.0.RELEASE.pom
2025-04-12 17:17:35,054 [Worker-27: Building] INFO  o.e.m.c.i.e.AbstractTransferListenerAdapter - Downloading https://repo.maven.apache.org/maven2/io/springfox/springfox-schema/2.9.2/springfox-schema-2.9.2.pom
2025-04-12 17:17:35,057 [Worker-27: Building] INFO  o.e.m.c.i.e.AbstractTransferListenerAdapter - Downloaded https://repo.maven.apache.org/maven2/io/springfox/springfox-schema/2.9.2/springfox-schema-2.9.2.pom
2025-04-12 17:17:35,071 [Worker-27: Building] INFO  o.e.m.c.i.e.AbstractTransferListenerAdapter - Downloading https://repo.maven.apache.org/maven2/io/springfox/springfox-swagger-common/2.9.2/springfox-swagger-common-2.9.2.pom
2025-04-12 17:17:35,074 [Worker-27: Building] INFO  o.e.m.c.i.e.AbstractTransferListenerAdapter - Downloaded https://repo.maven.apache.org/maven2/io/springfox/springfox-swagger-common/2.9.2/springfox-swagger-common-2.9.2.pom
2025-04-12 17:17:35,091 [Worker-27: Building] INFO  o.e.m.c.i.e.AbstractTransferListenerAdapter - Downloading https://repo.maven.apache.org/maven2/io/springfox/springfox-spring-web/2.9.2/springfox-spring-web-2.9.2.pom
2025-04-12 17:17:35,095 [Worker-27: Building] INFO  o.e.m.c.i.e.AbstractTransferListenerAdapter - Downloaded https://repo.maven.apache.org/maven2/io/springfox/springfox-spring-web/2.9.2/springfox-spring-web-2.9.2.pom
2025-04-12 17:17:35,149 [Worker-27: Building] INFO  o.e.m.c.i.e.AbstractTransferListenerAdapter - Downloading https://repo.maven.apache.org/maven2/org/mapstruct/mapstruct/1.2.0.Final/mapstruct-1.2.0.Final.pom
2025-04-12 17:17:35,155 [Worker-27: Building] INFO  o.e.m.c.i.e.AbstractTransferListenerAdapter - Downloaded https://repo.maven.apache.org/maven2/org/mapstruct/mapstruct/1.2.0.Final/mapstruct-1.2.0.Final.pom
2025-04-12 17:17:35,170 [Worker-27: Building] INFO  o.e.m.c.i.e.AbstractTransferListenerAdapter - Downloading https://repo.maven.apache.org/maven2/org/mapstruct/mapstruct-parent/1.2.0.Final/mapstruct-parent-1.2.0.Final.pom
2025-04-12 17:17:35,180 [Worker-27: Building] INFO  o.e.m.c.i.e.AbstractTransferListenerAdapter - Downloaded https://repo.maven.apache.org/maven2/org/mapstruct/mapstruct-parent/1.2.0.Final/mapstruct-parent-1.2.0.Final.pom
2025-04-12 17:17:35,226 [Worker-27: Building] INFO  o.e.m.c.i.e.AbstractTransferListenerAdapter - Downloading https://repo.maven.apache.org/maven2/org/jboss/arquillian/arquillian-bom/1.0.2.Final/arquillian-bom-1.0.2.Final.pom
2025-04-12 17:17:35,229 [Worker-27: Building] INFO  o.e.m.c.i.e.AbstractTransferListenerAdapter - Downloaded https://repo.maven.apache.org/maven2/org/jboss/arquillian/arquillian-bom/1.0.2.Final/arquillian-bom-1.0.2.Final.pom
2025-04-12 17:17:35,244 [Worker-27: Building] INFO  o.e.m.c.i.e.AbstractTransferListenerAdapter - Downloading https://repo.maven.apache.org/maven2/org/jboss/shrinkwrap/shrinkwrap-bom/1.0.1/shrinkwrap-bom-1.0.1.pom
2025-04-12 17:17:35,250 [Worker-27: Building] INFO  o.e.m.c.i.e.AbstractTransferListenerAdapter - Downloaded https://repo.maven.apache.org/maven2/org/jboss/shrinkwrap/shrinkwrap-bom/1.0.1/shrinkwrap-bom-1.0.1.pom
2025-04-12 17:17:35,263 [Worker-27: Building] INFO  o.e.m.c.i.e.AbstractTransferListenerAdapter - Downloading https://repo.maven.apache.org/maven2/org/jboss/shrinkwrap/resolver/shrinkwrap-resolver-bom/1.0.0-beta-7/shrinkwrap-resolver-bom-1.0.0-beta-7.pom
2025-04-12 17:17:35,266 [Worker-27: Building] INFO  o.e.m.c.i.e.AbstractTransferListenerAdapter - Downloaded https://repo.maven.apache.org/maven2/org/jboss/shrinkwrap/resolver/shrinkwrap-resolver-bom/1.0.0-beta-7/shrinkwrap-resolver-bom-1.0.0-beta-7.pom
2025-04-12 17:17:35,277 [Worker-27: Building] INFO  o.e.m.c.i.e.AbstractTransferListenerAdapter - Downloading https://repo.maven.apache.org/maven2/org/jboss/shrinkwrap/descriptors/shrinkwrap-descriptors-bom/2.0.0-alpha-3/shrinkwrap-descriptors-bom-2.0.0-alpha-3.pom
2025-04-12 17:17:35,279 [Worker-27: Building] INFO  o.e.m.c.i.e.AbstractTransferListenerAdapter - Downloaded https://repo.maven.apache.org/maven2/org/jboss/shrinkwrap/descriptors/shrinkwrap-descriptors-bom/2.0.0-alpha-3/shrinkwrap-descriptors-bom-2.0.0-alpha-3.pom
2025-04-12 17:17:35,293 [Worker-27: Building] INFO  o.e.m.c.i.e.AbstractTransferListenerAdapter - Downloading https://repo.maven.apache.org/maven2/io/springfox/springfox-swagger-ui/2.9.2/springfox-swagger-ui-2.9.2.pom
2025-04-12 17:17:35,296 [Worker-27: Building] INFO  o.e.m.c.i.e.AbstractTransferListenerAdapter - Downloaded https://repo.maven.apache.org/maven2/io/springfox/springfox-swagger-ui/2.9.2/springfox-swagger-ui-2.9.2.pom
2025-04-12 17:17:35,363 [Worker-27: Building] INFO  o.e.m.c.i.e.AbstractTransferListenerAdapter - Downloading https://repo.maven.apache.org/maven2/io/springfox/springfox-swagger2/2.9.2/springfox-swagger2-2.9.2.jar
2025-04-12 17:17:35,382 [Worker-27: Building] INFO  o.e.m.c.i.e.AbstractTransferListenerAdapter - Downloaded https://repo.maven.apache.org/maven2/io/springfox/springfox-swagger2/2.9.2/springfox-swagger2-2.9.2.jar
2025-04-12 17:17:35,399 [BasicRepositoryConnector-repo.maven.apache.org-1-0] INFO  o.e.m.c.i.e.AbstractTransferListenerAdapter - Downloading https://repo.maven.apache.org/maven2/io/swagger/swagger-annotations/1.5.20/swagger-annotations-1.5.20.jar
2025-04-12 17:17:35,404 [BasicRepositoryConnector-repo.maven.apache.org-1-0] INFO  o.e.m.c.i.e.AbstractTransferListenerAdapter - Downloaded https://repo.maven.apache.org/maven2/io/swagger/swagger-annotations/1.5.20/swagger-annotations-1.5.20.jar
2025-04-12 17:17:35,422 [BasicRepositoryConnector-repo.maven.apache.org-1-0] INFO  o.e.m.c.i.e.AbstractTransferListenerAdapter - Downloading https://repo.maven.apache.org/maven2/io/springfox/springfox-swagger-common/2.9.2/springfox-swagger-common-2.9.2.jar
2025-04-12 17:17:35,422 [BasicRepositoryConnector-repo.maven.apache.org-1-2] INFO  o.e.m.c.i.e.AbstractTransferListenerAdapter - Downloading https://repo.maven.apache.org/maven2/io/springfox/springfox-spi/2.9.2/springfox-spi-2.9.2.jar
2025-04-12 17:17:35,424 [BasicRepositoryConnector-repo.maven.apache.org-1-4] INFO  o.e.m.c.i.e.AbstractTransferListenerAdapter - Downloading https://repo.maven.apache.org/maven2/io/springfox/springfox-schema/2.9.2/springfox-schema-2.9.2.jar
2025-04-12 17:17:35,426 [BasicRepositoryConnector-repo.maven.apache.org-1-3] INFO  o.e.m.c.i.e.AbstractTransferListenerAdapter - Downloading https://repo.maven.apache.org/maven2/io/springfox/springfox-core/2.9.2/springfox-core-2.9.2.jar
2025-04-12 17:17:35,426 [BasicRepositoryConnector-repo.maven.apache.org-1-1] INFO  o.e.m.c.i.e.AbstractTransferListenerAdapter - Downloading https://repo.maven.apache.org/maven2/io/swagger/swagger-models/1.5.20/swagger-models-1.5.20.jar
2025-04-12 17:17:35,437 [BasicRepositoryConnector-repo.maven.apache.org-1-2] INFO  o.e.m.c.i.e.AbstractTransferListenerAdapter - Downloaded https://repo.maven.apache.org/maven2/io/springfox/springfox-spi/2.9.2/springfox-spi-2.9.2.jar
2025-04-12 17:17:35,437 [BasicRepositoryConnector-repo.maven.apache.org-1-0] INFO  o.e.m.c.i.e.AbstractTransferListenerAdapter - Downloaded https://repo.maven.apache.org/maven2/io/springfox/springfox-swagger-common/2.9.2/springfox-swagger-common-2.9.2.jar
2025-04-12 17:17:35,440 [BasicRepositoryConnector-repo.maven.apache.org-1-4] INFO  o.e.m.c.i.e.AbstractTransferListenerAdapter - Downloaded https://repo.maven.apache.org/maven2/io/springfox/springfox-schema/2.9.2/springfox-schema-2.9.2.jar
2025-04-12 17:17:35,447 [BasicRepositoryConnector-repo.maven.apache.org-1-2] INFO  o.e.m.c.i.e.AbstractTransferListenerAdapter - Downloading https://repo.maven.apache.org/maven2/io/springfox/springfox-spring-web/2.9.2/springfox-spring-web-2.9.2.jar
2025-04-12 17:17:35,448 [BasicRepositoryConnector-repo.maven.apache.org-1-4] INFO  o.e.m.c.i.e.AbstractTransferListenerAdapter - Downloading https://repo.maven.apache.org/maven2/org/springframework/plugin/spring-plugin-core/1.2.0.RELEASE/spring-plugin-core-1.2.0.RELEASE.jar
2025-04-12 17:17:35,449 [BasicRepositoryConnector-repo.maven.apache.org-1-3] INFO  o.e.m.c.i.e.AbstractTransferListenerAdapter - Downloaded https://repo.maven.apache.org/maven2/io/springfox/springfox-core/2.9.2/springfox-core-2.9.2.jar
2025-04-12 17:17:35,449 [BasicRepositoryConnector-repo.maven.apache.org-1-1] INFO  o.e.m.c.i.e.AbstractTransferListenerAdapter - Downloaded https://repo.maven.apache.org/maven2/io/swagger/swagger-models/1.5.20/swagger-models-1.5.20.jar
2025-04-12 17:17:35,452 [BasicRepositoryConnector-repo.maven.apache.org-1-4] INFO  o.e.m.c.i.e.AbstractTransferListenerAdapter - Downloaded https://repo.maven.apache.org/maven2/org/springframework/plugin/spring-plugin-core/1.2.0.RELEASE/spring-plugin-core-1.2.0.RELEASE.jar
2025-04-12 17:17:35,454 [BasicRepositoryConnector-repo.maven.apache.org-1-0] INFO  o.e.m.c.i.e.AbstractTransferListenerAdapter - Downloading https://repo.maven.apache.org/maven2/com/google/guava/guava/20.0/guava-20.0.jar
2025-04-12 17:17:35,461 [BasicRepositoryConnector-repo.maven.apache.org-1-3] INFO  o.e.m.c.i.e.AbstractTransferListenerAdapter - Downloading https://repo.maven.apache.org/maven2/org/springframework/plugin/spring-plugin-metadata/1.2.0.RELEASE/spring-plugin-metadata-1.2.0.RELEASE.jar
2025-04-12 17:17:35,461 [BasicRepositoryConnector-repo.maven.apache.org-1-1] INFO  o.e.m.c.i.e.AbstractTransferListenerAdapter - Downloading https://repo.maven.apache.org/maven2/org/mapstruct/mapstruct/1.2.0.Final/mapstruct-1.2.0.Final.jar
2025-04-12 17:17:35,463 [BasicRepositoryConnector-repo.maven.apache.org-1-3] INFO  o.e.m.c.i.e.AbstractTransferListenerAdapter - Downloaded https://repo.maven.apache.org/maven2/org/springframework/plugin/spring-plugin-metadata/1.2.0.RELEASE/spring-plugin-metadata-1.2.0.RELEASE.jar
2025-04-12 17:17:35,465 [BasicRepositoryConnector-repo.maven.apache.org-1-2] INFO  o.e.m.c.i.e.AbstractTransferListenerAdapter - Downloaded https://repo.maven.apache.org/maven2/io/springfox/springfox-spring-web/2.9.2/springfox-spring-web-2.9.2.jar
2025-04-12 17:17:35,465 [BasicRepositoryConnector-repo.maven.apache.org-1-1] INFO  o.e.m.c.i.e.AbstractTransferListenerAdapter - Downloaded https://repo.maven.apache.org/maven2/org/mapstruct/mapstruct/1.2.0.Final/mapstruct-1.2.0.Final.jar
2025-04-12 17:17:35,471 [BasicRepositoryConnector-repo.maven.apache.org-1-4] INFO  o.e.m.c.i.e.AbstractTransferListenerAdapter - Downloading https://repo.maven.apache.org/maven2/io/springfox/springfox-swagger-ui/2.9.2/springfox-swagger-ui-2.9.2.jar
2025-04-12 17:17:35,561 [BasicRepositoryConnector-repo.maven.apache.org-1-0] INFO  o.e.m.c.i.e.AbstractTransferListenerAdapter - Downloaded https://repo.maven.apache.org/maven2/com/google/guava/guava/20.0/guava-20.0.jar
2025-04-12 17:17:35,659 [BasicRepositoryConnector-repo.maven.apache.org-1-4] INFO  o.e.m.c.i.e.AbstractTransferListenerAdapter - Downloaded https://repo.maven.apache.org/maven2/io/springfox/springfox-swagger-ui/2.9.2/springfox-swagger-ui-2.9.2.jar
2025-04-12 17:17:35,765 [Worker-27: Building] ERROR o.e.m.c.i.URLConnectionCaches - Unexpected URLConnection defaultUseCaches enabled
2025-04-12 17:17:35,824 [Worker-27: Building] INFO  o.a.m.s.f.DefaultMavenResourcesFiltering - Copying 0 resource from src\main\resources to target\classes
2025-04-12 17:17:35,825 [Worker-27: Building] INFO  o.a.m.s.f.DefaultMavenResourcesFiltering - Copying 0 resource from src\main\resources to target\classes
2025-04-12 17:17:35,829 [Worker-27: Building] INFO  o.a.m.s.f.DefaultMavenResourcesFiltering - skip non existing resourceDirectory C:\Users\Rosmira\OneDrive\Documentos\PruebasBBVA\workspace\servicio-conversion-divisas\src\test\resources
2025-04-12 17:17:36,776 [Worker-38: Download sources and javadoc] INFO  o.e.m.c.i.e.AbstractTransferListenerAdapter - Downloading https://repo.maven.apache.org/maven2/io/springfox/springfox-swagger2/2.9.2/springfox-swagger2-2.9.2-sources.jar
2025-04-12 17:17:36,785 [Worker-38: Download sources and javadoc] INFO  o.e.m.c.i.e.AbstractTransferListenerAdapter - Downloaded https://repo.maven.apache.org/maven2/io/springfox/springfox-swagger2/2.9.2/springfox-swagger2-2.9.2-sources.jar
2025-04-12 17:17:36,787 [Worker-38: Download sources and javadoc] INFO  o.e.m.j.internal.DownloadSourcesJob - Downloaded sources for io.springfox:springfox-swagger2:2.9.2
2025-04-12 17:17:36,815 [Worker-38: Download sources and javadoc] INFO  o.e.m.c.i.e.AbstractTransferListenerAdapter - Downloading https://repo.maven.apache.org/maven2/io/swagger/swagger-annotations/1.5.20/swagger-annotations-1.5.20-sources.jar
2025-04-12 17:17:36,820 [Worker-38: Download sources and javadoc] INFO  o.e.m.c.i.e.AbstractTransferListenerAdapter - Downloaded https://repo.maven.apache.org/maven2/io/swagger/swagger-annotations/1.5.20/swagger-annotations-1.5.20-sources.jar
2025-04-12 17:17:36,823 [Worker-38: Download sources and javadoc] INFO  o.e.m.j.internal.DownloadSourcesJob - Downloaded sources for io.swagger:swagger-annotations:1.5.20
2025-04-12 17:17:36,854 [Worker-38: Download sources and javadoc] INFO  o.e.m.c.i.e.AbstractTransferListenerAdapter - Downloading https://repo.maven.apache.org/maven2/io/swagger/swagger-models/1.5.20/swagger-models-1.5.20-sources.jar
2025-04-12 17:17:36,864 [Worker-38: Download sources and javadoc] INFO  o.e.m.c.i.e.AbstractTransferListenerAdapter - Downloaded https://repo.maven.apache.org/maven2/io/swagger/swagger-models/1.5.20/swagger-models-1.5.20-sources.jar
2025-04-12 17:17:36,866 [Worker-38: Download sources and javadoc] INFO  o.e.m.j.internal.DownloadSourcesJob - Downloaded sources for io.swagger:swagger-models:1.5.20
2025-04-12 17:17:36,901 [Worker-38: Download sources and javadoc] INFO  o.e.m.c.i.e.AbstractTransferListenerAdapter - Downloading https://repo.maven.apache.org/maven2/io/springfox/springfox-spi/2.9.2/springfox-spi-2.9.2-sources.jar
2025-04-12 17:17:36,915 [Worker-38: Download sources and javadoc] INFO  o.e.m.c.i.e.AbstractTransferListenerAdapter - Downloaded https://repo.maven.apache.org/maven2/io/springfox/springfox-spi/2.9.2/springfox-spi-2.9.2-sources.jar
2025-04-12 17:17:36,920 [Worker-38: Download sources and javadoc] INFO  o.e.m.j.internal.DownloadSourcesJob - Downloaded sources for io.springfox:springfox-spi:2.9.2
2025-04-12 17:17:36,958 [Worker-38: Download sources and javadoc] INFO  o.e.m.c.i.e.AbstractTransferListenerAdapter - Downloading https://repo.maven.apache.org/maven2/io/springfox/springfox-core/2.9.2/springfox-core-2.9.2-sources.jar
2025-04-12 17:17:36,972 [Worker-38: Download sources and javadoc] INFO  o.e.m.c.i.e.AbstractTransferListenerAdapter - Downloaded https://repo.maven.apache.org/maven2/io/springfox/springfox-core/2.9.2/springfox-core-2.9.2-sources.jar
2025-04-12 17:17:36,974 [Worker-38: Download sources and javadoc] INFO  o.e.m.j.internal.DownloadSourcesJob - Downloaded sources for io.springfox:springfox-core:2.9.2
2025-04-12 17:17:37,014 [Worker-38: Download sources and javadoc] INFO  o.e.m.c.i.e.AbstractTransferListenerAdapter - Downloading https://repo.maven.apache.org/maven2/io/springfox/springfox-schema/2.9.2/springfox-schema-2.9.2-sources.jar
2025-04-12 17:17:37,027 [Worker-38: Download sources and javadoc] INFO  o.e.m.c.i.e.AbstractTransferListenerAdapter - Downloaded https://repo.maven.apache.org/maven2/io/springfox/springfox-schema/2.9.2/springfox-schema-2.9.2-sources.jar
2025-04-12 17:17:37,030 [Worker-38: Download sources and javadoc] INFO  o.e.m.j.internal.DownloadSourcesJob - Downloaded sources for io.springfox:springfox-schema:2.9.2
2025-04-12 17:17:37,061 [Worker-38: Download sources and javadoc] INFO  o.e.m.c.i.e.AbstractTransferListenerAdapter - Downloading https://repo.maven.apache.org/maven2/io/springfox/springfox-swagger-common/2.9.2/springfox-swagger-common-2.9.2-sources.jar
2025-04-12 17:17:37,069 [Worker-38: Download sources and javadoc] INFO  o.e.m.c.i.e.AbstractTransferListenerAdapter - Downloaded https://repo.maven.apache.org/maven2/io/springfox/springfox-swagger-common/2.9.2/springfox-swagger-common-2.9.2-sources.jar
2025-04-12 17:17:37,071 [Worker-38: Download sources and javadoc] INFO  o.e.m.j.internal.DownloadSourcesJob - Downloaded sources for io.springfox:springfox-swagger-common:2.9.2
2025-04-12 17:17:37,087 [Worker-36: Building] ERROR o.e.m.c.i.URLConnectionCaches - Unexpected URLConnection defaultUseCaches enabled
2025-04-12 17:17:37,090 [Worker-36: Building] INFO  o.a.m.s.f.DefaultMavenResourcesFiltering - Copying 1 resource from src\main\resources to target\classes
2025-04-12 17:17:37,100 [Worker-36: Building] INFO  o.a.m.s.f.DefaultMavenResourcesFiltering - Copying 2 resources from src\main\resources to target\classes
2025-04-12 17:17:37,104 [Worker-36: Building] INFO  o.a.m.s.f.DefaultMavenResourcesFiltering - skip non existing resourceDirectory C:\Users\Rosmira\OneDrive\Documentos\PruebasBBVA\workspace\servicio-conversion-divisas\src\test\resources
2025-04-12 17:17:37,123 [Worker-38: Download sources and javadoc] INFO  o.e.m.c.i.e.AbstractTransferListenerAdapter - Downloading https://repo.maven.apache.org/maven2/io/springfox/springfox-spring-web/2.9.2/springfox-spring-web-2.9.2-sources.jar
2025-04-12 17:17:37,139 [Worker-38: Download sources and javadoc] INFO  o.e.m.c.i.e.AbstractTransferListenerAdapter - Downloaded https://repo.maven.apache.org/maven2/io/springfox/springfox-spring-web/2.9.2/springfox-spring-web-2.9.2-sources.jar
2025-04-12 17:17:37,142 [Worker-38: Download sources and javadoc] INFO  o.e.m.j.internal.DownloadSourcesJob - Downloaded sources for io.springfox:springfox-spring-web:2.9.2
2025-04-12 17:17:37,250 [Worker-38: Download sources and javadoc] INFO  o.e.m.c.i.e.AbstractTransferListenerAdapter - Downloading https://repo.maven.apache.org/maven2/com/google/guava/guava/20.0/guava-20.0-sources.jar
2025-04-12 17:17:37,326 [Worker-38: Download sources and javadoc] INFO  o.e.m.c.i.e.AbstractTransferListenerAdapter - Downloaded https://repo.maven.apache.org/maven2/com/google/guava/guava/20.0/guava-20.0-sources.jar
2025-04-12 17:17:37,328 [Worker-38: Download sources and javadoc] INFO  o.e.m.j.internal.DownloadSourcesJob - Downloaded sources for com.google.guava:guava:20.0
2025-04-12 17:17:37,358 [Worker-38: Download sources and javadoc] INFO  o.e.m.c.i.e.AbstractTransferListenerAdapter - Downloading https://repo.maven.apache.org/maven2/org/springframework/plugin/spring-plugin-core/1.2.0.RELEASE/spring-plugin-core-1.2.0.RELEASE-sources.jar
2025-04-12 17:17:37,361 [Worker-38: Download sources and javadoc] INFO  o.e.m.c.i.e.AbstractTransferListenerAdapter - Downloaded https://repo.maven.apache.org/maven2/org/springframework/plugin/spring-plugin-core/1.2.0.RELEASE/spring-plugin-core-1.2.0.RELEASE-sources.jar
2025-04-12 17:17:37,363 [Worker-38: Download sources and javadoc] INFO  o.e.m.j.internal.DownloadSourcesJob - Downloaded sources for org.springframework.plugin:spring-plugin-core:1.2.0.RELEASE
2025-04-12 17:17:37,397 [Worker-38: Download sources and javadoc] INFO  o.e.m.c.i.e.AbstractTransferListenerAdapter - Downloading https://repo.maven.apache.org/maven2/org/springframework/plugin/spring-plugin-metadata/1.2.0.RELEASE/spring-plugin-metadata-1.2.0.RELEASE-sources.jar
2025-04-12 17:17:37,401 [Worker-38: Download sources and javadoc] INFO  o.e.m.c.i.e.AbstractTransferListenerAdapter - Downloaded https://repo.maven.apache.org/maven2/org/springframework/plugin/spring-plugin-metadata/1.2.0.RELEASE/spring-plugin-metadata-1.2.0.RELEASE-sources.jar
2025-04-12 17:17:37,404 [Worker-38: Download sources and javadoc] INFO  o.e.m.j.internal.DownloadSourcesJob - Downloaded sources for org.springframework.plugin:spring-plugin-metadata:1.2.0.RELEASE
2025-04-12 17:17:37,438 [Worker-38: Download sources and javadoc] INFO  o.e.m.c.i.e.AbstractTransferListenerAdapter - Downloading https://repo.maven.apache.org/maven2/org/mapstruct/mapstruct/1.2.0.Final/mapstruct-1.2.0.Final-sources.jar
2025-04-12 17:17:37,450 [Worker-38: Download sources and javadoc] INFO  o.e.m.c.i.e.AbstractTransferListenerAdapter - Downloaded https://repo.maven.apache.org/maven2/org/mapstruct/mapstruct/1.2.0.Final/mapstruct-1.2.0.Final-sources.jar
2025-04-12 17:17:37,453 [Worker-38: Download sources and javadoc] INFO  o.e.m.j.internal.DownloadSourcesJob - Downloaded sources for org.mapstruct:mapstruct:1.2.0.Final
2025-04-12 17:17:37,491 [Worker-38: Download sources and javadoc] INFO  o.e.m.c.i.e.AbstractTransferListenerAdapter - Downloading https://repo.maven.apache.org/maven2/io/springfox/springfox-swagger-ui/2.9.2/springfox-swagger-ui-2.9.2-sources.jar
2025-04-12 17:17:37,493 [Worker-38: Download sources and javadoc] INFO  o.e.m.c.i.e.AbstractTransferListenerAdapter - Downloaded https://repo.maven.apache.org/maven2/io/springfox/springfox-swagger-ui/2.9.2/springfox-swagger-ui-2.9.2-sources.jar
2025-04-12 17:17:37,495 [Worker-38: Download sources and javadoc] INFO  o.e.m.j.internal.DownloadSourcesJob - Downloaded sources for io.springfox:springfox-swagger-ui:2.9.2
2025-04-12 17:17:38,153 [Worker-31: Building] ERROR o.e.m.c.i.URLConnectionCaches - Unexpected URLConnection defaultUseCaches enabled
2025-04-12 17:17:57,495 [Worker-40: Building] ERROR o.e.m.c.i.URLConnectionCaches - Unexpected URLConnection defaultUseCaches enabled
2025-04-12 17:17:57,621 [Worker-40: Building] INFO  o.e.m.c.i.l.LifecycleMappingFactory - Using org.eclipse.m2e.jdt.JarLifecycleMapping lifecycle mapping for MavenProject: com.bbva.servicioconversiondivisas:servicio-conversion-divisas:0.0.1-SNAPSHOT @ C:\Users\Rosmira\OneDrive\Documentos\PruebasBBVA\workspace\servicio-conversion-divisas\pom.xml.
2025-04-12 17:17:57,864 [Worker-40: Building] ERROR o.e.m.c.i.URLConnectionCaches - Unexpected URLConnection defaultUseCaches enabled
2025-04-12 17:17:57,909 [Worker-40: Building] INFO  o.a.m.s.f.DefaultMavenResourcesFiltering - Copying 0 resource from src\main\resources to target\classes
2025-04-12 17:17:57,910 [Worker-40: Building] INFO  o.a.m.s.f.DefaultMavenResourcesFiltering - Copying 0 resource from src\main\resources to target\classes
2025-04-12 17:17:57,913 [Worker-40: Building] INFO  o.a.m.s.f.DefaultMavenResourcesFiltering - skip non existing resourceDirectory C:\Users\Rosmira\OneDrive\Documentos\PruebasBBVA\workspace\servicio-conversion-divisas\src\test\resources
2025-04-12 17:17:59,094 [Worker-31: Building] ERROR o.e.m.c.i.URLConnectionCaches - Unexpected URLConnection defaultUseCaches enabled
2025-04-12 17:17:59,096 [Worker-31: Building] INFO  o.a.m.s.f.DefaultMavenResourcesFiltering - Copying 1 resource from src\main\resources to target\classes
2025-04-12 17:17:59,107 [Worker-31: Building] INFO  o.a.m.s.f.DefaultMavenResourcesFiltering - Copying 2 resources from src\main\resources to target\classes
2025-04-12 17:17:59,111 [Worker-31: Building] INFO  o.a.m.s.f.DefaultMavenResourcesFiltering - skip non existing resourceDirectory C:\Users\Rosmira\OneDrive\Documentos\PruebasBBVA\workspace\servicio-conversion-divisas\src\test\resources
2025-04-12 17:22:19,523 [Worker-29: Building] ERROR o.e.m.c.i.URLConnectionCaches - Unexpected URLConnection defaultUseCaches enabled
2025-04-12 17:22:19,526 [Worker-29: Building] INFO  o.a.m.s.f.DefaultMavenResourcesFiltering - Copying 1 resource from src\main\resources to target\classes
2025-04-12 17:22:19,531 [Worker-29: Building] INFO  o.a.m.s.f.DefaultMavenResourcesFiltering - Copying 2 resources from src\main\resources to target\classes
2025-04-12 17:22:19,533 [Worker-29: Building] INFO  o.a.m.s.f.DefaultMavenResourcesFiltering - skip non existing resourceDirectory C:\Users\Rosmira\OneDrive\Documentos\PruebasBBVA\workspace\servicio-conversion-divisas\src\test\resources
2025-04-12 17:22:28,869 [Worker-33: Building] ERROR o.e.m.c.i.URLConnectionCaches - Unexpected URLConnection defaultUseCaches enabled
2025-04-12 17:22:28,872 [Worker-33: Building] INFO  o.a.m.s.f.DefaultMavenResourcesFiltering - Copying 1 resource from src\main\resources to target\classes
2025-04-12 17:22:28,875 [Worker-33: Building] INFO  o.a.m.s.f.DefaultMavenResourcesFiltering - Copying 2 resources from src\main\resources to target\classes
2025-04-12 17:22:28,876 [Worker-33: Building] INFO  o.a.m.s.f.DefaultMavenResourcesFiltering - skip non existing resourceDirectory C:\Users\Rosmira\OneDrive\Documentos\PruebasBBVA\workspace\servicio-conversion-divisas\src\test\resources
2025-04-12 17:27:29,769 [Worker-41: Building] ERROR o.e.m.c.i.URLConnectionCaches - Unexpected URLConnection defaultUseCaches enabled
2025-04-12 17:27:29,774 [Worker-41: Building] INFO  o.a.m.s.f.DefaultMavenResourcesFiltering - Copying 1 resource from src\main\resources to target\classes
2025-04-12 17:27:29,781 [Worker-41: Building] INFO  o.a.m.s.f.DefaultMavenResourcesFiltering - Copying 0 resource from src\main\resources to target\classes
2025-04-12 17:27:29,783 [Worker-41: Building] INFO  o.a.m.s.f.DefaultMavenResourcesFiltering - skip non existing resourceDirectory C:\Users\Rosmira\OneDrive\Documentos\PruebasBBVA\workspace\servicio-conversion-divisas\src\test\resources
2025-04-12 17:28:17,578 [Worker-35: Building] ERROR o.e.m.c.i.URLConnectionCaches - Unexpected URLConnection defaultUseCaches enabled
2025-04-12 17:28:17,585 [Worker-35: Building] INFO  o.a.m.s.f.DefaultMavenResourcesFiltering - Copying 1 resource from src\main\resources to target\classes
2025-04-12 17:28:17,592 [Worker-35: Building] INFO  o.a.m.s.f.DefaultMavenResourcesFiltering - Copying 0 resource from src\main\resources to target\classes
2025-04-12 17:28:17,594 [Worker-35: Building] INFO  o.a.m.s.f.DefaultMavenResourcesFiltering - skip non existing resourceDirectory C:\Users\Rosmira\OneDrive\Documentos\PruebasBBVA\workspace\servicio-conversion-divisas\src\test\resources
2025-04-12 17:28:36,945 [Worker-38: Building] ERROR o.e.m.c.i.URLConnectionCaches - Unexpected URLConnection defaultUseCaches enabled
2025-04-12 17:28:36,949 [Worker-38: Building] INFO  o.a.m.s.f.DefaultMavenResourcesFiltering - Copying 1 resource from src\main\resources to target\classes
2025-04-12 17:28:36,957 [Worker-38: Building] INFO  o.a.m.s.f.DefaultMavenResourcesFiltering - Copying 0 resource from src\main\resources to target\classes
2025-04-12 17:28:36,958 [Worker-38: Building] INFO  o.a.m.s.f.DefaultMavenResourcesFiltering - skip non existing resourceDirectory C:\Users\Rosmira\OneDrive\Documentos\PruebasBBVA\workspace\servicio-conversion-divisas\src\test\resources
2025-04-12 17:28:46,186 [Worker-41: Building] ERROR o.e.m.c.i.URLConnectionCaches - Unexpected URLConnection defaultUseCaches enabled
2025-04-12 17:28:46,190 [Worker-41: Building] INFO  o.a.m.s.f.DefaultMavenResourcesFiltering - Copying 1 resource from src\main\resources to target\classes
2025-04-12 17:28:46,204 [Worker-41: Building] INFO  o.a.m.s.f.DefaultMavenResourcesFiltering - Copying 0 resource from src\main\resources to target\classes
2025-04-12 17:28:46,206 [Worker-41: Building] INFO  o.a.m.s.f.DefaultMavenResourcesFiltering - skip non existing resourceDirectory C:\Users\Rosmira\OneDrive\Documentos\PruebasBBVA\workspace\servicio-conversion-divisas\src\test\resources
2025-04-12 17:30:15,605 [Worker-33: Building] ERROR o.e.m.c.i.URLConnectionCaches - Unexpected URLConnection defaultUseCaches enabled
2025-04-12 17:30:15,609 [Worker-33: Building] INFO  o.a.m.s.f.DefaultMavenResourcesFiltering - Copying 1 resource from src\main\resources to target\classes
2025-04-12 17:30:15,616 [Worker-33: Building] INFO  o.a.m.s.f.DefaultMavenResourcesFiltering - Copying 2 resources from src\main\resources to target\classes
2025-04-12 17:30:15,618 [Worker-33: Building] INFO  o.a.m.s.f.DefaultMavenResourcesFiltering - skip non existing resourceDirectory C:\Users\Rosmira\OneDrive\Documentos\PruebasBBVA\workspace\servicio-conversion-divisas\src\test\resources
2025-04-12 17:31:37,503 [Worker-40: Building] ERROR o.e.m.c.i.URLConnectionCaches - Unexpected URLConnection defaultUseCaches enabled
2025-04-12 17:31:37,564 [Worker-40: Building] INFO  o.a.m.s.f.DefaultMavenResourcesFiltering - Copying 1 resource from src\main\resources to target\classes
2025-04-12 17:31:37,577 [Worker-40: Building] INFO  o.a.m.s.f.DefaultMavenResourcesFiltering - Copying 0 resource from src\main\resources to target\classes
2025-04-12 17:31:37,580 [Worker-40: Building] INFO  o.a.m.s.f.DefaultMavenResourcesFiltering - skip non existing resourceDirectory C:\Users\Rosmira\OneDrive\Documentos\PruebasBBVA\workspace\servicio-autenticacion\src\test\resources
2025-04-12 17:32:46,604 [Worker-31: Building] ERROR o.e.m.c.i.URLConnectionCaches - Unexpected URLConnection defaultUseCaches enabled
2025-04-12 17:32:46,606 [Worker-31: Building] INFO  o.a.m.s.f.DefaultMavenResourcesFiltering - Copying 1 resource from src\main\resources to target\classes
2025-04-12 17:32:46,609 [Worker-31: Building] INFO  o.a.m.s.f.DefaultMavenResourcesFiltering - Copying 0 resource from src\main\resources to target\classes
2025-04-12 17:32:46,611 [Worker-31: Building] INFO  o.a.m.s.f.DefaultMavenResourcesFiltering - skip non existing resourceDirectory C:\Users\Rosmira\OneDrive\Documentos\PruebasBBVA\workspace\servicio-autenticacion\src\test\resources
2025-04-12 17:33:52,362 [Worker-38: Building] ERROR o.e.m.c.i.URLConnectionCaches - Unexpected URLConnection defaultUseCaches enabled
2025-04-12 17:33:52,365 [Worker-38: Building] INFO  o.a.m.s.f.DefaultMavenResourcesFiltering - Copying 1 resource from src\main\resources to target\classes
2025-04-12 17:33:52,368 [Worker-38: Building] INFO  o.a.m.s.f.DefaultMavenResourcesFiltering - Copying 0 resource from src\main\resources to target\classes
2025-04-12 17:33:52,370 [Worker-38: Building] INFO  o.a.m.s.f.DefaultMavenResourcesFiltering - skip non existing resourceDirectory C:\Users\Rosmira\OneDrive\Documentos\PruebasBBVA\workspace\servicio-autenticacion\src\test\resources
2025-04-12 17:33:54,629 [Worker-28: Building] ERROR o.e.m.c.i.URLConnectionCaches - Unexpected URLConnection defaultUseCaches enabled
2025-04-12 17:33:54,632 [Worker-28: Building] INFO  o.a.m.s.f.DefaultMavenResourcesFiltering - Copying 1 resource from src\main\resources to target\classes
2025-04-12 17:33:54,636 [Worker-28: Building] INFO  o.a.m.s.f.DefaultMavenResourcesFiltering - Copying 0 resource from src\main\resources to target\classes
2025-04-12 17:33:54,638 [Worker-28: Building] INFO  o.a.m.s.f.DefaultMavenResourcesFiltering - skip non existing resourceDirectory C:\Users\Rosmira\OneDrive\Documentos\PruebasBBVA\workspace\servicio-autenticacion\src\test\resources
2025-04-12 17:34:53,036 [Worker-28: Building] ERROR o.e.m.c.i.URLConnectionCaches - Unexpected URLConnection defaultUseCaches enabled
2025-04-12 17:34:53,041 [Worker-28: Building] INFO  o.a.m.s.f.DefaultMavenResourcesFiltering - Copying 1 resource from src\main\resources to target\classes
2025-04-12 17:34:53,048 [Worker-28: Building] INFO  o.a.m.s.f.DefaultMavenResourcesFiltering - Copying 0 resource from src\main\resources to target\classes
2025-04-12 17:34:53,050 [Worker-28: Building] INFO  o.a.m.s.f.DefaultMavenResourcesFiltering - skip non existing resourceDirectory C:\Users\Rosmira\OneDrive\Documentos\PruebasBBVA\workspace\servicio-autenticacion\src\test\resources
2025-04-12 17:34:59,753 [Worker-28: Building] ERROR o.e.m.c.i.URLConnectionCaches - Unexpected URLConnection defaultUseCaches enabled
2025-04-12 17:34:59,755 [Worker-28: Building] INFO  o.a.m.s.f.DefaultMavenResourcesFiltering - Copying 1 resource from src\main\resources to target\classes
2025-04-12 17:34:59,762 [Worker-28: Building] INFO  o.a.m.s.f.DefaultMavenResourcesFiltering - Copying 0 resource from src\main\resources to target\classes
2025-04-12 17:34:59,764 [Worker-28: Building] INFO  o.a.m.s.f.DefaultMavenResourcesFiltering - skip non existing resourceDirectory C:\Users\Rosmira\OneDrive\Documentos\PruebasBBVA\workspace\servicio-autenticacion\src\test\resources
2025-04-12 17:36:54,125 [Worker-35: Building] ERROR o.e.m.c.i.URLConnectionCaches - Unexpected URLConnection defaultUseCaches enabled
2025-04-12 17:36:54,128 [Worker-35: Building] INFO  o.a.m.s.f.DefaultMavenResourcesFiltering - Copying 1 resource from src\main\resources to target\classes
2025-04-12 17:36:54,133 [Worker-35: Building] INFO  o.a.m.s.f.DefaultMavenResourcesFiltering - Copying 0 resource from src\main\resources to target\classes
2025-04-12 17:36:54,134 [Worker-35: Building] INFO  o.a.m.s.f.DefaultMavenResourcesFiltering - skip non existing resourceDirectory C:\Users\Rosmira\OneDrive\Documentos\PruebasBBVA\workspace\servicio-autenticacion\src\test\resources
2025-04-12 17:37:41,915 [Worker-41: Building] ERROR o.e.m.c.i.URLConnectionCaches - Unexpected URLConnection defaultUseCaches enabled
2025-04-12 17:37:41,917 [Worker-41: Building] INFO  o.a.m.s.f.DefaultMavenResourcesFiltering - Copying 1 resource from src\main\resources to target\classes
2025-04-12 17:37:41,920 [Worker-41: Building] INFO  o.a.m.s.f.DefaultMavenResourcesFiltering - Copying 0 resource from src\main\resources to target\classes
2025-04-12 17:37:41,923 [Worker-41: Building] INFO  o.a.m.s.f.DefaultMavenResourcesFiltering - skip non existing resourceDirectory C:\Users\Rosmira\OneDrive\Documentos\PruebasBBVA\workspace\servicio-autenticacion\src\test\resources
2025-04-12 17:38:00,687 [Worker-40: Building] ERROR o.e.m.c.i.URLConnectionCaches - Unexpected URLConnection defaultUseCaches enabled
2025-04-12 17:38:00,690 [Worker-40: Building] INFO  o.a.m.s.f.DefaultMavenResourcesFiltering - Copying 1 resource from src\main\resources to target\classes
2025-04-12 17:38:00,693 [Worker-40: Building] INFO  o.a.m.s.f.DefaultMavenResourcesFiltering - Copying 0 resource from src\main\resources to target\classes
2025-04-12 17:38:00,694 [Worker-40: Building] INFO  o.a.m.s.f.DefaultMavenResourcesFiltering - skip non existing resourceDirectory C:\Users\Rosmira\OneDrive\Documentos\PruebasBBVA\workspace\servicio-autenticacion\src\test\resources
2025-04-12 17:41:22,919 [Worker-27: Building] ERROR o.e.m.c.i.URLConnectionCaches - Unexpected URLConnection defaultUseCaches enabled
2025-04-12 17:41:22,979 [Worker-27: Building] INFO  o.e.m.c.i.l.LifecycleMappingFactory - Using org.eclipse.m2e.jdt.JarLifecycleMapping lifecycle mapping for MavenProject: com.bbva.servicioconversiondivisas:servicio-conversion-divisas:0.0.1-SNAPSHOT @ C:\Users\Rosmira\OneDrive\Documentos\PruebasBBVA\workspace\servicio-conversion-divisas\pom.xml.
2025-04-12 17:41:23,416 [Worker-27: Building] ERROR o.e.m.c.i.URLConnectionCaches - Unexpected URLConnection defaultUseCaches enabled
2025-04-12 17:41:57,873 [Worker-27: Building] ERROR o.e.m.c.i.URLConnectionCaches - Unexpected URLConnection defaultUseCaches enabled
2025-04-12 17:41:57,879 [Worker-27: Building] ERROR o.e.m.c.i.p.r.ProjectRegistryManager - Could not read pom.xml
org.eclipse.core.runtime.CoreException: Could not read pom.xml
	at org.eclipse.m2e.core.internal.IMavenToolbox.readModel(IMavenToolbox.java:245)
	at org.eclipse.m2e.core.internal.project.registry.ProjectRegistryManager.refreshPhase2(ProjectRegistryManager.java:591)
	at org.eclipse.m2e.core.internal.project.registry.ProjectRegistryManager.refresh(ProjectRegistryManager.java:491)
	at org.eclipse.m2e.core.internal.project.registry.ProjectRegistryManager.refresh(ProjectRegistryManager.java:370)
	at org.eclipse.m2e.core.internal.project.registry.ProjectRegistryManager.refresh(ProjectRegistryManager.java:322)
	at org.eclipse.m2e.core.internal.builder.MavenBuilder$BuildMethod.getProjectFacade(MavenBuilder.java:146)
	at org.eclipse.m2e.core.internal.builder.MavenBuilder$BuildMethod.lambda$0(MavenBuilder.java:84)
	at org.eclipse.m2e.core.internal.embedder.MavenExecutionContext.executeBare(MavenExecutionContext.java:458)
	at org.eclipse.m2e.core.internal.embedder.MavenExecutionContext.execute(MavenExecutionContext.java:339)
	at org.eclipse.m2e.core.internal.embedder.MavenExecutionContext.execute(MavenExecutionContext.java:278)
	at org.eclipse.m2e.core.internal.builder.MavenBuilder$BuildMethod.execute(MavenBuilder.java:83)
	at org.eclipse.m2e.core.internal.builder.MavenBuilder.build(MavenBuilder.java:192)
	at org.eclipse.core.internal.events.BuildManager$2.run(BuildManager.java:1077)
	at org.eclipse.core.runtime.SafeRunner.run(SafeRunner.java:47)
	at org.eclipse.core.internal.events.BuildManager.basicBuild(BuildManager.java:296)
	at org.eclipse.core.internal.events.BuildManager.basicBuild(BuildManager.java:352)
	at org.eclipse.core.internal.events.BuildManager$1.run(BuildManager.java:441)
	at org.eclipse.core.runtime.SafeRunner.run(SafeRunner.java:47)
	at org.eclipse.core.internal.events.BuildManager.basicBuild(BuildManager.java:444)
	at org.eclipse.core.internal.events.BuildManager.basicBuildLoop(BuildManager.java:555)
	at org.eclipse.core.internal.events.BuildManager.basicBuildLoop(BuildManager.java:503)
	at org.eclipse.core.internal.events.BuildManager.build(BuildManager.java:585)
	at org.eclipse.core.internal.events.AutoBuildJob.doBuild(AutoBuildJob.java:207)
	at org.eclipse.core.internal.events.AutoBuildJob.run(AutoBuildJob.java:300)
	at org.eclipse.core.internal.jobs.Worker.run(Worker.java:63)
Caused by: org.apache.maven.model.io.ModelParseException: end tag name </dependency> must match start tag name <dependencies> from line 32 (position: TEXT seen ...</dependency>\r\n\t\t</dependency>... @62:16) 
	at org.apache.maven.model.io.DefaultModelReader.read(DefaultModelReader.java:96)
	at org.apache.maven.model.io.DefaultModelReader.read(DefaultModelReader.java:74)
	at org.eclipse.m2e.core.internal.IMavenToolbox.readModel(IMavenToolbox.java:243)
	... 24 common frames omitted
Caused by: org.codehaus.plexus.util.xml.pull.XmlPullParserException: end tag name </dependency> must match start tag name <dependencies> from line 32 (position: TEXT seen ...</dependency>\r\n\t\t</dependency>... @62:16) 
	at org.codehaus.plexus.util.xml.pull.MXParser.parseEndTag(MXParser.java:2151)
	at org.codehaus.plexus.util.xml.pull.MXParser.nextImpl(MXParser.java:1418)
	at org.codehaus.plexus.util.xml.pull.MXParser.next(MXParser.java:1375)
	at org.codehaus.plexus.util.xml.pull.MXParser.nextTag(MXParser.java:1360)
	at org.apache.maven.model.io.xpp3.MavenXpp3Reader.parseModel(MavenXpp3Reader.java:2317)
	at org.apache.maven.model.io.xpp3.MavenXpp3Reader.read(MavenXpp3Reader.java:623)
	at org.apache.maven.model.io.xpp3.MavenXpp3Reader.read(MavenXpp3Reader.java:654)
	at org.apache.maven.model.io.DefaultModelReader.read(DefaultModelReader.java:93)
	... 26 common frames omitted
2025-04-12 17:41:59,140 [Worker-31: Building] ERROR o.e.m.c.i.URLConnectionCaches - Unexpected URLConnection defaultUseCaches enabled
2025-04-12 17:41:59,144 [Worker-31: Building] ERROR o.e.m.c.i.p.r.ProjectRegistryManager - Could not read pom.xml
org.eclipse.core.runtime.CoreException: Could not read pom.xml
	at org.eclipse.m2e.core.internal.IMavenToolbox.readModel(IMavenToolbox.java:245)
	at org.eclipse.m2e.core.internal.project.registry.ProjectRegistryManager.refreshPhase2(ProjectRegistryManager.java:591)
	at org.eclipse.m2e.core.internal.project.registry.ProjectRegistryManager.refresh(ProjectRegistryManager.java:491)
	at org.eclipse.m2e.core.internal.project.registry.ProjectRegistryManager.refresh(ProjectRegistryManager.java:370)
	at org.eclipse.m2e.core.internal.project.registry.ProjectRegistryManager.refresh(ProjectRegistryManager.java:322)
	at org.eclipse.m2e.core.internal.builder.MavenBuilder$BuildMethod.getProjectFacade(MavenBuilder.java:146)
	at org.eclipse.m2e.core.internal.builder.MavenBuilder$BuildMethod.lambda$0(MavenBuilder.java:84)
	at org.eclipse.m2e.core.internal.embedder.MavenExecutionContext.executeBare(MavenExecutionContext.java:458)
	at org.eclipse.m2e.core.internal.embedder.MavenExecutionContext.execute(MavenExecutionContext.java:339)
	at org.eclipse.m2e.core.internal.embedder.MavenExecutionContext.execute(MavenExecutionContext.java:278)
	at org.eclipse.m2e.core.internal.builder.MavenBuilder$BuildMethod.execute(MavenBuilder.java:83)
	at org.eclipse.m2e.core.internal.builder.MavenBuilder.build(MavenBuilder.java:192)
	at org.eclipse.core.internal.events.BuildManager$2.run(BuildManager.java:1077)
	at org.eclipse.core.runtime.SafeRunner.run(SafeRunner.java:47)
	at org.eclipse.core.internal.events.BuildManager.basicBuild(BuildManager.java:296)
	at org.eclipse.core.internal.events.BuildManager.basicBuild(BuildManager.java:352)
	at org.eclipse.core.internal.events.BuildManager$1.run(BuildManager.java:441)
	at org.eclipse.core.runtime.SafeRunner.run(SafeRunner.java:47)
	at org.eclipse.core.internal.events.BuildManager.basicBuild(BuildManager.java:444)
	at org.eclipse.core.internal.events.BuildManager.basicBuildLoop(BuildManager.java:555)
	at org.eclipse.core.internal.events.BuildManager.basicBuildLoop(BuildManager.java:503)
	at org.eclipse.core.internal.events.BuildManager.build(BuildManager.java:585)
	at org.eclipse.core.internal.events.AutoBuildJob.doBuild(AutoBuildJob.java:207)
	at org.eclipse.core.internal.events.AutoBuildJob.run(AutoBuildJob.java:300)
	at org.eclipse.core.internal.jobs.Worker.run(Worker.java:63)
Caused by: org.apache.maven.model.io.ModelParseException: end tag name </dependency> must match start tag name <dependencies> from line 32 (position: TEXT seen ...</dependency>\r\n\t\t</dependency>... @62:16) 
	at org.apache.maven.model.io.DefaultModelReader.read(DefaultModelReader.java:96)
	at org.apache.maven.model.io.DefaultModelReader.read(DefaultModelReader.java:74)
	at org.eclipse.m2e.core.internal.IMavenToolbox.readModel(IMavenToolbox.java:243)
	... 24 common frames omitted
Caused by: org.codehaus.plexus.util.xml.pull.XmlPullParserException: end tag name </dependency> must match start tag name <dependencies> from line 32 (position: TEXT seen ...</dependency>\r\n\t\t</dependency>... @62:16) 
	at org.codehaus.plexus.util.xml.pull.MXParser.parseEndTag(MXParser.java:2151)
	at org.codehaus.plexus.util.xml.pull.MXParser.nextImpl(MXParser.java:1418)
	at org.codehaus.plexus.util.xml.pull.MXParser.next(MXParser.java:1375)
	at org.codehaus.plexus.util.xml.pull.MXParser.nextTag(MXParser.java:1360)
	at org.apache.maven.model.io.xpp3.MavenXpp3Reader.parseModel(MavenXpp3Reader.java:2317)
	at org.apache.maven.model.io.xpp3.MavenXpp3Reader.read(MavenXpp3Reader.java:623)
	at org.apache.maven.model.io.xpp3.MavenXpp3Reader.read(MavenXpp3Reader.java:654)
	at org.apache.maven.model.io.DefaultModelReader.read(DefaultModelReader.java:93)
	... 26 common frames omitted
2025-04-12 17:42:06,148 [Worker-36: reload maven project] INFO  o.e.m.c.i.e.AbstractTransferListenerAdapter - Downloaded https://repo.maven.apache.org/maven2/org/springframework/plugin/spring-plugin-core/2.0.0/spring-plugin-core-2.0.0.pom
2025-04-12 17:42:06,150 [Worker-36: reload maven project] WARN  o.e.m.c.i.embedder.EclipseLogger - The POM for org.springframework.plugin:spring-plugin-core:jar:2.0.0 is missing, no dependency information available
2025-04-12 17:42:06,367 [Worker-36: reload maven project] INFO  o.e.m.c.i.e.AbstractTransferListenerAdapter - Downloaded https://repo.maven.apache.org/maven2/org/springframework/plugin/spring-plugin-core/2.0.0/spring-plugin-core-2.0.0.jar
2025-04-12 17:42:06,549 [Worker-36: reload maven project] WARN  o.e.m.c.i.embedder.EclipseLogger - The POM for org.springframework.plugin:spring-plugin-core:jar:2.0.0 is missing, no dependency information available
2025-04-12 17:42:06,699 [Worker-33: Building] ERROR o.e.m.c.i.URLConnectionCaches - Unexpected URLConnection defaultUseCaches enabled
2025-04-12 17:42:06,814 [Worker-33: Building] INFO  o.e.m.c.i.l.LifecycleMappingFactory - Using org.eclipse.m2e.jdt.JarLifecycleMapping lifecycle mapping for MavenProject: com.bbva.servicioconversiondivisas:servicio-conversion-divisas:0.0.1-SNAPSHOT @ C:\Users\Rosmira\OneDrive\Documentos\PruebasBBVA\workspace\servicio-conversion-divisas\pom.xml.
2025-04-12 17:42:06,866 [Worker-33: Building] WARN  o.e.m.c.i.embedder.EclipseLogger - The POM for org.springframework.plugin:spring-plugin-core:jar:2.0.0 is missing, no dependency information available
2025-04-12 17:42:07,124 [Worker-33: Building] ERROR o.e.m.c.i.URLConnectionCaches - Unexpected URLConnection defaultUseCaches enabled
2025-04-12 17:42:07,183 [Worker-33: Building] INFO  o.a.m.s.f.DefaultMavenResourcesFiltering - Copying 1 resource from src\main\resources to target\classes
2025-04-12 17:42:07,197 [Worker-33: Building] INFO  o.a.m.s.f.DefaultMavenResourcesFiltering - Copying 2 resources from src\main\resources to target\classes
2025-04-12 17:42:07,201 [Worker-33: Building] INFO  o.a.m.s.f.DefaultMavenResourcesFiltering - skip non existing resourceDirectory C:\Users\Rosmira\OneDrive\Documentos\PruebasBBVA\workspace\servicio-conversion-divisas\src\test\resources
2025-04-12 17:42:08,291 [Worker-32: Download sources and javadoc] INFO  o.e.m.c.i.e.AbstractTransferListenerAdapter - Downloaded https://repo.maven.apache.org/maven2/org/springframework/plugin/spring-plugin-core/2.0.0/spring-plugin-core-2.0.0-sources.jar
2025-04-12 17:42:08,295 [Worker-32: Download sources and javadoc] ERROR o.e.m.j.internal.DownloadSourcesJob - Could not download sources for org.springframework.plugin:spring-plugin-core:2.0.0
org.eclipse.core.runtime.CoreException: Could not resolve artifact org.springframework.plugin:spring-plugin-core:jar:sources:2.0.0
	at org.eclipse.m2e.core.internal.embedder.MavenImpl.lambda$7(MavenImpl.java:540)
	at org.eclipse.m2e.core.internal.embedder.MavenExecutionContext.executeBare(MavenExecutionContext.java:458)
	at org.eclipse.m2e.core.internal.embedder.MavenExecutionContext.execute(MavenExecutionContext.java:292)
	at org.eclipse.m2e.core.internal.embedder.MavenExecutionContext.execute(MavenExecutionContext.java:278)
	at org.eclipse.m2e.core.internal.embedder.MavenImpl.resolve(MavenImpl.java:509)
	at org.eclipse.m2e.core.internal.embedder.MavenImpl.resolve(MavenImpl.java:494)
	at org.eclipse.m2e.jdt.internal.DownloadSourcesJob.download(DownloadSourcesJob.java:308)
	at org.eclipse.m2e.jdt.internal.DownloadSourcesJob.downloadAttachments(DownloadSourcesJob.java:282)
	at org.eclipse.m2e.jdt.internal.DownloadSourcesJob.downloadMaven(DownloadSourcesJob.java:252)
	at org.eclipse.m2e.jdt.internal.DownloadSourcesJob.downloadFilesAndPopulateToUpdate(DownloadSourcesJob.java:220)
	at org.eclipse.m2e.jdt.internal.DownloadSourcesJob.lambda$0(DownloadSourcesJob.java:149)
	at org.eclipse.m2e.core.internal.embedder.MavenExecutionContext.executeBare(MavenExecutionContext.java:458)
	at org.eclipse.m2e.core.internal.embedder.MavenExecutionContext.execute(MavenExecutionContext.java:339)
	at org.eclipse.m2e.core.internal.embedder.MavenExecutionContext.execute(MavenExecutionContext.java:278)
	at org.eclipse.m2e.core.embedder.IMaven.execute(IMaven.java:300)
	at org.eclipse.m2e.jdt.internal.DownloadSourcesJob.run(DownloadSourcesJob.java:149)
	at org.eclipse.core.internal.jobs.Worker.run(Worker.java:63)
2025-04-12 17:43:05,266 [Worker-33: Building] ERROR o.e.m.c.i.URLConnectionCaches - Unexpected URLConnection defaultUseCaches enabled
2025-04-12 17:43:05,377 [Worker-33: Building] INFO  o.e.m.c.i.l.LifecycleMappingFactory - Using org.eclipse.m2e.jdt.JarLifecycleMapping lifecycle mapping for MavenProject: com.bbva.servicioconversiondivisas:servicio-conversion-divisas:0.0.1-SNAPSHOT @ C:\Users\Rosmira\OneDrive\Documentos\PruebasBBVA\workspace\servicio-conversion-divisas\pom.xml.
2025-04-12 17:43:05,606 [Worker-33: Building] ERROR o.e.m.c.i.URLConnectionCaches - Unexpected URLConnection defaultUseCaches enabled
2025-04-12 17:43:05,646 [Worker-33: Building] INFO  o.a.m.s.f.DefaultMavenResourcesFiltering - Copying 0 resource from src\main\resources to target\classes
2025-04-12 17:43:05,647 [Worker-33: Building] INFO  o.a.m.s.f.DefaultMavenResourcesFiltering - Copying 0 resource from src\main\resources to target\classes
2025-04-12 17:43:05,653 [Worker-33: Building] INFO  o.a.m.s.f.DefaultMavenResourcesFiltering - skip non existing resourceDirectory C:\Users\Rosmira\OneDrive\Documentos\PruebasBBVA\workspace\servicio-conversion-divisas\src\test\resources
2025-04-12 17:43:06,819 [Worker-29: Building] ERROR o.e.m.c.i.URLConnectionCaches - Unexpected URLConnection defaultUseCaches enabled
2025-04-12 17:43:06,822 [Worker-29: Building] INFO  o.a.m.s.f.DefaultMavenResourcesFiltering - Copying 1 resource from src\main\resources to target\classes
2025-04-12 17:43:06,836 [Worker-29: Building] INFO  o.a.m.s.f.DefaultMavenResourcesFiltering - Copying 2 resources from src\main\resources to target\classes
2025-04-12 17:43:06,839 [Worker-29: Building] INFO  o.a.m.s.f.DefaultMavenResourcesFiltering - skip non existing resourceDirectory C:\Users\Rosmira\OneDrive\Documentos\PruebasBBVA\workspace\servicio-conversion-divisas\src\test\resources
2025-04-12 17:43:50,576 [Worker-37: Building] ERROR o.e.m.c.i.URLConnectionCaches - Unexpected URLConnection defaultUseCaches enabled
2025-04-12 17:43:50,689 [Worker-37: Building] INFO  o.e.m.c.i.l.LifecycleMappingFactory - Using org.eclipse.m2e.jdt.JarLifecycleMapping lifecycle mapping for MavenProject: com.bbva.servicioconversiondivisas:servicio-conversion-divisas:0.0.1-SNAPSHOT @ C:\Users\Rosmira\OneDrive\Documentos\PruebasBBVA\workspace\servicio-conversion-divisas\pom.xml.
2025-04-12 17:43:50,915 [Worker-37: Building] ERROR o.e.m.c.i.URLConnectionCaches - Unexpected URLConnection defaultUseCaches enabled
2025-04-12 17:43:50,958 [Worker-37: Building] INFO  o.a.m.s.f.DefaultMavenResourcesFiltering - Copying 0 resource from src\main\resources to target\classes
2025-04-12 17:43:50,959 [Worker-37: Building] INFO  o.a.m.s.f.DefaultMavenResourcesFiltering - Copying 0 resource from src\main\resources to target\classes
2025-04-12 17:43:50,961 [Worker-37: Building] INFO  o.a.m.s.f.DefaultMavenResourcesFiltering - skip non existing resourceDirectory C:\Users\Rosmira\OneDrive\Documentos\PruebasBBVA\workspace\servicio-conversion-divisas\src\test\resources
2025-04-12 17:43:52,209 [Worker-35: Building] ERROR o.e.m.c.i.URLConnectionCaches - Unexpected URLConnection defaultUseCaches enabled
2025-04-12 17:43:52,211 [Worker-35: Building] INFO  o.a.m.s.f.DefaultMavenResourcesFiltering - Copying 1 resource from src\main\resources to target\classes
2025-04-12 17:43:52,226 [Worker-35: Building] INFO  o.a.m.s.f.DefaultMavenResourcesFiltering - Copying 2 resources from src\main\resources to target\classes
2025-04-12 17:43:52,230 [Worker-35: Building] INFO  o.a.m.s.f.DefaultMavenResourcesFiltering - skip non existing resourceDirectory C:\Users\Rosmira\OneDrive\Documentos\PruebasBBVA\workspace\servicio-conversion-divisas\src\test\resources
2025-04-12 17:44:30,316 [Worker-27: Building] ERROR o.e.m.c.i.URLConnectionCaches - Unexpected URLConnection defaultUseCaches enabled
2025-04-12 17:44:30,319 [Worker-27: Building] INFO  o.a.m.s.f.DefaultMavenResourcesFiltering - Copying 1 resource from src\main\resources to target\classes
2025-04-12 17:44:30,325 [Worker-27: Building] INFO  o.a.m.s.f.DefaultMavenResourcesFiltering - Copying 2 resources from src\main\resources to target\classes
2025-04-12 17:44:30,327 [Worker-27: Building] INFO  o.a.m.s.f.DefaultMavenResourcesFiltering - skip non existing resourceDirectory C:\Users\Rosmira\OneDrive\Documentos\PruebasBBVA\workspace\servicio-conversion-divisas\src\test\resources
2025-04-12 17:46:56,722 [Worker-27: Launching Executing test in C__Users_Rosmira_OneDrive_Documentos_PruebasBBVA_workspace_servicio-conversion-divisas] INFO  o.eclipse.m2e.core.internal.Bundles - getClasspathEntries(Bundle=org.eclipse.m2e.maven.runtime_3.9.900.20250220-2013 [361])
2025-04-12 17:46:56,722 [Worker-27: Launching Executing test in C__Users_Rosmira_OneDrive_Documentos_PruebasBBVA_workspace_servicio-conversion-divisas] INFO  o.eclipse.m2e.core.internal.Bundles - 	Entry: C:\Users\Rosmira\OneDrive\Documentos\CapacitacionSpring\sts-4.29.1.RELEASE\plugins\org.eclipse.m2e.maven.runtime_3.9.900.20250220-2013
2025-04-12 17:46:56,722 [Worker-27: Launching Executing test in C__Users_Rosmira_OneDrive_Documentos_PruebasBBVA_workspace_servicio-conversion-divisas] INFO  o.eclipse.m2e.core.internal.Bundles - 	Entry: C:\Users\Rosmira\OneDrive\Documentos\CapacitacionSpring\sts-4.29.1.RELEASE\plugins\org.eclipse.m2e.maven.runtime_3.9.900.20250220-2013\jars\aopalliance-1.0.jar
2025-04-12 17:46:56,722 [Worker-27: Launching Executing test in C__Users_Rosmira_OneDrive_Documentos_PruebasBBVA_workspace_servicio-conversion-divisas] INFO  o.eclipse.m2e.core.internal.Bundles - 	Entry: C:\Users\Rosmira\OneDrive\Documentos\CapacitacionSpring\sts-4.29.1.RELEASE\plugins\org.eclipse.m2e.maven.runtime_3.9.900.20250220-2013\jars\guice-5.1.0.jar
2025-04-12 17:46:56,723 [Worker-27: Launching Executing test in C__Users_Rosmira_OneDrive_Documentos_PruebasBBVA_workspace_servicio-conversion-divisas] INFO  o.eclipse.m2e.core.internal.Bundles - 	Entry: C:\Users\Rosmira\OneDrive\Documentos\CapacitacionSpring\sts-4.29.1.RELEASE\plugins\org.eclipse.m2e.maven.runtime_3.9.900.20250220-2013\jars\httpclient-4.5.14.jar
2025-04-12 17:46:56,723 [Worker-27: Launching Executing test in C__Users_Rosmira_OneDrive_Documentos_PruebasBBVA_workspace_servicio-conversion-divisas] INFO  o.eclipse.m2e.core.internal.Bundles - 	Entry: C:\Users\Rosmira\OneDrive\Documentos\CapacitacionSpring\sts-4.29.1.RELEASE\plugins\org.eclipse.m2e.maven.runtime_3.9.900.20250220-2013\jars\httpcore-4.4.16.jar
2025-04-12 17:46:56,723 [Worker-27: Launching Executing test in C__Users_Rosmira_OneDrive_Documentos_PruebasBBVA_workspace_servicio-conversion-divisas] INFO  o.eclipse.m2e.core.internal.Bundles - 	Entry: C:\Users\Rosmira\OneDrive\Documentos\CapacitacionSpring\sts-4.29.1.RELEASE\plugins\org.eclipse.m2e.maven.runtime_3.9.900.20250220-2013\jars\jansi-2.4.1.jar
2025-04-12 17:46:56,723 [Worker-27: Launching Executing test in C__Users_Rosmira_OneDrive_Documentos_PruebasBBVA_workspace_servicio-conversion-divisas] INFO  o.eclipse.m2e.core.internal.Bundles - 	Entry: C:\Users\Rosmira\OneDrive\Documentos\CapacitacionSpring\sts-4.29.1.RELEASE\plugins\org.eclipse.m2e.maven.runtime_3.9.900.20250220-2013\jars\jcl-over-slf4j-1.7.36.jar
2025-04-12 17:46:56,723 [Worker-27: Launching Executing test in C__Users_Rosmira_OneDrive_Documentos_PruebasBBVA_workspace_servicio-conversion-divisas] INFO  o.eclipse.m2e.core.internal.Bundles - 	Entry: C:\Users\Rosmira\OneDrive\Documentos\CapacitacionSpring\sts-4.29.1.RELEASE\plugins\org.eclipse.m2e.maven.runtime_3.9.900.20250220-2013\jars\maven-artifact-3.9.9.jar
2025-04-12 17:46:56,723 [Worker-27: Launching Executing test in C__Users_Rosmira_OneDrive_Documentos_PruebasBBVA_workspace_servicio-conversion-divisas] INFO  o.eclipse.m2e.core.internal.Bundles - 	Entry: C:\Users\Rosmira\OneDrive\Documentos\CapacitacionSpring\sts-4.29.1.RELEASE\plugins\org.eclipse.m2e.maven.runtime_3.9.900.20250220-2013\jars\maven-builder-support-3.9.9.jar
2025-04-12 17:46:56,723 [Worker-27: Launching Executing test in C__Users_Rosmira_OneDrive_Documentos_PruebasBBVA_workspace_servicio-conversion-divisas] INFO  o.eclipse.m2e.core.internal.Bundles - 	Entry: C:\Users\Rosmira\OneDrive\Documentos\CapacitacionSpring\sts-4.29.1.RELEASE\plugins\org.eclipse.m2e.maven.runtime_3.9.900.20250220-2013\jars\maven-compat-3.9.9.jar
2025-04-12 17:46:56,723 [Worker-27: Launching Executing test in C__Users_Rosmira_OneDrive_Documentos_PruebasBBVA_workspace_servicio-conversion-divisas] INFO  o.eclipse.m2e.core.internal.Bundles - 	Entry: C:\Users\Rosmira\OneDrive\Documentos\CapacitacionSpring\sts-4.29.1.RELEASE\plugins\org.eclipse.m2e.maven.runtime_3.9.900.20250220-2013\jars\maven-core-3.9.9.jar
2025-04-12 17:46:56,723 [Worker-27: Launching Executing test in C__Users_Rosmira_OneDrive_Documentos_PruebasBBVA_workspace_servicio-conversion-divisas] INFO  o.eclipse.m2e.core.internal.Bundles - 	Entry: C:\Users\Rosmira\OneDrive\Documentos\CapacitacionSpring\sts-4.29.1.RELEASE\plugins\org.eclipse.m2e.maven.runtime_3.9.900.20250220-2013\jars\maven-embedder-3.9.9.jar
2025-04-12 17:46:56,723 [Worker-27: Launching Executing test in C__Users_Rosmira_OneDrive_Documentos_PruebasBBVA_workspace_servicio-conversion-divisas] INFO  o.eclipse.m2e.core.internal.Bundles - 	Entry: C:\Users\Rosmira\OneDrive\Documentos\CapacitacionSpring\sts-4.29.1.RELEASE\plugins\org.eclipse.m2e.maven.runtime_3.9.900.20250220-2013\jars\maven-model-3.9.9.jar
2025-04-12 17:46:56,723 [Worker-27: Launching Executing test in C__Users_Rosmira_OneDrive_Documentos_PruebasBBVA_workspace_servicio-conversion-divisas] INFO  o.eclipse.m2e.core.internal.Bundles - 	Entry: C:\Users\Rosmira\OneDrive\Documentos\CapacitacionSpring\sts-4.29.1.RELEASE\plugins\org.eclipse.m2e.maven.runtime_3.9.900.20250220-2013\jars\maven-model-builder-3.9.9.jar
2025-04-12 17:46:56,723 [Worker-27: Launching Executing test in C__Users_Rosmira_OneDrive_Documentos_PruebasBBVA_workspace_servicio-conversion-divisas] INFO  o.eclipse.m2e.core.internal.Bundles - 	Entry: C:\Users\Rosmira\OneDrive\Documentos\CapacitacionSpring\sts-4.29.1.RELEASE\plugins\org.eclipse.m2e.maven.runtime_3.9.900.20250220-2013\jars\maven-plugin-api-3.9.9.jar
2025-04-12 17:46:56,723 [Worker-27: Launching Executing test in C__Users_Rosmira_OneDrive_Documentos_PruebasBBVA_workspace_servicio-conversion-divisas] INFO  o.eclipse.m2e.core.internal.Bundles - 	Entry: C:\Users\Rosmira\OneDrive\Documentos\CapacitacionSpring\sts-4.29.1.RELEASE\plugins\org.eclipse.m2e.maven.runtime_3.9.900.20250220-2013\jars\maven-repository-metadata-3.9.9.jar
2025-04-12 17:46:56,723 [Worker-27: Launching Executing test in C__Users_Rosmira_OneDrive_Documentos_PruebasBBVA_workspace_servicio-conversion-divisas] INFO  o.eclipse.m2e.core.internal.Bundles - 	Entry: C:\Users\Rosmira\OneDrive\Documentos\CapacitacionSpring\sts-4.29.1.RELEASE\plugins\org.eclipse.m2e.maven.runtime_3.9.900.20250220-2013\jars\maven-resolver-api-1.9.22.jar
2025-04-12 17:46:56,724 [Worker-27: Launching Executing test in C__Users_Rosmira_OneDrive_Documentos_PruebasBBVA_workspace_servicio-conversion-divisas] INFO  o.eclipse.m2e.core.internal.Bundles - 	Entry: C:\Users\Rosmira\OneDrive\Documentos\CapacitacionSpring\sts-4.29.1.RELEASE\plugins\org.eclipse.m2e.maven.runtime_3.9.900.20250220-2013\jars\maven-resolver-connector-basic-1.9.22.jar
2025-04-12 17:46:56,724 [Worker-27: Launching Executing test in C__Users_Rosmira_OneDrive_Documentos_PruebasBBVA_workspace_servicio-conversion-divisas] INFO  o.eclipse.m2e.core.internal.Bundles - 	Entry: C:\Users\Rosmira\OneDrive\Documentos\CapacitacionSpring\sts-4.29.1.RELEASE\plugins\org.eclipse.m2e.maven.runtime_3.9.900.20250220-2013\jars\maven-resolver-impl-1.9.22.jar
2025-04-12 17:46:56,724 [Worker-27: Launching Executing test in C__Users_Rosmira_OneDrive_Documentos_PruebasBBVA_workspace_servicio-conversion-divisas] INFO  o.eclipse.m2e.core.internal.Bundles - 	Entry: C:\Users\Rosmira\OneDrive\Documentos\CapacitacionSpring\sts-4.29.1.RELEASE\plugins\org.eclipse.m2e.maven.runtime_3.9.900.20250220-2013\jars\maven-resolver-named-locks-1.9.22.jar
2025-04-12 17:46:56,724 [Worker-27: Launching Executing test in C__Users_Rosmira_OneDrive_Documentos_PruebasBBVA_workspace_servicio-conversion-divisas] INFO  o.eclipse.m2e.core.internal.Bundles - 	Entry: C:\Users\Rosmira\OneDrive\Documentos\CapacitacionSpring\sts-4.29.1.RELEASE\plugins\org.eclipse.m2e.maven.runtime_3.9.900.20250220-2013\jars\maven-resolver-provider-3.9.9.jar
2025-04-12 17:46:56,724 [Worker-27: Launching Executing test in C__Users_Rosmira_OneDrive_Documentos_PruebasBBVA_workspace_servicio-conversion-divisas] INFO  o.eclipse.m2e.core.internal.Bundles - 	Entry: C:\Users\Rosmira\OneDrive\Documentos\CapacitacionSpring\sts-4.29.1.RELEASE\plugins\org.eclipse.m2e.maven.runtime_3.9.900.20250220-2013\jars\maven-resolver-spi-1.9.22.jar
2025-04-12 17:46:56,724 [Worker-27: Launching Executing test in C__Users_Rosmira_OneDrive_Documentos_PruebasBBVA_workspace_servicio-conversion-divisas] INFO  o.eclipse.m2e.core.internal.Bundles - 	Entry: C:\Users\Rosmira\OneDrive\Documentos\CapacitacionSpring\sts-4.29.1.RELEASE\plugins\org.eclipse.m2e.maven.runtime_3.9.900.20250220-2013\jars\maven-resolver-transport-file-1.9.22.jar
2025-04-12 17:46:56,724 [Worker-27: Launching Executing test in C__Users_Rosmira_OneDrive_Documentos_PruebasBBVA_workspace_servicio-conversion-divisas] INFO  o.eclipse.m2e.core.internal.Bundles - 	Entry: C:\Users\Rosmira\OneDrive\Documentos\CapacitacionSpring\sts-4.29.1.RELEASE\plugins\org.eclipse.m2e.maven.runtime_3.9.900.20250220-2013\jars\maven-resolver-transport-http-1.9.22.jar
2025-04-12 17:46:56,724 [Worker-27: Launching Executing test in C__Users_Rosmira_OneDrive_Documentos_PruebasBBVA_workspace_servicio-conversion-divisas] INFO  o.eclipse.m2e.core.internal.Bundles - 	Entry: C:\Users\Rosmira\OneDrive\Documentos\CapacitacionSpring\sts-4.29.1.RELEASE\plugins\org.eclipse.m2e.maven.runtime_3.9.900.20250220-2013\jars\maven-resolver-transport-wagon-1.9.22.jar
2025-04-12 17:46:56,724 [Worker-27: Launching Executing test in C__Users_Rosmira_OneDrive_Documentos_PruebasBBVA_workspace_servicio-conversion-divisas] INFO  o.eclipse.m2e.core.internal.Bundles - 	Entry: C:\Users\Rosmira\OneDrive\Documentos\CapacitacionSpring\sts-4.29.1.RELEASE\plugins\org.eclipse.m2e.maven.runtime_3.9.900.20250220-2013\jars\maven-resolver-util-1.9.22.jar
2025-04-12 17:46:56,724 [Worker-27: Launching Executing test in C__Users_Rosmira_OneDrive_Documentos_PruebasBBVA_workspace_servicio-conversion-divisas] INFO  o.eclipse.m2e.core.internal.Bundles - 	Entry: C:\Users\Rosmira\OneDrive\Documentos\CapacitacionSpring\sts-4.29.1.RELEASE\plugins\org.eclipse.m2e.maven.runtime_3.9.900.20250220-2013\jars\maven-settings-3.9.9.jar
2025-04-12 17:46:56,724 [Worker-27: Launching Executing test in C__Users_Rosmira_OneDrive_Documentos_PruebasBBVA_workspace_servicio-conversion-divisas] INFO  o.eclipse.m2e.core.internal.Bundles - 	Entry: C:\Users\Rosmira\OneDrive\Documentos\CapacitacionSpring\sts-4.29.1.RELEASE\plugins\org.eclipse.m2e.maven.runtime_3.9.900.20250220-2013\jars\maven-settings-builder-3.9.9.jar
2025-04-12 17:46:56,724 [Worker-27: Launching Executing test in C__Users_Rosmira_OneDrive_Documentos_PruebasBBVA_workspace_servicio-conversion-divisas] INFO  o.eclipse.m2e.core.internal.Bundles - 	Entry: C:\Users\Rosmira\OneDrive\Documentos\CapacitacionSpring\sts-4.29.1.RELEASE\plugins\org.eclipse.m2e.maven.runtime_3.9.900.20250220-2013\jars\maven-shared-utils-3.4.2.jar
2025-04-12 17:46:56,724 [Worker-27: Launching Executing test in C__Users_Rosmira_OneDrive_Documentos_PruebasBBVA_workspace_servicio-conversion-divisas] INFO  o.eclipse.m2e.core.internal.Bundles - 	Entry: C:\Users\Rosmira\OneDrive\Documentos\CapacitacionSpring\sts-4.29.1.RELEASE\plugins\org.eclipse.m2e.maven.runtime_3.9.900.20250220-2013\jars\org.eclipse.sisu.inject-0.9.0.M3.jar
2025-04-12 17:46:56,724 [Worker-27: Launching Executing test in C__Users_Rosmira_OneDrive_Documentos_PruebasBBVA_workspace_servicio-conversion-divisas] INFO  o.eclipse.m2e.core.internal.Bundles - 	Entry: C:\Users\Rosmira\OneDrive\Documentos\CapacitacionSpring\sts-4.29.1.RELEASE\plugins\org.eclipse.m2e.maven.runtime_3.9.900.20250220-2013\jars\org.eclipse.sisu.plexus-0.9.0.M3.jar
2025-04-12 17:46:56,724 [Worker-27: Launching Executing test in C__Users_Rosmira_OneDrive_Documentos_PruebasBBVA_workspace_servicio-conversion-divisas] INFO  o.eclipse.m2e.core.internal.Bundles - 	Entry: C:\Users\Rosmira\OneDrive\Documentos\CapacitacionSpring\sts-4.29.1.RELEASE\plugins\org.eclipse.m2e.maven.runtime_3.9.900.20250220-2013\jars\plexus-build-api-0.0.7.jar
2025-04-12 17:46:56,724 [Worker-27: Launching Executing test in C__Users_Rosmira_OneDrive_Documentos_PruebasBBVA_workspace_servicio-conversion-divisas] INFO  o.eclipse.m2e.core.internal.Bundles - 	Entry: C:\Users\Rosmira\OneDrive\Documentos\CapacitacionSpring\sts-4.29.1.RELEASE\plugins\org.eclipse.m2e.maven.runtime_3.9.900.20250220-2013\jars\plexus-build-api-1.2.0.jar
2025-04-12 17:46:56,725 [Worker-27: Launching Executing test in C__Users_Rosmira_OneDrive_Documentos_PruebasBBVA_workspace_servicio-conversion-divisas] INFO  o.eclipse.m2e.core.internal.Bundles - 	Entry: C:\Users\Rosmira\OneDrive\Documentos\CapacitacionSpring\sts-4.29.1.RELEASE\plugins\org.eclipse.m2e.maven.runtime_3.9.900.20250220-2013\jars\plexus-cipher-2.0.jar
2025-04-12 17:46:56,725 [Worker-27: Launching Executing test in C__Users_Rosmira_OneDrive_Documentos_PruebasBBVA_workspace_servicio-conversion-divisas] INFO  o.eclipse.m2e.core.internal.Bundles - 	Entry: C:\Users\Rosmira\OneDrive\Documentos\CapacitacionSpring\sts-4.29.1.RELEASE\plugins\org.eclipse.m2e.maven.runtime_3.9.900.20250220-2013\jars\plexus-classworlds-2.8.0.jar
2025-04-12 17:46:56,725 [Worker-27: Launching Executing test in C__Users_Rosmira_OneDrive_Documentos_PruebasBBVA_workspace_servicio-conversion-divisas] INFO  o.eclipse.m2e.core.internal.Bundles - 	Entry: C:\Users\Rosmira\OneDrive\Documentos\CapacitacionSpring\sts-4.29.1.RELEASE\plugins\org.eclipse.m2e.maven.runtime_3.9.900.20250220-2013\jars\plexus-component-annotations-2.1.0.jar
2025-04-12 17:46:56,725 [Worker-27: Launching Executing test in C__Users_Rosmira_OneDrive_Documentos_PruebasBBVA_workspace_servicio-conversion-divisas] INFO  o.eclipse.m2e.core.internal.Bundles - 	Entry: C:\Users\Rosmira\OneDrive\Documentos\CapacitacionSpring\sts-4.29.1.RELEASE\plugins\org.eclipse.m2e.maven.runtime_3.9.900.20250220-2013\jars\plexus-interpolation-1.27.jar
2025-04-12 17:46:56,725 [Worker-27: Launching Executing test in C__Users_Rosmira_OneDrive_Documentos_PruebasBBVA_workspace_servicio-conversion-divisas] INFO  o.eclipse.m2e.core.internal.Bundles - 	Entry: C:\Users\Rosmira\OneDrive\Documentos\CapacitacionSpring\sts-4.29.1.RELEASE\plugins\org.eclipse.m2e.maven.runtime_3.9.900.20250220-2013\jars\plexus-sec-dispatcher-2.0.jar
2025-04-12 17:46:56,725 [Worker-27: Launching Executing test in C__Users_Rosmira_OneDrive_Documentos_PruebasBBVA_workspace_servicio-conversion-divisas] INFO  o.eclipse.m2e.core.internal.Bundles - 	Entry: C:\Users\Rosmira\OneDrive\Documentos\CapacitacionSpring\sts-4.29.1.RELEASE\plugins\org.eclipse.m2e.maven.runtime_3.9.900.20250220-2013\jars\plexus-utils-3.5.1.jar
2025-04-12 17:46:56,725 [Worker-27: Launching Executing test in C__Users_Rosmira_OneDrive_Documentos_PruebasBBVA_workspace_servicio-conversion-divisas] INFO  o.eclipse.m2e.core.internal.Bundles - 	Entry: C:\Users\Rosmira\OneDrive\Documentos\CapacitacionSpring\sts-4.29.1.RELEASE\plugins\org.eclipse.m2e.maven.runtime_3.9.900.20250220-2013\jars\plexus-xml-3.0.1.jar
2025-04-12 17:46:56,725 [Worker-27: Launching Executing test in C__Users_Rosmira_OneDrive_Documentos_PruebasBBVA_workspace_servicio-conversion-divisas] INFO  o.eclipse.m2e.core.internal.Bundles - 	Entry: C:\Users\Rosmira\OneDrive\Documentos\CapacitacionSpring\sts-4.29.1.RELEASE\plugins\org.eclipse.m2e.maven.runtime_3.9.900.20250220-2013\jars\wagon-file-3.5.3.jar
2025-04-12 17:46:56,725 [Worker-27: Launching Executing test in C__Users_Rosmira_OneDrive_Documentos_PruebasBBVA_workspace_servicio-conversion-divisas] INFO  o.eclipse.m2e.core.internal.Bundles - 	Entry: C:\Users\Rosmira\OneDrive\Documentos\CapacitacionSpring\sts-4.29.1.RELEASE\plugins\org.eclipse.m2e.maven.runtime_3.9.900.20250220-2013\jars\wagon-http-3.5.3.jar
2025-04-12 17:46:56,725 [Worker-27: Launching Executing test in C__Users_Rosmira_OneDrive_Documentos_PruebasBBVA_workspace_servicio-conversion-divisas] INFO  o.eclipse.m2e.core.internal.Bundles - 	Entry: C:\Users\Rosmira\OneDrive\Documentos\CapacitacionSpring\sts-4.29.1.RELEASE\plugins\org.eclipse.m2e.maven.runtime_3.9.900.20250220-2013\jars\wagon-http-shared-3.5.3.jar
2025-04-12 17:46:56,725 [Worker-27: Launching Executing test in C__Users_Rosmira_OneDrive_Documentos_PruebasBBVA_workspace_servicio-conversion-divisas] INFO  o.eclipse.m2e.core.internal.Bundles - 	Entry: C:\Users\Rosmira\OneDrive\Documentos\CapacitacionSpring\sts-4.29.1.RELEASE\plugins\org.eclipse.m2e.maven.runtime_3.9.900.20250220-2013\jars\wagon-provider-api-3.5.3.jar
2025-04-12 17:46:56,725 [Worker-27: Launching Executing test in C__Users_Rosmira_OneDrive_Documentos_PruebasBBVA_workspace_servicio-conversion-divisas] INFO  o.eclipse.m2e.core.internal.Bundles - getClasspathEntries(Bundle=com.google.guava_33.4.0.jre [29])
2025-04-12 17:46:56,726 [Worker-27: Launching Executing test in C__Users_Rosmira_OneDrive_Documentos_PruebasBBVA_workspace_servicio-conversion-divisas] INFO  o.eclipse.m2e.core.internal.Bundles - 	Entry: C:\Users\Rosmira\OneDrive\Documentos\CapacitacionSpring\sts-4.29.1.RELEASE\plugins\com.google.guava_33.4.0.jre.jar
2025-04-12 17:46:56,726 [Worker-27: Launching Executing test in C__Users_Rosmira_OneDrive_Documentos_PruebasBBVA_workspace_servicio-conversion-divisas] INFO  o.eclipse.m2e.core.internal.Bundles - getClasspathEntries(Bundle=slf4j.api_2.0.17 [608])
2025-04-12 17:46:56,726 [Worker-27: Launching Executing test in C__Users_Rosmira_OneDrive_Documentos_PruebasBBVA_workspace_servicio-conversion-divisas] INFO  o.eclipse.m2e.core.internal.Bundles - 	Entry: C:\Users\Rosmira\OneDrive\Documentos\CapacitacionSpring\sts-4.29.1.RELEASE\plugins\slf4j.api_2.0.17.jar
2025-04-12 17:46:56,726 [Worker-27: Launching Executing test in C__Users_Rosmira_OneDrive_Documentos_PruebasBBVA_workspace_servicio-conversion-divisas] INFO  o.eclipse.m2e.core.internal.Bundles - getClasspathEntries(Bundle=jakarta.inject.jakarta.inject-api_1.0.5 [45])
2025-04-12 17:46:56,726 [Worker-27: Launching Executing test in C__Users_Rosmira_OneDrive_Documentos_PruebasBBVA_workspace_servicio-conversion-divisas] INFO  o.eclipse.m2e.core.internal.Bundles - 	Entry: C:\Users\Rosmira\OneDrive\Documentos\CapacitacionSpring\sts-4.29.1.RELEASE\plugins\jakarta.inject.jakarta.inject-api_1.0.5.jar
2025-04-12 17:46:56,726 [Worker-27: Launching Executing test in C__Users_Rosmira_OneDrive_Documentos_PruebasBBVA_workspace_servicio-conversion-divisas] INFO  o.eclipse.m2e.core.internal.Bundles - getClasspathEntries(Bundle=jakarta.annotation-api_1.3.5 [41])
2025-04-12 17:46:56,726 [Worker-27: Launching Executing test in C__Users_Rosmira_OneDrive_Documentos_PruebasBBVA_workspace_servicio-conversion-divisas] INFO  o.eclipse.m2e.core.internal.Bundles - 	Entry: C:\Users\Rosmira\OneDrive\Documentos\CapacitacionSpring\sts-4.29.1.RELEASE\plugins\jakarta.annotation-api_1.3.5.jar
2025-04-12 17:46:56,726 [Worker-27: Launching Executing test in C__Users_Rosmira_OneDrive_Documentos_PruebasBBVA_workspace_servicio-conversion-divisas] INFO  o.eclipse.m2e.core.internal.Bundles - getClasspathEntries(Bundle=org.apache.commons.cli_1.9.0 [77])
2025-04-12 17:46:56,727 [Worker-27: Launching Executing test in C__Users_Rosmira_OneDrive_Documentos_PruebasBBVA_workspace_servicio-conversion-divisas] INFO  o.eclipse.m2e.core.internal.Bundles - 	Entry: C:\Users\Rosmira\OneDrive\Documentos\CapacitacionSpring\sts-4.29.1.RELEASE\plugins\org.apache.commons.cli_1.9.0.jar
2025-04-12 17:46:56,727 [Worker-27: Launching Executing test in C__Users_Rosmira_OneDrive_Documentos_PruebasBBVA_workspace_servicio-conversion-divisas] INFO  o.eclipse.m2e.core.internal.Bundles - getClasspathEntries(Bundle=org.apache.commons.commons-codec_1.16.0 [79])
2025-04-12 17:46:56,727 [Worker-27: Launching Executing test in C__Users_Rosmira_OneDrive_Documentos_PruebasBBVA_workspace_servicio-conversion-divisas] INFO  o.eclipse.m2e.core.internal.Bundles - 	Entry: C:\Users\Rosmira\OneDrive\Documentos\CapacitacionSpring\sts-4.29.1.RELEASE\plugins\org.apache.commons.commons-codec_1.16.0.jar
2025-04-12 17:46:56,727 [Worker-27: Launching Executing test in C__Users_Rosmira_OneDrive_Documentos_PruebasBBVA_workspace_servicio-conversion-divisas] INFO  o.eclipse.m2e.core.internal.Bundles - getClasspathEntries(Bundle=com.google.guava.failureaccess_1.0.2 [30])
2025-04-12 17:46:56,727 [Worker-27: Launching Executing test in C__Users_Rosmira_OneDrive_Documentos_PruebasBBVA_workspace_servicio-conversion-divisas] INFO  o.eclipse.m2e.core.internal.Bundles - 	Entry: C:\Users\Rosmira\OneDrive\Documentos\CapacitacionSpring\sts-4.29.1.RELEASE\plugins\com.google.guava.failureaccess_1.0.2.jar
2025-04-12 17:46:56,728 [Worker-27: Launching Executing test in C__Users_Rosmira_OneDrive_Documentos_PruebasBBVA_workspace_servicio-conversion-divisas] INFO  o.e.m.i.launch.MavenLaunchDelegate - Run build in "C:\Users\Rosmira\OneDrive\Documentos\PruebasBBVA\workspace\servicio-conversion-divisas":
2025-04-12 17:46:56,728 [Worker-27: Launching Executing test in C__Users_Rosmira_OneDrive_Documentos_PruebasBBVA_workspace_servicio-conversion-divisas] INFO  o.e.m.i.launch.MavenLaunchDelegate -  mvn  -Ppom.xml -B -Dstyle.color=always test
2025-04-12 17:47:16,525 [Worker-27: Building] ERROR o.e.m.c.i.URLConnectionCaches - Unexpected URLConnection defaultUseCaches enabled
2025-04-12 17:50:14,044 [Worker-35: Building] ERROR o.e.m.c.i.URLConnectionCaches - Unexpected URLConnection defaultUseCaches enabled
2025-04-12 17:50:14,048 [Worker-35: Building] INFO  o.a.m.s.f.DefaultMavenResourcesFiltering - Copying 1 resource from src\main\resources to target\classes
2025-04-12 17:50:14,053 [Worker-35: Building] INFO  o.a.m.s.f.DefaultMavenResourcesFiltering - Copying 2 resources from src\main\resources to target\classes
2025-04-12 17:50:14,055 [Worker-35: Building] INFO  o.a.m.s.f.DefaultMavenResourcesFiltering - skip non existing resourceDirectory C:\Users\Rosmira\OneDrive\Documentos\PruebasBBVA\workspace\servicio-conversion-divisas\src\test\resources
2025-04-13 13:19:11,609 [Worker-7: Loading available Gradle versions] INFO  o.e.b.c.i.u.g.PublishedGradleVersions - Gradle version information cache is out-of-date. Trying to update.
2025-04-13 13:20:12,295 [Worker-10: Building] ERROR o.e.m.c.i.URLConnectionCaches - Unexpected URLConnection defaultUseCaches enabled
2025-04-13 13:20:12,426 [Worker-10: Building] INFO  o.a.m.s.f.DefaultMavenResourcesFiltering - Copying 1 resource from src\main\resources to target\classes
2025-04-13 13:20:12,436 [Worker-10: Building] INFO  o.a.m.s.f.DefaultMavenResourcesFiltering - Copying 2 resources from src\main\resources to target\classes
2025-04-13 13:20:12,442 [Worker-10: Building] INFO  o.a.m.s.f.DefaultMavenResourcesFiltering - skip non existing resourceDirectory C:\Users\Rosmira\OneDrive\Documentos\PruebasBBVA\workspace\servicio-conversion-divisas\src\test\resources
2025-04-13 13:20:53,071 [Worker-9: Building] ERROR o.e.m.c.i.URLConnectionCaches - Unexpected URLConnection defaultUseCaches enabled
2025-04-13 13:20:53,496 [Worker-9: Building] INFO  o.e.m.c.i.l.LifecycleMappingFactory - Using org.eclipse.m2e.jdt.JarLifecycleMapping lifecycle mapping for MavenProject: com.bbva.servicioconversiondivisas:servicio-conversion-divisas:0.0.1-SNAPSHOT @ C:\Users\Rosmira\OneDrive\Documentos\PruebasBBVA\workspace\servicio-conversion-divisas\pom.xml.
2025-04-13 13:20:53,939 [Worker-9: Building] ERROR o.e.m.c.i.URLConnectionCaches - Unexpected URLConnection defaultUseCaches enabled
2025-04-13 13:20:53,995 [Worker-9: Building] INFO  o.a.m.s.f.DefaultMavenResourcesFiltering - Copying 0 resource from src\main\resources to target\classes
2025-04-13 13:20:53,996 [Worker-9: Building] INFO  o.a.m.s.f.DefaultMavenResourcesFiltering - Copying 0 resource from src\main\resources to target\classes
2025-04-13 13:20:54,002 [Worker-9: Building] INFO  o.a.m.s.f.DefaultMavenResourcesFiltering - skip non existing resourceDirectory C:\Users\Rosmira\OneDrive\Documentos\PruebasBBVA\workspace\servicio-conversion-divisas\src\test\resources
2025-04-13 13:20:55,774 [Worker-2: Building] ERROR o.e.m.c.i.URLConnectionCaches - Unexpected URLConnection defaultUseCaches enabled
2025-04-13 13:20:55,781 [Worker-2: Building] INFO  o.a.m.s.f.DefaultMavenResourcesFiltering - Copying 1 resource from src\main\resources to target\classes
2025-04-13 13:20:55,826 [Worker-2: Building] INFO  o.a.m.s.f.DefaultMavenResourcesFiltering - Copying 2 resources from src\main\resources to target\classes
2025-04-13 13:20:55,834 [Worker-2: Building] INFO  o.a.m.s.f.DefaultMavenResourcesFiltering - skip non existing resourceDirectory C:\Users\Rosmira\OneDrive\Documentos\PruebasBBVA\workspace\servicio-conversion-divisas\src\test\resources
2025-04-13 13:23:18,033 [Worker-14: Building] ERROR o.e.m.c.i.URLConnectionCaches - Unexpected URLConnection defaultUseCaches enabled
2025-04-13 13:23:18,037 [Worker-14: Building] INFO  o.a.m.s.f.DefaultMavenResourcesFiltering - Copying 1 resource from src\main\resources to target\classes
2025-04-13 13:23:18,043 [Worker-14: Building] INFO  o.a.m.s.f.DefaultMavenResourcesFiltering - Copying 0 resource from src\main\resources to target\classes
2025-04-13 13:23:18,046 [Worker-14: Building] INFO  o.a.m.s.f.DefaultMavenResourcesFiltering - skip non existing resourceDirectory C:\Users\Rosmira\OneDrive\Documentos\PruebasBBVA\workspace\servicio-conversion-divisas\src\test\resources
2025-04-13 13:23:38,800 [Worker-10: Building] ERROR o.e.m.c.i.URLConnectionCaches - Unexpected URLConnection defaultUseCaches enabled
2025-04-13 13:23:38,805 [Worker-10: Building] INFO  o.a.m.s.f.DefaultMavenResourcesFiltering - Copying 1 resource from src\main\resources to target\classes
2025-04-13 13:23:38,813 [Worker-10: Building] INFO  o.a.m.s.f.DefaultMavenResourcesFiltering - Copying 2 resources from src\main\resources to target\classes
2025-04-13 13:23:38,816 [Worker-10: Building] INFO  o.a.m.s.f.DefaultMavenResourcesFiltering - skip non existing resourceDirectory C:\Users\Rosmira\OneDrive\Documentos\PruebasBBVA\workspace\servicio-conversion-divisas\src\test\resources
2025-04-13 13:24:16,913 [Worker-13: Building] ERROR o.e.m.c.i.URLConnectionCaches - Unexpected URLConnection defaultUseCaches enabled
2025-04-13 13:24:16,920 [Worker-13: Building] INFO  o.a.m.s.f.DefaultMavenResourcesFiltering - Copying 1 resource from src\main\resources to target\classes
2025-04-13 13:24:16,924 [Worker-13: Building] INFO  o.a.m.s.f.DefaultMavenResourcesFiltering - Copying 2 resources from src\main\resources to target\classes
2025-04-13 13:24:16,928 [Worker-13: Building] INFO  o.a.m.s.f.DefaultMavenResourcesFiltering - skip non existing resourceDirectory C:\Users\Rosmira\OneDrive\Documentos\PruebasBBVA\workspace\servicio-conversion-divisas\src\test\resources
2025-04-13 13:24:45,927 [Worker-7: Building] ERROR o.e.m.c.i.URLConnectionCaches - Unexpected URLConnection defaultUseCaches enabled
2025-04-13 13:24:45,931 [Worker-7: Building] INFO  o.a.m.s.f.DefaultMavenResourcesFiltering - Copying 1 resource from src\main\resources to target\classes
2025-04-13 13:24:45,940 [Worker-7: Building] INFO  o.a.m.s.f.DefaultMavenResourcesFiltering - Copying 0 resource from src\main\resources to target\classes
2025-04-13 13:24:45,942 [Worker-7: Building] INFO  o.a.m.s.f.DefaultMavenResourcesFiltering - skip non existing resourceDirectory C:\Users\Rosmira\OneDrive\Documentos\PruebasBBVA\workspace\servicio-conversion-divisas\src\test\resources
2025-04-13 13:27:28,962 [Worker-11: Building] ERROR o.e.m.c.i.URLConnectionCaches - Unexpected URLConnection defaultUseCaches enabled
2025-04-13 13:27:28,966 [Worker-11: Building] INFO  o.a.m.s.f.DefaultMavenResourcesFiltering - Copying 1 resource from src\main\resources to target\classes
2025-04-13 13:27:28,980 [Worker-11: Building] INFO  o.a.m.s.f.DefaultMavenResourcesFiltering - Copying 0 resource from src\main\resources to target\classes
2025-04-13 13:27:28,983 [Worker-11: Building] INFO  o.a.m.s.f.DefaultMavenResourcesFiltering - skip non existing resourceDirectory C:\Users\Rosmira\OneDrive\Documentos\PruebasBBVA\workspace\servicio-conversion-divisas\src\test\resources
2025-04-13 13:29:04,955 [Worker-2: Building] ERROR o.e.m.c.i.URLConnectionCaches - Unexpected URLConnection defaultUseCaches enabled
2025-04-13 13:29:04,960 [Worker-2: Building] INFO  o.a.m.s.f.DefaultMavenResourcesFiltering - Copying 1 resource from src\main\resources to target\classes
2025-04-13 13:29:04,963 [Worker-2: Building] INFO  o.a.m.s.f.DefaultMavenResourcesFiltering - Copying 2 resources from src\main\resources to target\classes
2025-04-13 13:29:04,966 [Worker-2: Building] INFO  o.a.m.s.f.DefaultMavenResourcesFiltering - skip non existing resourceDirectory C:\Users\Rosmira\OneDrive\Documentos\PruebasBBVA\workspace\servicio-conversion-divisas\src\test\resources
2025-04-13 13:29:19,429 [Worker-17: Launching servicio-conversion-divisas - ServicioConversionDivisasApplication] ERROR o.e.m.c.i.URLConnectionCaches - Unexpected URLConnection defaultUseCaches enabled
2025-04-13 13:29:19,868 [Worker-17: Launching servicio-conversion-divisas - ServicioConversionDivisasApplication] INFO  o.e.m.c.i.l.LifecycleMappingFactory - Using org.eclipse.m2e.jdt.JarLifecycleMapping lifecycle mapping for MavenProject: com.bbva.servicioconversiondivisas:servicio-conversion-divisas:0.0.1-SNAPSHOT @ C:\Users\Rosmira\OneDrive\Documentos\PruebasBBVA\workspace\servicio-conversion-divisas\pom.xml.
2025-04-13 13:29:20,485 [Worker-17: Launching servicio-conversion-divisas - ServicioConversionDivisasApplication] ERROR o.e.m.c.i.URLConnectionCaches - Unexpected URLConnection defaultUseCaches enabled
2025-04-13 13:29:20,644 [Worker-17: Launching servicio-conversion-divisas - ServicioConversionDivisasApplication] INFO  o.a.m.s.f.DefaultMavenResourcesFiltering - Copying 0 resource from src\main\resources to target\classes
2025-04-13 13:29:20,646 [Worker-17: Launching servicio-conversion-divisas - ServicioConversionDivisasApplication] INFO  o.a.m.s.f.DefaultMavenResourcesFiltering - Copying 0 resource from src\main\resources to target\classes
2025-04-13 13:29:20,652 [Worker-17: Launching servicio-conversion-divisas - ServicioConversionDivisasApplication] INFO  o.a.m.s.f.DefaultMavenResourcesFiltering - skip non existing resourceDirectory C:\Users\Rosmira\OneDrive\Documentos\PruebasBBVA\workspace\servicio-conversion-divisas\src\test\resources
2025-04-13 13:29:21,114 [Worker-18: Building] ERROR o.e.m.c.i.URLConnectionCaches - Unexpected URLConnection defaultUseCaches enabled
2025-04-13 13:29:21,119 [Worker-18: Building] INFO  o.a.m.s.f.DefaultMavenResourcesFiltering - Copying 1 resource from src\main\resources to target\classes
2025-04-13 13:29:21,161 [Worker-18: Building] INFO  o.a.m.s.f.DefaultMavenResourcesFiltering - Copying 2 resources from src\main\resources to target\classes
2025-04-13 13:29:21,168 [Worker-18: Building] INFO  o.a.m.s.f.DefaultMavenResourcesFiltering - skip non existing resourceDirectory C:\Users\Rosmira\OneDrive\Documentos\PruebasBBVA\workspace\servicio-conversion-divisas\src\test\resources
2025-04-13 13:30:29,063 [Worker-17: Building] ERROR o.e.m.c.i.URLConnectionCaches - Unexpected URLConnection defaultUseCaches enabled
2025-04-13 13:30:29,067 [Worker-17: Building] INFO  o.a.m.s.f.DefaultMavenResourcesFiltering - Copying 1 resource from src\main\resources to target\classes
2025-04-13 13:30:29,082 [Worker-17: Building] INFO  o.a.m.s.f.DefaultMavenResourcesFiltering - Copying 0 resource from src\main\resources to target\classes
2025-04-13 13:30:29,089 [Worker-17: Building] INFO  o.a.m.s.f.DefaultMavenResourcesFiltering - skip non existing resourceDirectory C:\Users\Rosmira\OneDrive\Documentos\PruebasBBVA\workspace\servicio-conversion-divisas\src\test\resources
2025-04-13 13:31:42,568 [Worker-19: Building] ERROR o.e.m.c.i.URLConnectionCaches - Unexpected URLConnection defaultUseCaches enabled
2025-04-13 13:31:42,573 [Worker-19: Building] INFO  o.a.m.s.f.DefaultMavenResourcesFiltering - Copying 1 resource from src\main\resources to target\classes
2025-04-13 13:31:42,584 [Worker-19: Building] INFO  o.a.m.s.f.DefaultMavenResourcesFiltering - Copying 0 resource from src\main\resources to target\classes
2025-04-13 13:31:42,588 [Worker-19: Building] INFO  o.a.m.s.f.DefaultMavenResourcesFiltering - skip non existing resourceDirectory C:\Users\Rosmira\OneDrive\Documentos\PruebasBBVA\workspace\servicio-conversion-divisas\src\test\resources
2025-04-13 13:32:07,532 [Worker-18: Building] ERROR o.e.m.c.i.URLConnectionCaches - Unexpected URLConnection defaultUseCaches enabled
2025-04-13 13:32:07,753 [Worker-18: Building] INFO  o.e.m.c.i.l.LifecycleMappingFactory - Using org.eclipse.m2e.jdt.JarLifecycleMapping lifecycle mapping for MavenProject: com.bbva.servicioconversiondivisas:servicio-conversion-divisas:0.0.1-SNAPSHOT @ C:\Users\Rosmira\OneDrive\Documentos\PruebasBBVA\workspace\servicio-conversion-divisas\pom.xml.
2025-04-13 13:32:08,061 [Worker-18: Building] ERROR o.e.m.c.i.URLConnectionCaches - Unexpected URLConnection defaultUseCaches enabled
2025-04-13 13:32:08,162 [Worker-18: Building] INFO  o.a.m.s.f.DefaultMavenResourcesFiltering - Copying 0 resource from src\main\resources to target\classes
2025-04-13 13:32:08,164 [Worker-18: Building] INFO  o.a.m.s.f.DefaultMavenResourcesFiltering - Copying 0 resource from src\main\resources to target\classes
2025-04-13 13:32:08,168 [Worker-18: Building] INFO  o.a.m.s.f.DefaultMavenResourcesFiltering - skip non existing resourceDirectory C:\Users\Rosmira\OneDrive\Documentos\PruebasBBVA\workspace\servicio-conversion-divisas\src\test\resources
2025-04-13 13:32:09,536 [Worker-1: Building] ERROR o.e.m.c.i.URLConnectionCaches - Unexpected URLConnection defaultUseCaches enabled
2025-04-13 13:32:09,541 [Worker-1: Building] INFO  o.a.m.s.f.DefaultMavenResourcesFiltering - Copying 1 resource from src\main\resources to target\classes
2025-04-13 13:32:09,578 [Worker-1: Building] INFO  o.a.m.s.f.DefaultMavenResourcesFiltering - Copying 2 resources from src\main\resources to target\classes
2025-04-13 13:32:09,583 [Worker-1: Building] INFO  o.a.m.s.f.DefaultMavenResourcesFiltering - skip non existing resourceDirectory C:\Users\Rosmira\OneDrive\Documentos\PruebasBBVA\workspace\servicio-conversion-divisas\src\test\resources
2025-04-13 13:32:28,096 [Worker-18: Building] ERROR o.e.m.c.i.URLConnectionCaches - Unexpected URLConnection defaultUseCaches enabled
2025-04-13 13:32:28,137 [Worker-18: Building] INFO  o.a.m.s.f.DefaultMavenResourcesFiltering - Copying 1 resource from src\main\resources to target\classes
2025-04-13 13:32:28,145 [Worker-18: Building] INFO  o.a.m.s.f.DefaultMavenResourcesFiltering - Copying 0 resource from src\main\resources to target\classes
2025-04-13 13:32:28,149 [Worker-18: Building] INFO  o.a.m.s.f.DefaultMavenResourcesFiltering - skip non existing resourceDirectory C:\Users\Rosmira\OneDrive\Documentos\PruebasBBVA\workspace\servicio-autenticacion\src\test\resources
2025-04-13 15:49:46,559 [Worker-5: Loading available Gradle versions] INFO  o.e.b.c.i.u.g.PublishedGradleVersions - Gradle version information cache is up-to-date. Trying to read.
2025-04-13 15:49:52,414 [Worker-13: Building] ERROR o.e.m.c.i.URLConnectionCaches - Unexpected URLConnection defaultUseCaches enabled
2025-04-13 15:49:56,718 [Worker-13: Building] INFO  o.e.m.c.i.l.LifecycleMappingFactory - Using org.eclipse.m2e.jdt.JarLifecycleMapping lifecycle mapping for MavenProject: com.bbva.servicioconversiondivisas:servicio-conversion-divisas:0.0.1-SNAPSHOT @ C:\Users\Rosmira\Downloads\PruebasOK_2\PruebasBBVA\workspace\servicio-conversion-divisas\pom.xml.
2025-04-13 15:49:58,074 [Worker-13: Building] ERROR o.e.m.c.i.URLConnectionCaches - Unexpected URLConnection defaultUseCaches enabled
2025-04-13 15:49:58,472 [Worker-13: Building] INFO  o.a.m.s.f.DefaultMavenResourcesFiltering - Copying 1 resource from src\main\resources to target\classes
2025-04-13 15:49:58,503 [Worker-13: Building] INFO  o.a.m.s.f.DefaultMavenResourcesFiltering - Copying 2 resources from src\main\resources to target\classes
2025-04-13 15:49:58,514 [Worker-13: Building] INFO  o.a.m.s.f.DefaultMavenResourcesFiltering - skip non existing resourceDirectory C:\Users\Rosmira\Downloads\PruebasOK_2\PruebasBBVA\workspace\servicio-conversion-divisas\src\test\resources
2025-04-13 15:50:03,187 [Worker-1: Building] ERROR o.e.m.c.i.URLConnectionCaches - Unexpected URLConnection defaultUseCaches enabled
2025-04-13 15:50:03,725 [Worker-1: Building] INFO  o.e.m.c.i.l.LifecycleMappingFactory - Using org.eclipse.m2e.jdt.JarLifecycleMapping lifecycle mapping for MavenProject: com.bbva.servicioconversiondivisas:servicio-conversion-divisas:0.0.1-SNAPSHOT @ C:\Users\Rosmira\Downloads\PruebasOK_2\PruebasBBVA\workspace\servicio-conversion-divisas\pom.xml.
2025-04-13 15:50:04,820 [Worker-1: Building] ERROR o.e.m.c.i.URLConnectionCaches - Unexpected URLConnection defaultUseCaches enabled
2025-04-13 15:50:05,104 [Worker-1: Building] INFO  o.a.m.s.f.DefaultMavenResourcesFiltering - Copying 1 resource from src\main\resources to target\classes
2025-04-13 15:50:05,218 [Worker-1: Building] INFO  o.a.m.s.f.DefaultMavenResourcesFiltering - Copying 2 resources from src\main\resources to target\classes
2025-04-13 15:50:05,241 [Worker-1: Building] INFO  o.a.m.s.f.DefaultMavenResourcesFiltering - skip non existing resourceDirectory C:\Users\Rosmira\Downloads\PruebasOK_2\PruebasBBVA\workspace\servicio-conversion-divisas\src\test\resources
2025-04-13 15:50:44,653 [Worker-7: Building] ERROR o.e.m.c.i.URLConnectionCaches - Unexpected URLConnection defaultUseCaches enabled
2025-04-13 15:50:45,963 [Worker-7: Building] INFO  o.e.m.c.i.l.LifecycleMappingFactory - Using org.eclipse.m2e.jdt.JarLifecycleMapping lifecycle mapping for MavenProject: com.bbva.servicioautenticacion:servicio-autenticacion:0.0.1-SNAPSHOT @ C:\Users\Rosmira\Downloads\PruebasOK_2\PruebasBBVA\workspace\servicio-autenticacion\pom.xml.
2025-04-13 15:50:46,455 [Worker-7: Building] ERROR o.e.m.c.i.URLConnectionCaches - Unexpected URLConnection defaultUseCaches enabled
2025-04-13 15:50:46,682 [Worker-7: Building] INFO  o.a.m.s.f.DefaultMavenResourcesFiltering - Copying 1 resource from src\main\resources to target\classes
2025-04-13 15:50:46,731 [Worker-7: Building] INFO  o.a.m.s.f.DefaultMavenResourcesFiltering - Copying 0 resource from src\main\resources to target\classes
2025-04-13 15:50:46,739 [Worker-7: Building] INFO  o.a.m.s.f.DefaultMavenResourcesFiltering - skip non existing resourceDirectory C:\Users\Rosmira\Downloads\PruebasOK_2\PruebasBBVA\workspace\servicio-autenticacion\src\test\resources
2025-04-13 15:50:47,331 [Worker-11: Building] ERROR o.e.m.c.i.URLConnectionCaches - Unexpected URLConnection defaultUseCaches enabled
2025-04-13 15:50:47,765 [Worker-11: Building] INFO  o.e.m.c.i.l.LifecycleMappingFactory - Using org.eclipse.m2e.jdt.JarLifecycleMapping lifecycle mapping for MavenProject: com.bbva.servicioautenticacion:servicio-autenticacion:0.0.1-SNAPSHOT @ C:\Users\Rosmira\Downloads\PruebasOK_2\PruebasBBVA\workspace\servicio-autenticacion\pom.xml.
2025-04-13 15:50:48,507 [Worker-11: Building] ERROR o.e.m.c.i.URLConnectionCaches - Unexpected URLConnection defaultUseCaches enabled
2025-04-13 15:50:48,779 [Worker-11: Building] INFO  o.a.m.s.f.DefaultMavenResourcesFiltering - Copying 1 resource from src\main\resources to target\classes
2025-04-13 15:50:48,892 [Worker-11: Building] INFO  o.a.m.s.f.DefaultMavenResourcesFiltering - Copying 0 resource from src\main\resources to target\classes
2025-04-13 15:50:48,902 [Worker-11: Building] INFO  o.a.m.s.f.DefaultMavenResourcesFiltering - skip non existing resourceDirectory C:\Users\Rosmira\Downloads\PruebasOK_2\PruebasBBVA\workspace\servicio-autenticacion\src\test\resources
2025-04-13 15:50:49,225 [Worker-0: Building] ERROR o.e.m.c.i.URLConnectionCaches - Unexpected URLConnection defaultUseCaches enabled
2025-04-13 15:50:49,232 [Worker-0: Building] INFO  o.a.m.s.f.DefaultMavenResourcesFiltering - Copying 1 resource from src\main\resources to target\classes
2025-04-13 15:50:49,235 [Worker-0: Building] INFO  o.a.m.s.f.DefaultMavenResourcesFiltering - Copying 0 resource from src\main\resources to target\classes
2025-04-13 15:50:49,239 [Worker-0: Building] INFO  o.a.m.s.f.DefaultMavenResourcesFiltering - skip non existing resourceDirectory C:\Users\Rosmira\Downloads\PruebasOK_2\PruebasBBVA\workspace\servicio-autenticacion\src\test\resources
2025-04-13 15:50:53,290 [Worker-13: Building] ERROR o.e.m.c.i.URLConnectionCaches - Unexpected URLConnection defaultUseCaches enabled
2025-04-13 15:50:53,295 [Worker-13: Building] INFO  o.a.m.s.f.DefaultMavenResourcesFiltering - Copying 1 resource from src\main\resources to target\classes
2025-04-13 15:50:53,304 [Worker-13: Building] INFO  o.a.m.s.f.DefaultMavenResourcesFiltering - Copying 0 resource from src\main\resources to target\classes
2025-04-13 15:50:53,307 [Worker-13: Building] INFO  o.a.m.s.f.DefaultMavenResourcesFiltering - skip non existing resourceDirectory C:\Users\Rosmira\Downloads\PruebasOK_2\PruebasBBVA\workspace\servicio-conversion-divisas\src\test\resources
2025-04-13 15:51:23,531 [Worker-12: Building] ERROR o.e.m.c.i.URLConnectionCaches - Unexpected URLConnection defaultUseCaches enabled
2025-04-13 15:51:23,818 [Worker-12: Building] INFO  o.e.m.c.i.l.LifecycleMappingFactory - Using org.eclipse.m2e.jdt.JarLifecycleMapping lifecycle mapping for MavenProject: com.bbva.servicioconversiondivisas:servicio-conversion-divisas:0.0.1-SNAPSHOT @ C:\Users\Rosmira\Downloads\PruebasOK_2\PruebasBBVA\workspace\servicio-conversion-divisas\pom.xml.
2025-04-13 15:51:24,117 [Worker-12: Building] ERROR o.e.m.c.i.URLConnectionCaches - Unexpected URLConnection defaultUseCaches enabled
2025-04-13 15:51:24,173 [Worker-12: Building] INFO  o.a.m.s.f.DefaultMavenResourcesFiltering - Copying 0 resource from src\main\resources to target\classes
2025-04-13 15:51:24,174 [Worker-12: Building] INFO  o.a.m.s.f.DefaultMavenResourcesFiltering - Copying 0 resource from src\main\resources to target\classes
2025-04-13 15:51:24,177 [Worker-12: Building] INFO  o.a.m.s.f.DefaultMavenResourcesFiltering - skip non existing resourceDirectory C:\Users\Rosmira\Downloads\PruebasOK_2\PruebasBBVA\workspace\servicio-conversion-divisas\src\test\resources
2025-04-13 15:51:24,527 [Worker-7: Updating Maven Project] INFO  o.e.m.c.i.p.ProjectConfigurationManager - Update started
2025-04-13 15:51:24,556 [Worker-7: Updating Maven Project] ERROR o.e.m.c.i.URLConnectionCaches - Unexpected URLConnection defaultUseCaches enabled
2025-04-13 15:51:24,734 [Worker-7: Updating Maven Project] INFO  o.e.m.c.i.l.LifecycleMappingFactory - Using org.eclipse.m2e.jdt.JarLifecycleMapping lifecycle mapping for MavenProject: com.bbva.servicioconversiondivisas:servicio-conversion-divisas:0.0.1-SNAPSHOT @ C:\Users\Rosmira\Downloads\PruebasOK_2\PruebasBBVA\workspace\servicio-conversion-divisas\pom.xml.
2025-04-13 15:51:25,048 [Worker-7: Updating Maven Project] ERROR o.e.m.c.i.URLConnectionCaches - Unexpected URLConnection defaultUseCaches enabled
2025-04-13 15:51:25,110 [Worker-7: Updating Maven Project] INFO  o.e.m.j.i.AbstractJavaProjectConfigurator - Adding source folder /servicio-conversion-divisas/src/main/java
2025-04-13 15:51:25,112 [Worker-7: Updating Maven Project] INFO  o.e.m.j.i.AbstractJavaProjectConfigurator - Adding resource folder /servicio-conversion-divisas/src/main/resources
2025-04-13 15:51:25,112 [Worker-7: Updating Maven Project] INFO  o.e.m.j.i.AbstractJavaProjectConfigurator - Adding resource folder /servicio-conversion-divisas/src/main/resources
2025-04-13 15:51:25,113 [Worker-7: Updating Maven Project] INFO  o.e.m.j.i.AbstractJavaProjectConfigurator - Adding source folder /servicio-conversion-divisas/src/test/java
2025-04-13 15:51:25,114 [Worker-7: Updating Maven Project] INFO  o.e.m.j.i.AbstractJavaProjectConfigurator - Adding resource folder /servicio-conversion-divisas/src/test/resources
2025-04-13 15:51:25,224 [Worker-7: Updating Maven Project] INFO  o.e.m.jdt.internal.UnitTestSupport - Reset launch configuration name: ContextLoadTest
2025-04-13 15:51:25,226 [Worker-7: Updating Maven Project] INFO  o.e.m.jdt.internal.UnitTestSupport - Updating ContextLoadTest from maven configuration
2025-04-13 15:51:25,706 [Worker-7: Updating Maven Project] INFO  o.e.m.jdt.internal.UnitTestSupport - Reset launch configuration name: ConvertirDivisasControllerTest
2025-04-13 15:51:25,706 [Worker-7: Updating Maven Project] INFO  o.e.m.jdt.internal.UnitTestSupport - Updating ConvertirDivisasControllerTest from maven configuration
2025-04-13 15:51:25,711 [Worker-7: Updating Maven Project] INFO  o.e.m.jdt.internal.UnitTestSupport - Reset launch configuration name: ConvertirDivisasServiceTest
2025-04-13 15:51:25,711 [Worker-7: Updating Maven Project] INFO  o.e.m.jdt.internal.UnitTestSupport - Updating ConvertirDivisasServiceTest from maven configuration
2025-04-13 15:51:25,715 [Worker-7: Updating Maven Project] INFO  o.e.m.jdt.internal.UnitTestSupport - Reset launch configuration name: ServicioConversionDivisasApplicationTests
2025-04-13 15:51:25,715 [Worker-7: Updating Maven Project] INFO  o.e.m.jdt.internal.UnitTestSupport - Updating ServicioConversionDivisasApplicationTests from maven configuration
2025-04-13 15:51:25,786 [Worker-7: Updating Maven Project] INFO  o.e.m.c.i.p.ProjectConfigurationManager - Update completed for 1 poms: local refresh takes 0,00 sec, refresh facades takes 0,00 sec, update config takes 0,00 sec 
2025-04-13 15:51:26,096 [Worker-10: Building] ERROR o.e.m.c.i.URLConnectionCaches - Unexpected URLConnection defaultUseCaches enabled
2025-04-13 15:51:26,201 [Worker-10: Building] INFO  o.a.m.s.f.DefaultMavenResourcesFiltering - Copying 1 resource from src\main\resources to target\classes
2025-04-13 15:51:26,233 [Worker-10: Building] INFO  o.a.m.s.f.DefaultMavenResourcesFiltering - Copying 2 resources from src\main\resources to target\classes
2025-04-13 15:51:26,241 [Worker-10: Building] INFO  o.a.m.s.f.DefaultMavenResourcesFiltering - skip non existing resourceDirectory C:\Users\Rosmira\Downloads\PruebasOK_2\PruebasBBVA\workspace\servicio-conversion-divisas\src\test\resources
2025-04-13 15:51:59,116 [Worker-2: Building] ERROR o.e.m.c.i.URLConnectionCaches - Unexpected URLConnection defaultUseCaches enabled
2025-04-13 15:51:59,121 [Worker-2: Building] INFO  o.a.m.s.f.DefaultMavenResourcesFiltering - Copying 1 resource from src\main\resources to target\classes
2025-04-13 15:51:59,126 [Worker-2: Building] INFO  o.a.m.s.f.DefaultMavenResourcesFiltering - Copying 2 resources from src\main\resources to target\classes
2025-04-13 15:51:59,129 [Worker-2: Building] INFO  o.a.m.s.f.DefaultMavenResourcesFiltering - skip non existing resourceDirectory C:\Users\Rosmira\Downloads\PruebasOK_2\PruebasBBVA\workspace\servicio-conversion-divisas\src\test\resources
2025-04-13 15:52:13,859 [Worker-6: Building] ERROR o.e.m.c.i.URLConnectionCaches - Unexpected URLConnection defaultUseCaches enabled
2025-04-13 15:52:13,862 [Worker-6: Building] INFO  o.a.m.s.f.DefaultMavenResourcesFiltering - Copying 1 resource from src\main\resources to target\classes
2025-04-13 15:52:13,863 [Worker-6: Building] INFO  o.a.m.s.f.DefaultMavenResourcesFiltering - Copying 0 resource from src\main\resources to target\classes
2025-04-13 15:52:13,865 [Worker-6: Building] INFO  o.a.m.s.f.DefaultMavenResourcesFiltering - skip non existing resourceDirectory C:\Users\Rosmira\Downloads\PruebasOK_2\PruebasBBVA\workspace\servicio-autenticacion\src\test\resources
2025-04-13 15:52:14,013 [Worker-6: Building] ERROR o.e.m.c.i.URLConnectionCaches - Unexpected URLConnection defaultUseCaches enabled
2025-04-13 15:52:14,018 [Worker-6: Building] INFO  o.a.m.s.f.DefaultMavenResourcesFiltering - Copying 1 resource from src\main\resources to target\classes
2025-04-13 15:52:14,019 [Worker-6: Building] INFO  o.a.m.s.f.DefaultMavenResourcesFiltering - Copying 2 resources from src\main\resources to target\classes
2025-04-13 15:52:14,025 [Worker-6: Building] INFO  o.a.m.s.f.DefaultMavenResourcesFiltering - skip non existing resourceDirectory C:\Users\Rosmira\Downloads\PruebasOK_2\PruebasBBVA\workspace\servicio-conversion-divisas\src\test\resources
2025-04-13 15:53:47,210 [Worker-3: Building] ERROR o.e.m.c.i.URLConnectionCaches - Unexpected URLConnection defaultUseCaches enabled
2025-04-13 15:53:47,222 [Worker-3: Building] INFO  o.a.m.s.f.DefaultMavenResourcesFiltering - Copying 1 resource from src\main\resources to target\classes
2025-04-13 15:53:47,226 [Worker-3: Building] INFO  o.a.m.s.f.DefaultMavenResourcesFiltering - Copying 2 resources from src\main\resources to target\classes
2025-04-13 15:53:47,231 [Worker-3: Building] INFO  o.a.m.s.f.DefaultMavenResourcesFiltering - skip non existing resourceDirectory C:\Users\Rosmira\Downloads\PruebasOK_2\PruebasBBVA\workspace\servicio-conversion-divisas\src\test\resources
2025-04-13 15:54:01,400 [Worker-5: Building] ERROR o.e.m.c.i.URLConnectionCaches - Unexpected URLConnection defaultUseCaches enabled
2025-04-13 15:54:01,404 [Worker-5: Building] INFO  o.a.m.s.f.DefaultMavenResourcesFiltering - Copying 1 resource from src\main\resources to target\classes
2025-04-13 15:54:01,406 [Worker-5: Building] INFO  o.a.m.s.f.DefaultMavenResourcesFiltering - Copying 2 resources from src\main\resources to target\classes
2025-04-13 15:54:01,409 [Worker-5: Building] INFO  o.a.m.s.f.DefaultMavenResourcesFiltering - skip non existing resourceDirectory C:\Users\Rosmira\Downloads\PruebasOK_2\PruebasBBVA\workspace\servicio-conversion-divisas\src\test\resources
2025-04-13 15:54:14,084 [Worker-13: Building] ERROR o.e.m.c.i.URLConnectionCaches - Unexpected URLConnection defaultUseCaches enabled
2025-04-13 15:54:14,087 [Worker-13: Building] INFO  o.a.m.s.f.DefaultMavenResourcesFiltering - Copying 1 resource from src\main\resources to target\classes
2025-04-13 15:54:14,088 [Worker-13: Building] INFO  o.a.m.s.f.DefaultMavenResourcesFiltering - Copying 0 resource from src\main\resources to target\classes
2025-04-13 15:54:14,089 [Worker-13: Building] INFO  o.a.m.s.f.DefaultMavenResourcesFiltering - skip non existing resourceDirectory C:\Users\Rosmira\Downloads\PruebasOK_2\PruebasBBVA\workspace\servicio-autenticacion\src\test\resources
2025-04-13 15:54:14,205 [Worker-13: Building] ERROR o.e.m.c.i.URLConnectionCaches - Unexpected URLConnection defaultUseCaches enabled
2025-04-13 15:54:14,207 [Worker-13: Building] INFO  o.a.m.s.f.DefaultMavenResourcesFiltering - Copying 1 resource from src\main\resources to target\classes
2025-04-13 15:54:14,209 [Worker-13: Building] INFO  o.a.m.s.f.DefaultMavenResourcesFiltering - Copying 2 resources from src\main\resources to target\classes
2025-04-13 15:54:14,214 [Worker-13: Building] INFO  o.a.m.s.f.DefaultMavenResourcesFiltering - skip non existing resourceDirectory C:\Users\Rosmira\Downloads\PruebasOK_2\PruebasBBVA\workspace\servicio-conversion-divisas\src\test\resources
2025-04-13 15:55:34,106 [Worker-6: Building] ERROR o.e.m.c.i.URLConnectionCaches - Unexpected URLConnection defaultUseCaches enabled
2025-04-13 15:55:34,114 [Worker-6: Building] INFO  o.a.m.s.f.DefaultMavenResourcesFiltering - Copying 1 resource from src\main\resources to target\classes
2025-04-13 15:55:34,118 [Worker-6: Building] INFO  o.a.m.s.f.DefaultMavenResourcesFiltering - Copying 2 resources from src\main\resources to target\classes
2025-04-13 15:55:34,121 [Worker-6: Building] INFO  o.a.m.s.f.DefaultMavenResourcesFiltering - skip non existing resourceDirectory C:\Users\Rosmira\Downloads\PruebasOK_2\PruebasBBVA\workspace\servicio-conversion-divisas\src\test\resources
2025-04-13 16:02:46,465 [Worker-7: Building] ERROR o.e.m.c.i.URLConnectionCaches - Unexpected URLConnection defaultUseCaches enabled
2025-04-13 16:02:46,468 [Worker-7: Building] INFO  o.a.m.s.f.DefaultMavenResourcesFiltering - Copying 1 resource from src\main\resources to target\classes
2025-04-13 16:02:46,474 [Worker-7: Building] INFO  o.a.m.s.f.DefaultMavenResourcesFiltering - Copying 2 resources from src\main\resources to target\classes
2025-04-13 16:02:46,476 [Worker-7: Building] INFO  o.a.m.s.f.DefaultMavenResourcesFiltering - skip non existing resourceDirectory C:\Users\Rosmira\Downloads\PruebasOK_2\PruebasBBVA\workspace\servicio-conversion-divisas\src\test\resources
2025-04-13 16:02:54,337 [Worker-5: Building] ERROR o.e.m.c.i.URLConnectionCaches - Unexpected URLConnection defaultUseCaches enabled
2025-04-13 16:02:54,340 [Worker-5: Building] INFO  o.a.m.s.f.DefaultMavenResourcesFiltering - Copying 1 resource from src\main\resources to target\classes
2025-04-13 16:02:54,354 [Worker-5: Building] INFO  o.a.m.s.f.DefaultMavenResourcesFiltering - Copying 2 resources from src\main\resources to target\classes
2025-04-13 16:02:54,358 [Worker-5: Building] INFO  o.a.m.s.f.DefaultMavenResourcesFiltering - skip non existing resourceDirectory C:\Users\Rosmira\Downloads\PruebasOK_2\PruebasBBVA\workspace\servicio-conversion-divisas\src\test\resources
2025-04-13 16:03:27,162 [Worker-12: Building] ERROR o.e.m.c.i.URLConnectionCaches - Unexpected URLConnection defaultUseCaches enabled
2025-04-13 16:03:27,168 [Worker-12: Building] INFO  o.a.m.s.f.DefaultMavenResourcesFiltering - Copying 1 resource from src\main\resources to target\classes
2025-04-13 16:03:27,172 [Worker-12: Building] INFO  o.a.m.s.f.DefaultMavenResourcesFiltering - Copying 2 resources from src\main\resources to target\classes
2025-04-13 16:03:27,174 [Worker-12: Building] INFO  o.a.m.s.f.DefaultMavenResourcesFiltering - skip non existing resourceDirectory C:\Users\Rosmira\Downloads\PruebasOK_2\PruebasBBVA\workspace\servicio-conversion-divisas\src\test\resources
2025-04-13 16:04:54,263 [Worker-7: Building] ERROR o.e.m.c.i.URLConnectionCaches - Unexpected URLConnection defaultUseCaches enabled
2025-04-13 16:04:54,265 [Worker-7: Building] INFO  o.a.m.s.f.DefaultMavenResourcesFiltering - Copying 1 resource from src\main\resources to target\classes
2025-04-13 16:04:54,266 [Worker-7: Building] INFO  o.a.m.s.f.DefaultMavenResourcesFiltering - Copying 0 resource from src\main\resources to target\classes
2025-04-13 16:04:54,268 [Worker-7: Building] INFO  o.a.m.s.f.DefaultMavenResourcesFiltering - skip non existing resourceDirectory C:\Users\Rosmira\Downloads\PruebasOK_2\PruebasBBVA\workspace\servicio-autenticacion\src\test\resources
2025-04-13 16:04:54,379 [Worker-7: Building] ERROR o.e.m.c.i.URLConnectionCaches - Unexpected URLConnection defaultUseCaches enabled
2025-04-13 16:04:54,381 [Worker-7: Building] INFO  o.a.m.s.f.DefaultMavenResourcesFiltering - Copying 1 resource from src\main\resources to target\classes
2025-04-13 16:04:54,382 [Worker-7: Building] INFO  o.a.m.s.f.DefaultMavenResourcesFiltering - Copying 2 resources from src\main\resources to target\classes
2025-04-13 16:04:54,388 [Worker-7: Building] INFO  o.a.m.s.f.DefaultMavenResourcesFiltering - skip non existing resourceDirectory C:\Users\Rosmira\Downloads\PruebasOK_2\PruebasBBVA\workspace\servicio-conversion-divisas\src\test\resources
2025-04-13 16:08:42,468 [Worker-6: Building] ERROR o.e.m.c.i.URLConnectionCaches - Unexpected URLConnection defaultUseCaches enabled
2025-04-13 16:08:42,470 [Worker-6: Building] INFO  o.a.m.s.f.DefaultMavenResourcesFiltering - Copying 1 resource from src\main\resources to target\classes
2025-04-13 16:08:42,476 [Worker-6: Building] INFO  o.a.m.s.f.DefaultMavenResourcesFiltering - Copying 2 resources from src\main\resources to target\classes
2025-04-13 16:08:42,478 [Worker-6: Building] INFO  o.a.m.s.f.DefaultMavenResourcesFiltering - skip non existing resourceDirectory C:\Users\Rosmira\Downloads\PruebasOK_2\PruebasBBVA\workspace\servicio-conversion-divisas\src\test\resources
2025-04-13 16:11:36,134 [Worker-1: Building] ERROR o.e.m.c.i.URLConnectionCaches - Unexpected URLConnection defaultUseCaches enabled
2025-04-13 16:11:36,139 [Worker-1: Building] INFO  o.a.m.s.f.DefaultMavenResourcesFiltering - Copying 1 resource from src\main\resources to target\classes
2025-04-13 16:11:36,144 [Worker-1: Building] INFO  o.a.m.s.f.DefaultMavenResourcesFiltering - Copying 2 resources from src\main\resources to target\classes
2025-04-13 16:11:36,146 [Worker-1: Building] INFO  o.a.m.s.f.DefaultMavenResourcesFiltering - skip non existing resourceDirectory C:\Users\Rosmira\Downloads\PruebasOK_2\PruebasBBVA\workspace\servicio-conversion-divisas\src\test\resources
2025-04-13 16:12:45,030 [Worker-8: Building] ERROR o.e.m.c.i.URLConnectionCaches - Unexpected URLConnection defaultUseCaches enabled
2025-04-13 16:12:45,049 [Worker-8: Building] INFO  o.a.m.s.f.DefaultMavenResourcesFiltering - Copying 1 resource from src\main\resources to target\classes
2025-04-13 16:12:45,052 [Worker-8: Building] INFO  o.a.m.s.f.DefaultMavenResourcesFiltering - Copying 2 resources from src\main\resources to target\classes
2025-04-13 16:12:45,054 [Worker-8: Building] INFO  o.a.m.s.f.DefaultMavenResourcesFiltering - skip non existing resourceDirectory C:\Users\Rosmira\Downloads\PruebasOK_2\PruebasBBVA\workspace\servicio-conversion-divisas\src\test\resources
2025-04-13 16:16:52,895 [Worker-13: Building] ERROR o.e.m.c.i.URLConnectionCaches - Unexpected URLConnection defaultUseCaches enabled
2025-04-13 16:16:52,898 [Worker-13: Building] INFO  o.a.m.s.f.DefaultMavenResourcesFiltering - Copying 1 resource from src\main\resources to target\classes
2025-04-13 16:16:52,904 [Worker-13: Building] INFO  o.a.m.s.f.DefaultMavenResourcesFiltering - Copying 2 resources from src\main\resources to target\classes
2025-04-13 16:16:52,906 [Worker-13: Building] INFO  o.a.m.s.f.DefaultMavenResourcesFiltering - skip non existing resourceDirectory C:\Users\Rosmira\Downloads\PruebasOK_2\PruebasBBVA\workspace\servicio-conversion-divisas\src\test\resources
2025-04-13 16:19:24,397 [Worker-3: Building] ERROR o.e.m.c.i.URLConnectionCaches - Unexpected URLConnection defaultUseCaches enabled
2025-04-13 16:19:24,400 [Worker-3: Building] INFO  o.a.m.s.f.DefaultMavenResourcesFiltering - Copying 1 resource from src\main\resources to target\classes
2025-04-13 16:19:24,406 [Worker-3: Building] INFO  o.a.m.s.f.DefaultMavenResourcesFiltering - Copying 2 resources from src\main\resources to target\classes
2025-04-13 16:19:24,408 [Worker-3: Building] INFO  o.a.m.s.f.DefaultMavenResourcesFiltering - skip non existing resourceDirectory C:\Users\Rosmira\Downloads\PruebasOK_2\PruebasBBVA\workspace\servicio-conversion-divisas\src\test\resources
2025-04-13 16:20:59,317 [Worker-10: Building] ERROR o.e.m.c.i.URLConnectionCaches - Unexpected URLConnection defaultUseCaches enabled
2025-04-13 16:20:59,320 [Worker-10: Building] INFO  o.a.m.s.f.DefaultMavenResourcesFiltering - Copying 1 resource from src\main\resources to target\classes
2025-04-13 16:20:59,323 [Worker-10: Building] INFO  o.a.m.s.f.DefaultMavenResourcesFiltering - Copying 2 resources from src\main\resources to target\classes
2025-04-13 16:20:59,325 [Worker-10: Building] INFO  o.a.m.s.f.DefaultMavenResourcesFiltering - skip non existing resourceDirectory C:\Users\Rosmira\Downloads\PruebasOK_2\PruebasBBVA\workspace\servicio-conversion-divisas\src\test\resources
2025-04-13 16:22:54,796 [Worker-10: Building] ERROR o.e.m.c.i.URLConnectionCaches - Unexpected URLConnection defaultUseCaches enabled
2025-04-13 16:22:55,153 [Worker-10: Building] INFO  o.e.m.c.i.l.LifecycleMappingFactory - Using org.eclipse.m2e.jdt.JarLifecycleMapping lifecycle mapping for MavenProject: com.bbva.servicioconversiondivisas:servicio-conversion-divisas:0.0.1-SNAPSHOT @ C:\Users\Rosmira\Downloads\PruebasOK_2\PruebasBBVA\workspace\servicio-conversion-divisas\pom.xml.
2025-04-13 16:22:55,891 [Worker-10: Building] INFO  o.e.m.c.i.e.AbstractTransferListenerAdapter - Downloading https://repo.maven.apache.org/maven2/org/springframework/boot/spring-boot-starter-validation/3.2.0/spring-boot-starter-validation-3.2.0.pom
2025-04-13 16:22:55,900 [Worker-10: Building] INFO  o.e.m.c.i.e.AbstractTransferListenerAdapter - Downloaded https://repo.maven.apache.org/maven2/org/springframework/boot/spring-boot-starter-validation/3.2.0/spring-boot-starter-validation-3.2.0.pom
2025-04-13 16:22:55,914 [Worker-10: Building] INFO  o.e.m.c.i.e.AbstractTransferListenerAdapter - Downloading https://repo.maven.apache.org/maven2/org/hibernate/validator/hibernate-validator/8.0.1.Final/hibernate-validator-8.0.1.Final.pom
2025-04-13 16:22:55,940 [Worker-10: Building] INFO  o.e.m.c.i.e.AbstractTransferListenerAdapter - Downloaded https://repo.maven.apache.org/maven2/org/hibernate/validator/hibernate-validator/8.0.1.Final/hibernate-validator-8.0.1.Final.pom
2025-04-13 16:22:55,952 [Worker-10: Building] INFO  o.e.m.c.i.e.AbstractTransferListenerAdapter - Downloading https://repo.maven.apache.org/maven2/org/hibernate/validator/hibernate-validator-parent/8.0.1.Final/hibernate-validator-parent-8.0.1.Final.pom
2025-04-13 16:22:55,989 [Worker-10: Building] INFO  o.e.m.c.i.e.AbstractTransferListenerAdapter - Downloaded https://repo.maven.apache.org/maven2/org/hibernate/validator/hibernate-validator-parent/8.0.1.Final/hibernate-validator-parent-8.0.1.Final.pom
2025-04-13 16:22:56,030 [Worker-10: Building] INFO  o.e.m.c.i.e.AbstractTransferListenerAdapter - Downloading https://repo.maven.apache.org/maven2/org/jboss/logging/jboss-logging/3.5.3.Final/jboss-logging-3.5.3.Final.pom
2025-04-13 16:22:56,047 [Worker-10: Building] INFO  o.e.m.c.i.e.AbstractTransferListenerAdapter - Downloaded https://repo.maven.apache.org/maven2/org/jboss/logging/jboss-logging/3.5.3.Final/jboss-logging-3.5.3.Final.pom
2025-04-13 16:22:56,077 [Worker-10: Building] INFO  o.e.m.c.i.e.AbstractTransferListenerAdapter - Downloading https://repo.maven.apache.org/maven2/org/jboss/logging/logging-parent/1.0.1.Final/logging-parent-1.0.1.Final.pom
2025-04-13 16:22:56,082 [Worker-10: Building] INFO  o.e.m.c.i.e.AbstractTransferListenerAdapter - Downloaded https://repo.maven.apache.org/maven2/org/jboss/logging/logging-parent/1.0.1.Final/logging-parent-1.0.1.Final.pom
2025-04-13 16:22:56,096 [Worker-10: Building] INFO  o.e.m.c.i.e.AbstractTransferListenerAdapter - Downloading https://repo.maven.apache.org/maven2/com/fasterxml/classmate/1.6.0/classmate-1.6.0.pom
2025-04-13 16:22:56,101 [Worker-10: Building] INFO  o.e.m.c.i.e.AbstractTransferListenerAdapter - Downloaded https://repo.maven.apache.org/maven2/com/fasterxml/classmate/1.6.0/classmate-1.6.0.pom
2025-04-13 16:22:56,290 [Worker-10: Building] INFO  o.e.m.c.i.e.AbstractTransferListenerAdapter - Downloading https://repo.maven.apache.org/maven2/org/springframework/boot/spring-boot-starter-validation/3.2.0/spring-boot-starter-validation-3.2.0.jar
2025-04-13 16:22:56,294 [Worker-10: Building] INFO  o.e.m.c.i.e.AbstractTransferListenerAdapter - Downloaded https://repo.maven.apache.org/maven2/org/springframework/boot/spring-boot-starter-validation/3.2.0/spring-boot-starter-validation-3.2.0.jar
2025-04-13 16:22:56,308 [BasicRepositoryConnector-repo.maven.apache.org-0-0] INFO  o.e.m.c.i.e.AbstractTransferListenerAdapter - Downloading https://repo.maven.apache.org/maven2/org/hibernate/validator/hibernate-validator/8.0.1.Final/hibernate-validator-8.0.1.Final.jar
2025-04-13 16:22:56,325 [BasicRepositoryConnector-repo.maven.apache.org-0-2] INFO  o.e.m.c.i.e.AbstractTransferListenerAdapter - Downloading https://repo.maven.apache.org/maven2/com/fasterxml/classmate/1.6.0/classmate-1.6.0.jar
2025-04-13 16:22:56,326 [BasicRepositoryConnector-repo.maven.apache.org-0-1] INFO  o.e.m.c.i.e.AbstractTransferListenerAdapter - Downloading https://repo.maven.apache.org/maven2/org/jboss/logging/jboss-logging/3.5.3.Final/jboss-logging-3.5.3.Final.jar
2025-04-13 16:22:56,338 [BasicRepositoryConnector-repo.maven.apache.org-0-2] INFO  o.e.m.c.i.e.AbstractTransferListenerAdapter - Downloaded https://repo.maven.apache.org/maven2/com/fasterxml/classmate/1.6.0/classmate-1.6.0.jar
2025-04-13 16:22:56,338 [BasicRepositoryConnector-repo.maven.apache.org-0-1] INFO  o.e.m.c.i.e.AbstractTransferListenerAdapter - Downloaded https://repo.maven.apache.org/maven2/org/jboss/logging/jboss-logging/3.5.3.Final/jboss-logging-3.5.3.Final.jar
2025-04-13 16:22:56,405 [BasicRepositoryConnector-repo.maven.apache.org-0-0] INFO  o.e.m.c.i.e.AbstractTransferListenerAdapter - Downloaded https://repo.maven.apache.org/maven2/org/hibernate/validator/hibernate-validator/8.0.1.Final/hibernate-validator-8.0.1.Final.jar
2025-04-13 16:22:56,525 [Worker-10: Building] ERROR o.e.m.c.i.URLConnectionCaches - Unexpected URLConnection defaultUseCaches enabled
2025-04-13 16:22:56,669 [Worker-10: Building] INFO  o.a.m.s.f.DefaultMavenResourcesFiltering - Copying 0 resource from src\main\resources to target\classes
2025-04-13 16:22:56,670 [Worker-10: Building] INFO  o.a.m.s.f.DefaultMavenResourcesFiltering - Copying 0 resource from src\main\resources to target\classes
2025-04-13 16:22:56,675 [Worker-10: Building] INFO  o.a.m.s.f.DefaultMavenResourcesFiltering - skip non existing resourceDirectory C:\Users\Rosmira\Downloads\PruebasOK_2\PruebasBBVA\workspace\servicio-conversion-divisas\src\test\resources
2025-04-13 16:22:57,495 [Worker-21: Download sources and javadoc] INFO  o.e.m.c.i.e.AbstractTransferListenerAdapter - Downloading https://repo.maven.apache.org/maven2/org/springframework/boot/spring-boot-starter-validation/3.2.0/spring-boot-starter-validation-3.2.0-sources.jar
2025-04-13 16:22:57,501 [Worker-21: Download sources and javadoc] INFO  o.e.m.c.i.e.AbstractTransferListenerAdapter - Downloaded https://repo.maven.apache.org/maven2/org/springframework/boot/spring-boot-starter-validation/3.2.0/spring-boot-starter-validation-3.2.0-sources.jar
2025-04-13 16:22:57,505 [Worker-21: Download sources and javadoc] INFO  o.e.m.j.internal.DownloadSourcesJob - Downloaded sources for org.springframework.boot:spring-boot-starter-validation:3.2.0
2025-04-13 16:22:57,528 [Worker-21: Download sources and javadoc] INFO  o.e.m.c.i.e.AbstractTransferListenerAdapter - Downloading https://repo.maven.apache.org/maven2/org/hibernate/validator/hibernate-validator/8.0.1.Final/hibernate-validator-8.0.1.Final-sources.jar
2025-04-13 16:22:57,569 [Worker-21: Download sources and javadoc] INFO  o.e.m.c.i.e.AbstractTransferListenerAdapter - Downloaded https://repo.maven.apache.org/maven2/org/hibernate/validator/hibernate-validator/8.0.1.Final/hibernate-validator-8.0.1.Final-sources.jar
2025-04-13 16:22:57,571 [Worker-21: Download sources and javadoc] INFO  o.e.m.j.internal.DownloadSourcesJob - Downloaded sources for org.hibernate.validator:hibernate-validator:8.0.1.Final
2025-04-13 16:22:57,594 [Worker-21: Download sources and javadoc] INFO  o.e.m.c.i.e.AbstractTransferListenerAdapter - Downloading https://repo.maven.apache.org/maven2/org/jboss/logging/jboss-logging/3.5.3.Final/jboss-logging-3.5.3.Final-sources.jar
2025-04-13 16:22:57,602 [Worker-21: Download sources and javadoc] INFO  o.e.m.c.i.e.AbstractTransferListenerAdapter - Downloaded https://repo.maven.apache.org/maven2/org/jboss/logging/jboss-logging/3.5.3.Final/jboss-logging-3.5.3.Final-sources.jar
2025-04-13 16:22:57,604 [Worker-21: Download sources and javadoc] INFO  o.e.m.j.internal.DownloadSourcesJob - Downloaded sources for org.jboss.logging:jboss-logging:3.5.3.Final
2025-04-13 16:22:57,627 [Worker-21: Download sources and javadoc] INFO  o.e.m.c.i.e.AbstractTransferListenerAdapter - Downloading https://repo.maven.apache.org/maven2/com/fasterxml/classmate/1.6.0/classmate-1.6.0-sources.jar
2025-04-13 16:22:57,639 [Worker-21: Download sources and javadoc] INFO  o.e.m.c.i.e.AbstractTransferListenerAdapter - Downloaded https://repo.maven.apache.org/maven2/com/fasterxml/classmate/1.6.0/classmate-1.6.0-sources.jar
2025-04-13 16:22:57,641 [Worker-21: Download sources and javadoc] INFO  o.e.m.j.internal.DownloadSourcesJob - Downloaded sources for com.fasterxml:classmate:1.6.0
2025-04-13 16:22:57,992 [Worker-17: Building] ERROR o.e.m.c.i.URLConnectionCaches - Unexpected URLConnection defaultUseCaches enabled
2025-04-13 16:22:57,995 [Worker-17: Building] INFO  o.a.m.s.f.DefaultMavenResourcesFiltering - Copying 1 resource from src\main\resources to target\classes
2025-04-13 16:22:58,021 [Worker-17: Building] INFO  o.a.m.s.f.DefaultMavenResourcesFiltering - Copying 2 resources from src\main\resources to target\classes
2025-04-13 16:22:58,025 [Worker-17: Building] INFO  o.a.m.s.f.DefaultMavenResourcesFiltering - skip non existing resourceDirectory C:\Users\Rosmira\Downloads\PruebasOK_2\PruebasBBVA\workspace\servicio-conversion-divisas\src\test\resources
2025-04-13 16:23:58,987 [Worker-10: Building] ERROR o.e.m.c.i.URLConnectionCaches - Unexpected URLConnection defaultUseCaches enabled
2025-04-13 16:23:59,126 [Worker-10: Building] INFO  o.e.m.c.i.l.LifecycleMappingFactory - Using org.eclipse.m2e.jdt.JarLifecycleMapping lifecycle mapping for MavenProject: com.bbva.servicioconversiondivisas:servicio-conversion-divisas:0.0.1-SNAPSHOT @ C:\Users\Rosmira\Downloads\PruebasOK_2\PruebasBBVA\workspace\servicio-conversion-divisas\pom.xml.
2025-04-13 16:23:59,473 [Worker-10: Building] ERROR o.e.m.c.i.URLConnectionCaches - Unexpected URLConnection defaultUseCaches enabled
2025-04-13 16:23:59,646 [Worker-10: Building] INFO  o.a.m.s.f.DefaultMavenResourcesFiltering - Copying 0 resource from src\main\resources to target\classes
2025-04-13 16:23:59,647 [Worker-10: Building] INFO  o.a.m.s.f.DefaultMavenResourcesFiltering - Copying 0 resource from src\main\resources to target\classes
2025-04-13 16:23:59,651 [Worker-10: Building] INFO  o.a.m.s.f.DefaultMavenResourcesFiltering - skip non existing resourceDirectory C:\Users\Rosmira\Downloads\PruebasOK_2\PruebasBBVA\workspace\servicio-conversion-divisas\src\test\resources
2025-04-13 16:24:00,876 [Worker-18: Building] ERROR o.e.m.c.i.URLConnectionCaches - Unexpected URLConnection defaultUseCaches enabled
2025-04-13 16:24:00,880 [Worker-18: Building] INFO  o.a.m.s.f.DefaultMavenResourcesFiltering - Copying 1 resource from src\main\resources to target\classes
2025-04-13 16:24:00,895 [Worker-18: Building] INFO  o.a.m.s.f.DefaultMavenResourcesFiltering - Copying 2 resources from src\main\resources to target\classes
2025-04-13 16:24:00,901 [Worker-18: Building] INFO  o.a.m.s.f.DefaultMavenResourcesFiltering - skip non existing resourceDirectory C:\Users\Rosmira\Downloads\PruebasOK_2\PruebasBBVA\workspace\servicio-conversion-divisas\src\test\resources
2025-04-13 16:24:06,878 [Worker-18: Building] ERROR o.e.m.c.i.URLConnectionCaches - Unexpected URLConnection defaultUseCaches enabled
2025-04-13 16:24:06,881 [Worker-18: Building] INFO  o.a.m.s.f.DefaultMavenResourcesFiltering - Copying 1 resource from src\main\resources to target\classes
2025-04-13 16:24:06,885 [Worker-18: Building] INFO  o.a.m.s.f.DefaultMavenResourcesFiltering - Copying 2 resources from src\main\resources to target\classes
2025-04-13 16:24:06,887 [Worker-18: Building] INFO  o.a.m.s.f.DefaultMavenResourcesFiltering - skip non existing resourceDirectory C:\Users\Rosmira\Downloads\PruebasOK_2\PruebasBBVA\workspace\servicio-conversion-divisas\src\test\resources
2025-04-13 16:27:07,301 [Worker-10: Building] ERROR o.e.m.c.i.URLConnectionCaches - Unexpected URLConnection defaultUseCaches enabled
2025-04-13 16:27:07,305 [Worker-10: Building] INFO  o.a.m.s.f.DefaultMavenResourcesFiltering - Copying 1 resource from src\main\resources to target\classes
2025-04-13 16:27:07,314 [Worker-10: Building] INFO  o.a.m.s.f.DefaultMavenResourcesFiltering - Copying 2 resources from src\main\resources to target\classes
2025-04-13 16:27:07,318 [Worker-10: Building] INFO  o.a.m.s.f.DefaultMavenResourcesFiltering - skip non existing resourceDirectory C:\Users\Rosmira\Downloads\PruebasOK_2\PruebasBBVA\workspace\servicio-conversion-divisas\src\test\resources
2025-04-13 16:29:48,842 [Worker-17: Building] ERROR o.e.m.c.i.URLConnectionCaches - Unexpected URLConnection defaultUseCaches enabled
2025-04-13 16:29:48,845 [Worker-17: Building] INFO  o.a.m.s.f.DefaultMavenResourcesFiltering - Copying 1 resource from src\main\resources to target\classes
2025-04-13 16:29:48,849 [Worker-17: Building] INFO  o.a.m.s.f.DefaultMavenResourcesFiltering - Copying 2 resources from src\main\resources to target\classes
2025-04-13 16:29:48,851 [Worker-17: Building] INFO  o.a.m.s.f.DefaultMavenResourcesFiltering - skip non existing resourceDirectory C:\Users\Rosmira\Downloads\PruebasOK_2\PruebasBBVA\workspace\servicio-conversion-divisas\src\test\resources
2025-04-13 16:30:02,404 [Worker-21: Building] ERROR o.e.m.c.i.URLConnectionCaches - Unexpected URLConnection defaultUseCaches enabled
2025-04-13 16:30:02,406 [Worker-21: Building] INFO  o.a.m.s.f.DefaultMavenResourcesFiltering - Copying 1 resource from src\main\resources to target\classes
2025-04-13 16:30:02,411 [Worker-21: Building] INFO  o.a.m.s.f.DefaultMavenResourcesFiltering - Copying 2 resources from src\main\resources to target\classes
2025-04-13 16:30:02,413 [Worker-21: Building] INFO  o.a.m.s.f.DefaultMavenResourcesFiltering - skip non existing resourceDirectory C:\Users\Rosmira\Downloads\PruebasOK_2\PruebasBBVA\workspace\servicio-conversion-divisas\src\test\resources
2025-04-13 16:31:10,098 [Worker-15: Building] ERROR o.e.m.c.i.URLConnectionCaches - Unexpected URLConnection defaultUseCaches enabled
2025-04-13 16:31:10,101 [Worker-15: Building] INFO  o.a.m.s.f.DefaultMavenResourcesFiltering - Copying 1 resource from src\main\resources to target\classes
2025-04-13 16:31:10,106 [Worker-15: Building] INFO  o.a.m.s.f.DefaultMavenResourcesFiltering - Copying 2 resources from src\main\resources to target\classes
2025-04-13 16:31:10,107 [Worker-15: Building] INFO  o.a.m.s.f.DefaultMavenResourcesFiltering - skip non existing resourceDirectory C:\Users\Rosmira\Downloads\PruebasOK_2\PruebasBBVA\workspace\servicio-conversion-divisas\src\test\resources
2025-04-13 16:32:52,685 [Worker-10: Building] ERROR o.e.m.c.i.URLConnectionCaches - Unexpected URLConnection defaultUseCaches enabled
2025-04-13 16:32:52,690 [Worker-10: Building] INFO  o.a.m.s.f.DefaultMavenResourcesFiltering - Copying 1 resource from src\main\resources to target\classes
2025-04-13 16:32:52,693 [Worker-10: Building] INFO  o.a.m.s.f.DefaultMavenResourcesFiltering - Copying 2 resources from src\main\resources to target\classes
2025-04-13 16:32:52,696 [Worker-10: Building] INFO  o.a.m.s.f.DefaultMavenResourcesFiltering - skip non existing resourceDirectory C:\Users\Rosmira\Downloads\PruebasOK_2\PruebasBBVA\workspace\servicio-conversion-divisas\src\test\resources
2025-04-13 16:33:14,153 [Worker-17: Building] ERROR o.e.m.c.i.URLConnectionCaches - Unexpected URLConnection defaultUseCaches enabled
2025-04-13 16:33:14,156 [Worker-17: Building] INFO  o.a.m.s.f.DefaultMavenResourcesFiltering - Copying 1 resource from src\main\resources to target\classes
2025-04-13 16:33:14,159 [Worker-17: Building] INFO  o.a.m.s.f.DefaultMavenResourcesFiltering - Copying 2 resources from src\main\resources to target\classes
2025-04-13 16:33:14,161 [Worker-17: Building] INFO  o.a.m.s.f.DefaultMavenResourcesFiltering - skip non existing resourceDirectory C:\Users\Rosmira\Downloads\PruebasOK_2\PruebasBBVA\workspace\servicio-conversion-divisas\src\test\resources
2025-04-13 16:33:21,286 [Worker-15: Building] ERROR o.e.m.c.i.URLConnectionCaches - Unexpected URLConnection defaultUseCaches enabled
2025-04-13 16:33:21,288 [Worker-15: Building] INFO  o.a.m.s.f.DefaultMavenResourcesFiltering - Copying 1 resource from src\main\resources to target\classes
2025-04-13 16:33:21,292 [Worker-15: Building] INFO  o.a.m.s.f.DefaultMavenResourcesFiltering - Copying 2 resources from src\main\resources to target\classes
2025-04-13 16:33:21,294 [Worker-15: Building] INFO  o.a.m.s.f.DefaultMavenResourcesFiltering - skip non existing resourceDirectory C:\Users\Rosmira\Downloads\PruebasOK_2\PruebasBBVA\workspace\servicio-conversion-divisas\src\test\resources
2025-04-13 16:33:55,495 [Worker-15: Building] ERROR o.e.m.c.i.URLConnectionCaches - Unexpected URLConnection defaultUseCaches enabled
2025-04-13 16:33:55,498 [Worker-15: Building] INFO  o.a.m.s.f.DefaultMavenResourcesFiltering - Copying 1 resource from src\main\resources to target\classes
2025-04-13 16:33:55,502 [Worker-15: Building] INFO  o.a.m.s.f.DefaultMavenResourcesFiltering - Copying 2 resources from src\main\resources to target\classes
2025-04-13 16:33:55,504 [Worker-15: Building] INFO  o.a.m.s.f.DefaultMavenResourcesFiltering - skip non existing resourceDirectory C:\Users\Rosmira\Downloads\PruebasOK_2\PruebasBBVA\workspace\servicio-conversion-divisas\src\test\resources
2025-04-13 16:33:59,403 [Worker-22: Building] ERROR o.e.m.c.i.URLConnectionCaches - Unexpected URLConnection defaultUseCaches enabled
2025-04-13 16:33:59,406 [Worker-22: Building] INFO  o.a.m.s.f.DefaultMavenResourcesFiltering - Copying 1 resource from src\main\resources to target\classes
2025-04-13 16:33:59,409 [Worker-22: Building] INFO  o.a.m.s.f.DefaultMavenResourcesFiltering - Copying 2 resources from src\main\resources to target\classes
2025-04-13 16:33:59,410 [Worker-22: Building] INFO  o.a.m.s.f.DefaultMavenResourcesFiltering - skip non existing resourceDirectory C:\Users\Rosmira\Downloads\PruebasOK_2\PruebasBBVA\workspace\servicio-conversion-divisas\src\test\resources
2025-04-13 16:34:19,426 [Worker-21: Building] ERROR o.e.m.c.i.URLConnectionCaches - Unexpected URLConnection defaultUseCaches enabled
2025-04-13 16:34:19,430 [Worker-21: Building] INFO  o.a.m.s.f.DefaultMavenResourcesFiltering - Copying 1 resource from src\main\resources to target\classes
2025-04-13 16:34:19,434 [Worker-21: Building] INFO  o.a.m.s.f.DefaultMavenResourcesFiltering - Copying 2 resources from src\main\resources to target\classes
2025-04-13 16:34:19,436 [Worker-21: Building] INFO  o.a.m.s.f.DefaultMavenResourcesFiltering - skip non existing resourceDirectory C:\Users\Rosmira\Downloads\PruebasOK_2\PruebasBBVA\workspace\servicio-conversion-divisas\src\test\resources
2025-04-13 16:34:59,551 [Worker-10: Building] ERROR o.e.m.c.i.URLConnectionCaches - Unexpected URLConnection defaultUseCaches enabled
2025-04-13 16:34:59,554 [Worker-10: Building] INFO  o.a.m.s.f.DefaultMavenResourcesFiltering - Copying 1 resource from src\main\resources to target\classes
2025-04-13 16:34:59,557 [Worker-10: Building] INFO  o.a.m.s.f.DefaultMavenResourcesFiltering - Copying 2 resources from src\main\resources to target\classes
2025-04-13 16:34:59,558 [Worker-10: Building] INFO  o.a.m.s.f.DefaultMavenResourcesFiltering - skip non existing resourceDirectory C:\Users\Rosmira\Downloads\PruebasOK_2\PruebasBBVA\workspace\servicio-conversion-divisas\src\test\resources
2025-04-13 16:35:03,765 [Worker-20: Building] ERROR o.e.m.c.i.URLConnectionCaches - Unexpected URLConnection defaultUseCaches enabled
2025-04-13 16:35:03,767 [Worker-20: Building] INFO  o.a.m.s.f.DefaultMavenResourcesFiltering - Copying 1 resource from src\main\resources to target\classes
2025-04-13 16:35:03,770 [Worker-20: Building] INFO  o.a.m.s.f.DefaultMavenResourcesFiltering - Copying 2 resources from src\main\resources to target\classes
2025-04-13 16:35:03,772 [Worker-20: Building] INFO  o.a.m.s.f.DefaultMavenResourcesFiltering - skip non existing resourceDirectory C:\Users\Rosmira\Downloads\PruebasOK_2\PruebasBBVA\workspace\servicio-conversion-divisas\src\test\resources
2025-04-13 16:38:56,781 [Worker-22: Building] ERROR o.e.m.c.i.URLConnectionCaches - Unexpected URLConnection defaultUseCaches enabled
2025-04-13 16:38:56,785 [Worker-22: Building] INFO  o.a.m.s.f.DefaultMavenResourcesFiltering - Copying 1 resource from src\main\resources to target\classes
2025-04-13 16:38:56,791 [Worker-22: Building] INFO  o.a.m.s.f.DefaultMavenResourcesFiltering - Copying 2 resources from src\main\resources to target\classes
2025-04-13 16:38:56,793 [Worker-22: Building] INFO  o.a.m.s.f.DefaultMavenResourcesFiltering - skip non existing resourceDirectory C:\Users\Rosmira\Downloads\PruebasOK_2\PruebasBBVA\workspace\servicio-conversion-divisas\src\test\resources
2025-04-13 16:39:29,372 [Worker-22: Building] ERROR o.e.m.c.i.URLConnectionCaches - Unexpected URLConnection defaultUseCaches enabled
2025-04-13 16:39:29,375 [Worker-22: Building] INFO  o.a.m.s.f.DefaultMavenResourcesFiltering - Copying 1 resource from src\main\resources to target\classes
2025-04-13 16:39:29,379 [Worker-22: Building] INFO  o.a.m.s.f.DefaultMavenResourcesFiltering - Copying 2 resources from src\main\resources to target\classes
2025-04-13 16:39:29,380 [Worker-22: Building] INFO  o.a.m.s.f.DefaultMavenResourcesFiltering - skip non existing resourceDirectory C:\Users\Rosmira\Downloads\PruebasOK_2\PruebasBBVA\workspace\servicio-conversion-divisas\src\test\resources
2025-04-13 16:39:44,337 [Worker-20: Building] ERROR o.e.m.c.i.URLConnectionCaches - Unexpected URLConnection defaultUseCaches enabled
2025-04-13 16:39:44,339 [Worker-20: Building] INFO  o.a.m.s.f.DefaultMavenResourcesFiltering - Copying 1 resource from src\main\resources to target\classes
2025-04-13 16:39:44,343 [Worker-20: Building] INFO  o.a.m.s.f.DefaultMavenResourcesFiltering - Copying 2 resources from src\main\resources to target\classes
2025-04-13 16:39:44,344 [Worker-20: Building] INFO  o.a.m.s.f.DefaultMavenResourcesFiltering - skip non existing resourceDirectory C:\Users\Rosmira\Downloads\PruebasOK_2\PruebasBBVA\workspace\servicio-conversion-divisas\src\test\resources
2025-04-13 16:40:08,716 [Worker-10: Building] ERROR o.e.m.c.i.URLConnectionCaches - Unexpected URLConnection defaultUseCaches enabled
2025-04-13 16:40:08,719 [Worker-10: Building] INFO  o.a.m.s.f.DefaultMavenResourcesFiltering - Copying 1 resource from src\main\resources to target\classes
2025-04-13 16:40:08,723 [Worker-10: Building] INFO  o.a.m.s.f.DefaultMavenResourcesFiltering - Copying 2 resources from src\main\resources to target\classes
2025-04-13 16:40:08,725 [Worker-10: Building] INFO  o.a.m.s.f.DefaultMavenResourcesFiltering - skip non existing resourceDirectory C:\Users\Rosmira\Downloads\PruebasOK_2\PruebasBBVA\workspace\servicio-conversion-divisas\src\test\resources
2025-04-13 16:41:04,344 [Worker-17: Building] ERROR o.e.m.c.i.URLConnectionCaches - Unexpected URLConnection defaultUseCaches enabled
2025-04-13 16:41:04,347 [Worker-17: Building] INFO  o.a.m.s.f.DefaultMavenResourcesFiltering - Copying 1 resource from src\main\resources to target\classes
2025-04-13 16:41:04,350 [Worker-17: Building] INFO  o.a.m.s.f.DefaultMavenResourcesFiltering - Copying 2 resources from src\main\resources to target\classes
2025-04-13 16:41:04,351 [Worker-17: Building] INFO  o.a.m.s.f.DefaultMavenResourcesFiltering - skip non existing resourceDirectory C:\Users\Rosmira\Downloads\PruebasOK_2\PruebasBBVA\workspace\servicio-conversion-divisas\src\test\resources
2025-04-13 16:41:17,498 [Worker-21: Building] ERROR o.e.m.c.i.URLConnectionCaches - Unexpected URLConnection defaultUseCaches enabled
2025-04-13 16:41:17,500 [Worker-21: Building] INFO  o.a.m.s.f.DefaultMavenResourcesFiltering - Copying 1 resource from src\main\resources to target\classes
2025-04-13 16:41:17,504 [Worker-21: Building] INFO  o.a.m.s.f.DefaultMavenResourcesFiltering - Copying 2 resources from src\main\resources to target\classes
2025-04-13 16:41:17,505 [Worker-21: Building] INFO  o.a.m.s.f.DefaultMavenResourcesFiltering - skip non existing resourceDirectory C:\Users\Rosmira\Downloads\PruebasOK_2\PruebasBBVA\workspace\servicio-conversion-divisas\src\test\resources
2025-04-13 16:44:41,370 [Worker-22: Building] ERROR o.e.m.c.i.URLConnectionCaches - Unexpected URLConnection defaultUseCaches enabled
2025-04-13 16:44:41,374 [Worker-22: Building] INFO  o.a.m.s.f.DefaultMavenResourcesFiltering - Copying 1 resource from src\main\resources to target\classes
2025-04-13 16:44:41,379 [Worker-22: Building] INFO  o.a.m.s.f.DefaultMavenResourcesFiltering - Copying 2 resources from src\main\resources to target\classes
2025-04-13 16:44:41,381 [Worker-22: Building] INFO  o.a.m.s.f.DefaultMavenResourcesFiltering - skip non existing resourceDirectory C:\Users\Rosmira\Downloads\PruebasOK_2\PruebasBBVA\workspace\servicio-conversion-divisas\src\test\resources
2025-04-13 16:46:31,529 [Worker-15: Launching Executing test in C__Users_Rosmira_Downloads_PruebasOK_2_PruebasBBVA_workspace_servicio-conversion-divisas] INFO  o.eclipse.m2e.core.internal.Bundles - getClasspathEntries(Bundle=org.eclipse.m2e.maven.runtime_3.9.900.20250220-2013 [361])
2025-04-13 16:46:31,530 [Worker-15: Launching Executing test in C__Users_Rosmira_Downloads_PruebasOK_2_PruebasBBVA_workspace_servicio-conversion-divisas] INFO  o.eclipse.m2e.core.internal.Bundles - 	Entry: C:\Users\Rosmira\OneDrive\Documentos\CapacitacionSpring\sts-4.29.1.RELEASE\plugins\org.eclipse.m2e.maven.runtime_3.9.900.20250220-2013
2025-04-13 16:46:31,531 [Worker-15: Launching Executing test in C__Users_Rosmira_Downloads_PruebasOK_2_PruebasBBVA_workspace_servicio-conversion-divisas] INFO  o.eclipse.m2e.core.internal.Bundles - 	Entry: C:\Users\Rosmira\OneDrive\Documentos\CapacitacionSpring\sts-4.29.1.RELEASE\plugins\org.eclipse.m2e.maven.runtime_3.9.900.20250220-2013\jars\aopalliance-1.0.jar
2025-04-13 16:46:31,531 [Worker-15: Launching Executing test in C__Users_Rosmira_Downloads_PruebasOK_2_PruebasBBVA_workspace_servicio-conversion-divisas] INFO  o.eclipse.m2e.core.internal.Bundles - 	Entry: C:\Users\Rosmira\OneDrive\Documentos\CapacitacionSpring\sts-4.29.1.RELEASE\plugins\org.eclipse.m2e.maven.runtime_3.9.900.20250220-2013\jars\guice-5.1.0.jar
2025-04-13 16:46:31,531 [Worker-15: Launching Executing test in C__Users_Rosmira_Downloads_PruebasOK_2_PruebasBBVA_workspace_servicio-conversion-divisas] INFO  o.eclipse.m2e.core.internal.Bundles - 	Entry: C:\Users\Rosmira\OneDrive\Documentos\CapacitacionSpring\sts-4.29.1.RELEASE\plugins\org.eclipse.m2e.maven.runtime_3.9.900.20250220-2013\jars\httpclient-4.5.14.jar
2025-04-13 16:46:31,531 [Worker-15: Launching Executing test in C__Users_Rosmira_Downloads_PruebasOK_2_PruebasBBVA_workspace_servicio-conversion-divisas] INFO  o.eclipse.m2e.core.internal.Bundles - 	Entry: C:\Users\Rosmira\OneDrive\Documentos\CapacitacionSpring\sts-4.29.1.RELEASE\plugins\org.eclipse.m2e.maven.runtime_3.9.900.20250220-2013\jars\httpcore-4.4.16.jar
2025-04-13 16:46:31,531 [Worker-15: Launching Executing test in C__Users_Rosmira_Downloads_PruebasOK_2_PruebasBBVA_workspace_servicio-conversion-divisas] INFO  o.eclipse.m2e.core.internal.Bundles - 	Entry: C:\Users\Rosmira\OneDrive\Documentos\CapacitacionSpring\sts-4.29.1.RELEASE\plugins\org.eclipse.m2e.maven.runtime_3.9.900.20250220-2013\jars\jansi-2.4.1.jar
2025-04-13 16:46:31,531 [Worker-15: Launching Executing test in C__Users_Rosmira_Downloads_PruebasOK_2_PruebasBBVA_workspace_servicio-conversion-divisas] INFO  o.eclipse.m2e.core.internal.Bundles - 	Entry: C:\Users\Rosmira\OneDrive\Documentos\CapacitacionSpring\sts-4.29.1.RELEASE\plugins\org.eclipse.m2e.maven.runtime_3.9.900.20250220-2013\jars\jcl-over-slf4j-1.7.36.jar
2025-04-13 16:46:31,531 [Worker-15: Launching Executing test in C__Users_Rosmira_Downloads_PruebasOK_2_PruebasBBVA_workspace_servicio-conversion-divisas] INFO  o.eclipse.m2e.core.internal.Bundles - 	Entry: C:\Users\Rosmira\OneDrive\Documentos\CapacitacionSpring\sts-4.29.1.RELEASE\plugins\org.eclipse.m2e.maven.runtime_3.9.900.20250220-2013\jars\maven-artifact-3.9.9.jar
2025-04-13 16:46:31,531 [Worker-15: Launching Executing test in C__Users_Rosmira_Downloads_PruebasOK_2_PruebasBBVA_workspace_servicio-conversion-divisas] INFO  o.eclipse.m2e.core.internal.Bundles - 	Entry: C:\Users\Rosmira\OneDrive\Documentos\CapacitacionSpring\sts-4.29.1.RELEASE\plugins\org.eclipse.m2e.maven.runtime_3.9.900.20250220-2013\jars\maven-builder-support-3.9.9.jar
2025-04-13 16:46:31,531 [Worker-15: Launching Executing test in C__Users_Rosmira_Downloads_PruebasOK_2_PruebasBBVA_workspace_servicio-conversion-divisas] INFO  o.eclipse.m2e.core.internal.Bundles - 	Entry: C:\Users\Rosmira\OneDrive\Documentos\CapacitacionSpring\sts-4.29.1.RELEASE\plugins\org.eclipse.m2e.maven.runtime_3.9.900.20250220-2013\jars\maven-compat-3.9.9.jar
2025-04-13 16:46:31,531 [Worker-15: Launching Executing test in C__Users_Rosmira_Downloads_PruebasOK_2_PruebasBBVA_workspace_servicio-conversion-divisas] INFO  o.eclipse.m2e.core.internal.Bundles - 	Entry: C:\Users\Rosmira\OneDrive\Documentos\CapacitacionSpring\sts-4.29.1.RELEASE\plugins\org.eclipse.m2e.maven.runtime_3.9.900.20250220-2013\jars\maven-core-3.9.9.jar
2025-04-13 16:46:31,531 [Worker-15: Launching Executing test in C__Users_Rosmira_Downloads_PruebasOK_2_PruebasBBVA_workspace_servicio-conversion-divisas] INFO  o.eclipse.m2e.core.internal.Bundles - 	Entry: C:\Users\Rosmira\OneDrive\Documentos\CapacitacionSpring\sts-4.29.1.RELEASE\plugins\org.eclipse.m2e.maven.runtime_3.9.900.20250220-2013\jars\maven-embedder-3.9.9.jar
2025-04-13 16:46:31,531 [Worker-15: Launching Executing test in C__Users_Rosmira_Downloads_PruebasOK_2_PruebasBBVA_workspace_servicio-conversion-divisas] INFO  o.eclipse.m2e.core.internal.Bundles - 	Entry: C:\Users\Rosmira\OneDrive\Documentos\CapacitacionSpring\sts-4.29.1.RELEASE\plugins\org.eclipse.m2e.maven.runtime_3.9.900.20250220-2013\jars\maven-model-3.9.9.jar
2025-04-13 16:46:31,531 [Worker-15: Launching Executing test in C__Users_Rosmira_Downloads_PruebasOK_2_PruebasBBVA_workspace_servicio-conversion-divisas] INFO  o.eclipse.m2e.core.internal.Bundles - 	Entry: C:\Users\Rosmira\OneDrive\Documentos\CapacitacionSpring\sts-4.29.1.RELEASE\plugins\org.eclipse.m2e.maven.runtime_3.9.900.20250220-2013\jars\maven-model-builder-3.9.9.jar
2025-04-13 16:46:31,531 [Worker-15: Launching Executing test in C__Users_Rosmira_Downloads_PruebasOK_2_PruebasBBVA_workspace_servicio-conversion-divisas] INFO  o.eclipse.m2e.core.internal.Bundles - 	Entry: C:\Users\Rosmira\OneDrive\Documentos\CapacitacionSpring\sts-4.29.1.RELEASE\plugins\org.eclipse.m2e.maven.runtime_3.9.900.20250220-2013\jars\maven-plugin-api-3.9.9.jar
2025-04-13 16:46:31,531 [Worker-15: Launching Executing test in C__Users_Rosmira_Downloads_PruebasOK_2_PruebasBBVA_workspace_servicio-conversion-divisas] INFO  o.eclipse.m2e.core.internal.Bundles - 	Entry: C:\Users\Rosmira\OneDrive\Documentos\CapacitacionSpring\sts-4.29.1.RELEASE\plugins\org.eclipse.m2e.maven.runtime_3.9.900.20250220-2013\jars\maven-repository-metadata-3.9.9.jar
2025-04-13 16:46:31,532 [Worker-15: Launching Executing test in C__Users_Rosmira_Downloads_PruebasOK_2_PruebasBBVA_workspace_servicio-conversion-divisas] INFO  o.eclipse.m2e.core.internal.Bundles - 	Entry: C:\Users\Rosmira\OneDrive\Documentos\CapacitacionSpring\sts-4.29.1.RELEASE\plugins\org.eclipse.m2e.maven.runtime_3.9.900.20250220-2013\jars\maven-resolver-api-1.9.22.jar
2025-04-13 16:46:31,532 [Worker-15: Launching Executing test in C__Users_Rosmira_Downloads_PruebasOK_2_PruebasBBVA_workspace_servicio-conversion-divisas] INFO  o.eclipse.m2e.core.internal.Bundles - 	Entry: C:\Users\Rosmira\OneDrive\Documentos\CapacitacionSpring\sts-4.29.1.RELEASE\plugins\org.eclipse.m2e.maven.runtime_3.9.900.20250220-2013\jars\maven-resolver-connector-basic-1.9.22.jar
2025-04-13 16:46:31,532 [Worker-15: Launching Executing test in C__Users_Rosmira_Downloads_PruebasOK_2_PruebasBBVA_workspace_servicio-conversion-divisas] INFO  o.eclipse.m2e.core.internal.Bundles - 	Entry: C:\Users\Rosmira\OneDrive\Documentos\CapacitacionSpring\sts-4.29.1.RELEASE\plugins\org.eclipse.m2e.maven.runtime_3.9.900.20250220-2013\jars\maven-resolver-impl-1.9.22.jar
2025-04-13 16:46:31,532 [Worker-15: Launching Executing test in C__Users_Rosmira_Downloads_PruebasOK_2_PruebasBBVA_workspace_servicio-conversion-divisas] INFO  o.eclipse.m2e.core.internal.Bundles - 	Entry: C:\Users\Rosmira\OneDrive\Documentos\CapacitacionSpring\sts-4.29.1.RELEASE\plugins\org.eclipse.m2e.maven.runtime_3.9.900.20250220-2013\jars\maven-resolver-named-locks-1.9.22.jar
2025-04-13 16:46:31,532 [Worker-15: Launching Executing test in C__Users_Rosmira_Downloads_PruebasOK_2_PruebasBBVA_workspace_servicio-conversion-divisas] INFO  o.eclipse.m2e.core.internal.Bundles - 	Entry: C:\Users\Rosmira\OneDrive\Documentos\CapacitacionSpring\sts-4.29.1.RELEASE\plugins\org.eclipse.m2e.maven.runtime_3.9.900.20250220-2013\jars\maven-resolver-provider-3.9.9.jar
2025-04-13 16:46:31,532 [Worker-15: Launching Executing test in C__Users_Rosmira_Downloads_PruebasOK_2_PruebasBBVA_workspace_servicio-conversion-divisas] INFO  o.eclipse.m2e.core.internal.Bundles - 	Entry: C:\Users\Rosmira\OneDrive\Documentos\CapacitacionSpring\sts-4.29.1.RELEASE\plugins\org.eclipse.m2e.maven.runtime_3.9.900.20250220-2013\jars\maven-resolver-spi-1.9.22.jar
2025-04-13 16:46:31,532 [Worker-15: Launching Executing test in C__Users_Rosmira_Downloads_PruebasOK_2_PruebasBBVA_workspace_servicio-conversion-divisas] INFO  o.eclipse.m2e.core.internal.Bundles - 	Entry: C:\Users\Rosmira\OneDrive\Documentos\CapacitacionSpring\sts-4.29.1.RELEASE\plugins\org.eclipse.m2e.maven.runtime_3.9.900.20250220-2013\jars\maven-resolver-transport-file-1.9.22.jar
2025-04-13 16:46:31,532 [Worker-15: Launching Executing test in C__Users_Rosmira_Downloads_PruebasOK_2_PruebasBBVA_workspace_servicio-conversion-divisas] INFO  o.eclipse.m2e.core.internal.Bundles - 	Entry: C:\Users\Rosmira\OneDrive\Documentos\CapacitacionSpring\sts-4.29.1.RELEASE\plugins\org.eclipse.m2e.maven.runtime_3.9.900.20250220-2013\jars\maven-resolver-transport-http-1.9.22.jar
2025-04-13 16:46:31,532 [Worker-15: Launching Executing test in C__Users_Rosmira_Downloads_PruebasOK_2_PruebasBBVA_workspace_servicio-conversion-divisas] INFO  o.eclipse.m2e.core.internal.Bundles - 	Entry: C:\Users\Rosmira\OneDrive\Documentos\CapacitacionSpring\sts-4.29.1.RELEASE\plugins\org.eclipse.m2e.maven.runtime_3.9.900.20250220-2013\jars\maven-resolver-transport-wagon-1.9.22.jar
2025-04-13 16:46:31,532 [Worker-15: Launching Executing test in C__Users_Rosmira_Downloads_PruebasOK_2_PruebasBBVA_workspace_servicio-conversion-divisas] INFO  o.eclipse.m2e.core.internal.Bundles - 	Entry: C:\Users\Rosmira\OneDrive\Documentos\CapacitacionSpring\sts-4.29.1.RELEASE\plugins\org.eclipse.m2e.maven.runtime_3.9.900.20250220-2013\jars\maven-resolver-util-1.9.22.jar
2025-04-13 16:46:31,532 [Worker-15: Launching Executing test in C__Users_Rosmira_Downloads_PruebasOK_2_PruebasBBVA_workspace_servicio-conversion-divisas] INFO  o.eclipse.m2e.core.internal.Bundles - 	Entry: C:\Users\Rosmira\OneDrive\Documentos\CapacitacionSpring\sts-4.29.1.RELEASE\plugins\org.eclipse.m2e.maven.runtime_3.9.900.20250220-2013\jars\maven-settings-3.9.9.jar
2025-04-13 16:46:31,532 [Worker-15: Launching Executing test in C__Users_Rosmira_Downloads_PruebasOK_2_PruebasBBVA_workspace_servicio-conversion-divisas] INFO  o.eclipse.m2e.core.internal.Bundles - 	Entry: C:\Users\Rosmira\OneDrive\Documentos\CapacitacionSpring\sts-4.29.1.RELEASE\plugins\org.eclipse.m2e.maven.runtime_3.9.900.20250220-2013\jars\maven-settings-builder-3.9.9.jar
2025-04-13 16:46:31,532 [Worker-15: Launching Executing test in C__Users_Rosmira_Downloads_PruebasOK_2_PruebasBBVA_workspace_servicio-conversion-divisas] INFO  o.eclipse.m2e.core.internal.Bundles - 	Entry: C:\Users\Rosmira\OneDrive\Documentos\CapacitacionSpring\sts-4.29.1.RELEASE\plugins\org.eclipse.m2e.maven.runtime_3.9.900.20250220-2013\jars\maven-shared-utils-3.4.2.jar
2025-04-13 16:46:31,532 [Worker-15: Launching Executing test in C__Users_Rosmira_Downloads_PruebasOK_2_PruebasBBVA_workspace_servicio-conversion-divisas] INFO  o.eclipse.m2e.core.internal.Bundles - 	Entry: C:\Users\Rosmira\OneDrive\Documentos\CapacitacionSpring\sts-4.29.1.RELEASE\plugins\org.eclipse.m2e.maven.runtime_3.9.900.20250220-2013\jars\org.eclipse.sisu.inject-0.9.0.M3.jar
2025-04-13 16:46:31,532 [Worker-15: Launching Executing test in C__Users_Rosmira_Downloads_PruebasOK_2_PruebasBBVA_workspace_servicio-conversion-divisas] INFO  o.eclipse.m2e.core.internal.Bundles - 	Entry: C:\Users\Rosmira\OneDrive\Documentos\CapacitacionSpring\sts-4.29.1.RELEASE\plugins\org.eclipse.m2e.maven.runtime_3.9.900.20250220-2013\jars\org.eclipse.sisu.plexus-0.9.0.M3.jar
2025-04-13 16:46:31,533 [Worker-15: Launching Executing test in C__Users_Rosmira_Downloads_PruebasOK_2_PruebasBBVA_workspace_servicio-conversion-divisas] INFO  o.eclipse.m2e.core.internal.Bundles - 	Entry: C:\Users\Rosmira\OneDrive\Documentos\CapacitacionSpring\sts-4.29.1.RELEASE\plugins\org.eclipse.m2e.maven.runtime_3.9.900.20250220-2013\jars\plexus-build-api-0.0.7.jar
2025-04-13 16:46:31,533 [Worker-15: Launching Executing test in C__Users_Rosmira_Downloads_PruebasOK_2_PruebasBBVA_workspace_servicio-conversion-divisas] INFO  o.eclipse.m2e.core.internal.Bundles - 	Entry: C:\Users\Rosmira\OneDrive\Documentos\CapacitacionSpring\sts-4.29.1.RELEASE\plugins\org.eclipse.m2e.maven.runtime_3.9.900.20250220-2013\jars\plexus-build-api-1.2.0.jar
2025-04-13 16:46:31,533 [Worker-15: Launching Executing test in C__Users_Rosmira_Downloads_PruebasOK_2_PruebasBBVA_workspace_servicio-conversion-divisas] INFO  o.eclipse.m2e.core.internal.Bundles - 	Entry: C:\Users\Rosmira\OneDrive\Documentos\CapacitacionSpring\sts-4.29.1.RELEASE\plugins\org.eclipse.m2e.maven.runtime_3.9.900.20250220-2013\jars\plexus-cipher-2.0.jar
2025-04-13 16:46:31,533 [Worker-15: Launching Executing test in C__Users_Rosmira_Downloads_PruebasOK_2_PruebasBBVA_workspace_servicio-conversion-divisas] INFO  o.eclipse.m2e.core.internal.Bundles - 	Entry: C:\Users\Rosmira\OneDrive\Documentos\CapacitacionSpring\sts-4.29.1.RELEASE\plugins\org.eclipse.m2e.maven.runtime_3.9.900.20250220-2013\jars\plexus-classworlds-2.8.0.jar
2025-04-13 16:46:31,533 [Worker-15: Launching Executing test in C__Users_Rosmira_Downloads_PruebasOK_2_PruebasBBVA_workspace_servicio-conversion-divisas] INFO  o.eclipse.m2e.core.internal.Bundles - 	Entry: C:\Users\Rosmira\OneDrive\Documentos\CapacitacionSpring\sts-4.29.1.RELEASE\plugins\org.eclipse.m2e.maven.runtime_3.9.900.20250220-2013\jars\plexus-component-annotations-2.1.0.jar
2025-04-13 16:46:31,533 [Worker-15: Launching Executing test in C__Users_Rosmira_Downloads_PruebasOK_2_PruebasBBVA_workspace_servicio-conversion-divisas] INFO  o.eclipse.m2e.core.internal.Bundles - 	Entry: C:\Users\Rosmira\OneDrive\Documentos\CapacitacionSpring\sts-4.29.1.RELEASE\plugins\org.eclipse.m2e.maven.runtime_3.9.900.20250220-2013\jars\plexus-interpolation-1.27.jar
2025-04-13 16:46:31,533 [Worker-15: Launching Executing test in C__Users_Rosmira_Downloads_PruebasOK_2_PruebasBBVA_workspace_servicio-conversion-divisas] INFO  o.eclipse.m2e.core.internal.Bundles - 	Entry: C:\Users\Rosmira\OneDrive\Documentos\CapacitacionSpring\sts-4.29.1.RELEASE\plugins\org.eclipse.m2e.maven.runtime_3.9.900.20250220-2013\jars\plexus-sec-dispatcher-2.0.jar
2025-04-13 16:46:31,533 [Worker-15: Launching Executing test in C__Users_Rosmira_Downloads_PruebasOK_2_PruebasBBVA_workspace_servicio-conversion-divisas] INFO  o.eclipse.m2e.core.internal.Bundles - 	Entry: C:\Users\Rosmira\OneDrive\Documentos\CapacitacionSpring\sts-4.29.1.RELEASE\plugins\org.eclipse.m2e.maven.runtime_3.9.900.20250220-2013\jars\plexus-utils-3.5.1.jar
2025-04-13 16:46:31,533 [Worker-15: Launching Executing test in C__Users_Rosmira_Downloads_PruebasOK_2_PruebasBBVA_workspace_servicio-conversion-divisas] INFO  o.eclipse.m2e.core.internal.Bundles - 	Entry: C:\Users\Rosmira\OneDrive\Documentos\CapacitacionSpring\sts-4.29.1.RELEASE\plugins\org.eclipse.m2e.maven.runtime_3.9.900.20250220-2013\jars\plexus-xml-3.0.1.jar
2025-04-13 16:46:31,533 [Worker-15: Launching Executing test in C__Users_Rosmira_Downloads_PruebasOK_2_PruebasBBVA_workspace_servicio-conversion-divisas] INFO  o.eclipse.m2e.core.internal.Bundles - 	Entry: C:\Users\Rosmira\OneDrive\Documentos\CapacitacionSpring\sts-4.29.1.RELEASE\plugins\org.eclipse.m2e.maven.runtime_3.9.900.20250220-2013\jars\wagon-file-3.5.3.jar
2025-04-13 16:46:31,533 [Worker-15: Launching Executing test in C__Users_Rosmira_Downloads_PruebasOK_2_PruebasBBVA_workspace_servicio-conversion-divisas] INFO  o.eclipse.m2e.core.internal.Bundles - 	Entry: C:\Users\Rosmira\OneDrive\Documentos\CapacitacionSpring\sts-4.29.1.RELEASE\plugins\org.eclipse.m2e.maven.runtime_3.9.900.20250220-2013\jars\wagon-http-3.5.3.jar
2025-04-13 16:46:31,533 [Worker-15: Launching Executing test in C__Users_Rosmira_Downloads_PruebasOK_2_PruebasBBVA_workspace_servicio-conversion-divisas] INFO  o.eclipse.m2e.core.internal.Bundles - 	Entry: C:\Users\Rosmira\OneDrive\Documentos\CapacitacionSpring\sts-4.29.1.RELEASE\plugins\org.eclipse.m2e.maven.runtime_3.9.900.20250220-2013\jars\wagon-http-shared-3.5.3.jar
2025-04-13 16:46:31,533 [Worker-15: Launching Executing test in C__Users_Rosmira_Downloads_PruebasOK_2_PruebasBBVA_workspace_servicio-conversion-divisas] INFO  o.eclipse.m2e.core.internal.Bundles - 	Entry: C:\Users\Rosmira\OneDrive\Documentos\CapacitacionSpring\sts-4.29.1.RELEASE\plugins\org.eclipse.m2e.maven.runtime_3.9.900.20250220-2013\jars\wagon-provider-api-3.5.3.jar
2025-04-13 16:46:31,534 [Worker-15: Launching Executing test in C__Users_Rosmira_Downloads_PruebasOK_2_PruebasBBVA_workspace_servicio-conversion-divisas] INFO  o.eclipse.m2e.core.internal.Bundles - getClasspathEntries(Bundle=com.google.guava_33.4.0.jre [29])
2025-04-13 16:46:31,534 [Worker-15: Launching Executing test in C__Users_Rosmira_Downloads_PruebasOK_2_PruebasBBVA_workspace_servicio-conversion-divisas] INFO  o.eclipse.m2e.core.internal.Bundles - 	Entry: C:\Users\Rosmira\OneDrive\Documentos\CapacitacionSpring\sts-4.29.1.RELEASE\plugins\com.google.guava_33.4.0.jre.jar
2025-04-13 16:46:31,534 [Worker-15: Launching Executing test in C__Users_Rosmira_Downloads_PruebasOK_2_PruebasBBVA_workspace_servicio-conversion-divisas] INFO  o.eclipse.m2e.core.internal.Bundles - getClasspathEntries(Bundle=slf4j.api_2.0.17 [608])
2025-04-13 16:46:31,534 [Worker-15: Launching Executing test in C__Users_Rosmira_Downloads_PruebasOK_2_PruebasBBVA_workspace_servicio-conversion-divisas] INFO  o.eclipse.m2e.core.internal.Bundles - 	Entry: C:\Users\Rosmira\OneDrive\Documentos\CapacitacionSpring\sts-4.29.1.RELEASE\plugins\slf4j.api_2.0.17.jar
2025-04-13 16:46:31,534 [Worker-15: Launching Executing test in C__Users_Rosmira_Downloads_PruebasOK_2_PruebasBBVA_workspace_servicio-conversion-divisas] INFO  o.eclipse.m2e.core.internal.Bundles - getClasspathEntries(Bundle=jakarta.inject.jakarta.inject-api_1.0.5 [45])
2025-04-13 16:46:31,534 [Worker-15: Launching Executing test in C__Users_Rosmira_Downloads_PruebasOK_2_PruebasBBVA_workspace_servicio-conversion-divisas] INFO  o.eclipse.m2e.core.internal.Bundles - 	Entry: C:\Users\Rosmira\OneDrive\Documentos\CapacitacionSpring\sts-4.29.1.RELEASE\plugins\jakarta.inject.jakarta.inject-api_1.0.5.jar
2025-04-13 16:46:31,534 [Worker-15: Launching Executing test in C__Users_Rosmira_Downloads_PruebasOK_2_PruebasBBVA_workspace_servicio-conversion-divisas] INFO  o.eclipse.m2e.core.internal.Bundles - getClasspathEntries(Bundle=jakarta.annotation-api_1.3.5 [41])
2025-04-13 16:46:31,535 [Worker-15: Launching Executing test in C__Users_Rosmira_Downloads_PruebasOK_2_PruebasBBVA_workspace_servicio-conversion-divisas] INFO  o.eclipse.m2e.core.internal.Bundles - 	Entry: C:\Users\Rosmira\OneDrive\Documentos\CapacitacionSpring\sts-4.29.1.RELEASE\plugins\jakarta.annotation-api_1.3.5.jar
2025-04-13 16:46:31,535 [Worker-15: Launching Executing test in C__Users_Rosmira_Downloads_PruebasOK_2_PruebasBBVA_workspace_servicio-conversion-divisas] INFO  o.eclipse.m2e.core.internal.Bundles - getClasspathEntries(Bundle=org.apache.commons.cli_1.9.0 [77])
2025-04-13 16:46:31,535 [Worker-15: Launching Executing test in C__Users_Rosmira_Downloads_PruebasOK_2_PruebasBBVA_workspace_servicio-conversion-divisas] INFO  o.eclipse.m2e.core.internal.Bundles - 	Entry: C:\Users\Rosmira\OneDrive\Documentos\CapacitacionSpring\sts-4.29.1.RELEASE\plugins\org.apache.commons.cli_1.9.0.jar
2025-04-13 16:46:31,535 [Worker-15: Launching Executing test in C__Users_Rosmira_Downloads_PruebasOK_2_PruebasBBVA_workspace_servicio-conversion-divisas] INFO  o.eclipse.m2e.core.internal.Bundles - getClasspathEntries(Bundle=org.apache.commons.commons-codec_1.16.0 [79])
2025-04-13 16:46:31,535 [Worker-15: Launching Executing test in C__Users_Rosmira_Downloads_PruebasOK_2_PruebasBBVA_workspace_servicio-conversion-divisas] INFO  o.eclipse.m2e.core.internal.Bundles - 	Entry: C:\Users\Rosmira\OneDrive\Documentos\CapacitacionSpring\sts-4.29.1.RELEASE\plugins\org.apache.commons.commons-codec_1.16.0.jar
2025-04-13 16:46:31,535 [Worker-15: Launching Executing test in C__Users_Rosmira_Downloads_PruebasOK_2_PruebasBBVA_workspace_servicio-conversion-divisas] INFO  o.eclipse.m2e.core.internal.Bundles - getClasspathEntries(Bundle=com.google.guava.failureaccess_1.0.2 [30])
2025-04-13 16:46:31,535 [Worker-15: Launching Executing test in C__Users_Rosmira_Downloads_PruebasOK_2_PruebasBBVA_workspace_servicio-conversion-divisas] INFO  o.eclipse.m2e.core.internal.Bundles - 	Entry: C:\Users\Rosmira\OneDrive\Documentos\CapacitacionSpring\sts-4.29.1.RELEASE\plugins\com.google.guava.failureaccess_1.0.2.jar
2025-04-13 16:46:31,537 [Worker-15: Launching Executing test in C__Users_Rosmira_Downloads_PruebasOK_2_PruebasBBVA_workspace_servicio-conversion-divisas] INFO  o.e.m.i.launch.MavenLaunchDelegate - Run build in "C:\Users\Rosmira\Downloads\PruebasOK_2\PruebasBBVA\workspace\servicio-conversion-divisas":
2025-04-13 16:46:31,537 [Worker-15: Launching Executing test in C__Users_Rosmira_Downloads_PruebasOK_2_PruebasBBVA_workspace_servicio-conversion-divisas] INFO  o.e.m.i.launch.MavenLaunchDelegate -  mvn  -Ppom.xml -B -Dstyle.color=always test
2025-04-13 16:46:58,090 [Worker-10: Building] ERROR o.e.m.c.i.URLConnectionCaches - Unexpected URLConnection defaultUseCaches enabled
2025-04-13 16:46:58,092 [Worker-10: Building] INFO  o.a.m.s.f.DefaultMavenResourcesFiltering - Copying 1 resource from src\main\resources to target\classes
2025-04-13 16:46:58,093 [Worker-10: Building] INFO  o.a.m.s.f.DefaultMavenResourcesFiltering - Copying 2 resources from src\main\resources to target\classes
2025-04-13 16:46:58,097 [Worker-10: Building] INFO  o.a.m.s.f.DefaultMavenResourcesFiltering - skip non existing resourceDirectory C:\Users\Rosmira\Downloads\PruebasOK_2\PruebasBBVA\workspace\servicio-conversion-divisas\src\test\resources
2025-04-13 16:47:20,902 [Worker-18: Launching Executing test in C__Users_Rosmira_Downloads_PruebasOK_2_PruebasBBVA_workspace_servicio-conversion-divisas] INFO  o.eclipse.m2e.core.internal.Bundles - getClasspathEntries(Bundle=org.eclipse.m2e.maven.runtime_3.9.900.20250220-2013 [361])
2025-04-13 16:47:20,903 [Worker-18: Launching Executing test in C__Users_Rosmira_Downloads_PruebasOK_2_PruebasBBVA_workspace_servicio-conversion-divisas] INFO  o.eclipse.m2e.core.internal.Bundles - 	Entry: C:\Users\Rosmira\OneDrive\Documentos\CapacitacionSpring\sts-4.29.1.RELEASE\plugins\org.eclipse.m2e.maven.runtime_3.9.900.20250220-2013
2025-04-13 16:47:20,903 [Worker-18: Launching Executing test in C__Users_Rosmira_Downloads_PruebasOK_2_PruebasBBVA_workspace_servicio-conversion-divisas] INFO  o.eclipse.m2e.core.internal.Bundles - 	Entry: C:\Users\Rosmira\OneDrive\Documentos\CapacitacionSpring\sts-4.29.1.RELEASE\plugins\org.eclipse.m2e.maven.runtime_3.9.900.20250220-2013\jars\aopalliance-1.0.jar
2025-04-13 16:47:20,903 [Worker-18: Launching Executing test in C__Users_Rosmira_Downloads_PruebasOK_2_PruebasBBVA_workspace_servicio-conversion-divisas] INFO  o.eclipse.m2e.core.internal.Bundles - 	Entry: C:\Users\Rosmira\OneDrive\Documentos\CapacitacionSpring\sts-4.29.1.RELEASE\plugins\org.eclipse.m2e.maven.runtime_3.9.900.20250220-2013\jars\guice-5.1.0.jar
2025-04-13 16:47:20,903 [Worker-18: Launching Executing test in C__Users_Rosmira_Downloads_PruebasOK_2_PruebasBBVA_workspace_servicio-conversion-divisas] INFO  o.eclipse.m2e.core.internal.Bundles - 	Entry: C:\Users\Rosmira\OneDrive\Documentos\CapacitacionSpring\sts-4.29.1.RELEASE\plugins\org.eclipse.m2e.maven.runtime_3.9.900.20250220-2013\jars\httpclient-4.5.14.jar
2025-04-13 16:47:20,903 [Worker-18: Launching Executing test in C__Users_Rosmira_Downloads_PruebasOK_2_PruebasBBVA_workspace_servicio-conversion-divisas] INFO  o.eclipse.m2e.core.internal.Bundles - 	Entry: C:\Users\Rosmira\OneDrive\Documentos\CapacitacionSpring\sts-4.29.1.RELEASE\plugins\org.eclipse.m2e.maven.runtime_3.9.900.20250220-2013\jars\httpcore-4.4.16.jar
2025-04-13 16:47:20,903 [Worker-18: Launching Executing test in C__Users_Rosmira_Downloads_PruebasOK_2_PruebasBBVA_workspace_servicio-conversion-divisas] INFO  o.eclipse.m2e.core.internal.Bundles - 	Entry: C:\Users\Rosmira\OneDrive\Documentos\CapacitacionSpring\sts-4.29.1.RELEASE\plugins\org.eclipse.m2e.maven.runtime_3.9.900.20250220-2013\jars\jansi-2.4.1.jar
2025-04-13 16:47:20,903 [Worker-18: Launching Executing test in C__Users_Rosmira_Downloads_PruebasOK_2_PruebasBBVA_workspace_servicio-conversion-divisas] INFO  o.eclipse.m2e.core.internal.Bundles - 	Entry: C:\Users\Rosmira\OneDrive\Documentos\CapacitacionSpring\sts-4.29.1.RELEASE\plugins\org.eclipse.m2e.maven.runtime_3.9.900.20250220-2013\jars\jcl-over-slf4j-1.7.36.jar
2025-04-13 16:47:20,903 [Worker-18: Launching Executing test in C__Users_Rosmira_Downloads_PruebasOK_2_PruebasBBVA_workspace_servicio-conversion-divisas] INFO  o.eclipse.m2e.core.internal.Bundles - 	Entry: C:\Users\Rosmira\OneDrive\Documentos\CapacitacionSpring\sts-4.29.1.RELEASE\plugins\org.eclipse.m2e.maven.runtime_3.9.900.20250220-2013\jars\maven-artifact-3.9.9.jar
2025-04-13 16:47:20,903 [Worker-18: Launching Executing test in C__Users_Rosmira_Downloads_PruebasOK_2_PruebasBBVA_workspace_servicio-conversion-divisas] INFO  o.eclipse.m2e.core.internal.Bundles - 	Entry: C:\Users\Rosmira\OneDrive\Documentos\CapacitacionSpring\sts-4.29.1.RELEASE\plugins\org.eclipse.m2e.maven.runtime_3.9.900.20250220-2013\jars\maven-builder-support-3.9.9.jar
2025-04-13 16:47:20,903 [Worker-18: Launching Executing test in C__Users_Rosmira_Downloads_PruebasOK_2_PruebasBBVA_workspace_servicio-conversion-divisas] INFO  o.eclipse.m2e.core.internal.Bundles - 	Entry: C:\Users\Rosmira\OneDrive\Documentos\CapacitacionSpring\sts-4.29.1.RELEASE\plugins\org.eclipse.m2e.maven.runtime_3.9.900.20250220-2013\jars\maven-compat-3.9.9.jar
2025-04-13 16:47:20,903 [Worker-18: Launching Executing test in C__Users_Rosmira_Downloads_PruebasOK_2_PruebasBBVA_workspace_servicio-conversion-divisas] INFO  o.eclipse.m2e.core.internal.Bundles - 	Entry: C:\Users\Rosmira\OneDrive\Documentos\CapacitacionSpring\sts-4.29.1.RELEASE\plugins\org.eclipse.m2e.maven.runtime_3.9.900.20250220-2013\jars\maven-core-3.9.9.jar
2025-04-13 16:47:20,903 [Worker-18: Launching Executing test in C__Users_Rosmira_Downloads_PruebasOK_2_PruebasBBVA_workspace_servicio-conversion-divisas] INFO  o.eclipse.m2e.core.internal.Bundles - 	Entry: C:\Users\Rosmira\OneDrive\Documentos\CapacitacionSpring\sts-4.29.1.RELEASE\plugins\org.eclipse.m2e.maven.runtime_3.9.900.20250220-2013\jars\maven-embedder-3.9.9.jar
2025-04-13 16:47:20,903 [Worker-18: Launching Executing test in C__Users_Rosmira_Downloads_PruebasOK_2_PruebasBBVA_workspace_servicio-conversion-divisas] INFO  o.eclipse.m2e.core.internal.Bundles - 	Entry: C:\Users\Rosmira\OneDrive\Documentos\CapacitacionSpring\sts-4.29.1.RELEASE\plugins\org.eclipse.m2e.maven.runtime_3.9.900.20250220-2013\jars\maven-model-3.9.9.jar
2025-04-13 16:47:20,904 [Worker-18: Launching Executing test in C__Users_Rosmira_Downloads_PruebasOK_2_PruebasBBVA_workspace_servicio-conversion-divisas] INFO  o.eclipse.m2e.core.internal.Bundles - 	Entry: C:\Users\Rosmira\OneDrive\Documentos\CapacitacionSpring\sts-4.29.1.RELEASE\plugins\org.eclipse.m2e.maven.runtime_3.9.900.20250220-2013\jars\maven-model-builder-3.9.9.jar
2025-04-13 16:47:20,904 [Worker-18: Launching Executing test in C__Users_Rosmira_Downloads_PruebasOK_2_PruebasBBVA_workspace_servicio-conversion-divisas] INFO  o.eclipse.m2e.core.internal.Bundles - 	Entry: C:\Users\Rosmira\OneDrive\Documentos\CapacitacionSpring\sts-4.29.1.RELEASE\plugins\org.eclipse.m2e.maven.runtime_3.9.900.20250220-2013\jars\maven-plugin-api-3.9.9.jar
2025-04-13 16:47:20,904 [Worker-18: Launching Executing test in C__Users_Rosmira_Downloads_PruebasOK_2_PruebasBBVA_workspace_servicio-conversion-divisas] INFO  o.eclipse.m2e.core.internal.Bundles - 	Entry: C:\Users\Rosmira\OneDrive\Documentos\CapacitacionSpring\sts-4.29.1.RELEASE\plugins\org.eclipse.m2e.maven.runtime_3.9.900.20250220-2013\jars\maven-repository-metadata-3.9.9.jar
2025-04-13 16:47:20,904 [Worker-18: Launching Executing test in C__Users_Rosmira_Downloads_PruebasOK_2_PruebasBBVA_workspace_servicio-conversion-divisas] INFO  o.eclipse.m2e.core.internal.Bundles - 	Entry: C:\Users\Rosmira\OneDrive\Documentos\CapacitacionSpring\sts-4.29.1.RELEASE\plugins\org.eclipse.m2e.maven.runtime_3.9.900.20250220-2013\jars\maven-resolver-api-1.9.22.jar
2025-04-13 16:47:20,904 [Worker-18: Launching Executing test in C__Users_Rosmira_Downloads_PruebasOK_2_PruebasBBVA_workspace_servicio-conversion-divisas] INFO  o.eclipse.m2e.core.internal.Bundles - 	Entry: C:\Users\Rosmira\OneDrive\Documentos\CapacitacionSpring\sts-4.29.1.RELEASE\plugins\org.eclipse.m2e.maven.runtime_3.9.900.20250220-2013\jars\maven-resolver-connector-basic-1.9.22.jar
2025-04-13 16:47:20,904 [Worker-18: Launching Executing test in C__Users_Rosmira_Downloads_PruebasOK_2_PruebasBBVA_workspace_servicio-conversion-divisas] INFO  o.eclipse.m2e.core.internal.Bundles - 	Entry: C:\Users\Rosmira\OneDrive\Documentos\CapacitacionSpring\sts-4.29.1.RELEASE\plugins\org.eclipse.m2e.maven.runtime_3.9.900.20250220-2013\jars\maven-resolver-impl-1.9.22.jar
2025-04-13 16:47:20,904 [Worker-18: Launching Executing test in C__Users_Rosmira_Downloads_PruebasOK_2_PruebasBBVA_workspace_servicio-conversion-divisas] INFO  o.eclipse.m2e.core.internal.Bundles - 	Entry: C:\Users\Rosmira\OneDrive\Documentos\CapacitacionSpring\sts-4.29.1.RELEASE\plugins\org.eclipse.m2e.maven.runtime_3.9.900.20250220-2013\jars\maven-resolver-named-locks-1.9.22.jar
2025-04-13 16:47:20,904 [Worker-18: Launching Executing test in C__Users_Rosmira_Downloads_PruebasOK_2_PruebasBBVA_workspace_servicio-conversion-divisas] INFO  o.eclipse.m2e.core.internal.Bundles - 	Entry: C:\Users\Rosmira\OneDrive\Documentos\CapacitacionSpring\sts-4.29.1.RELEASE\plugins\org.eclipse.m2e.maven.runtime_3.9.900.20250220-2013\jars\maven-resolver-provider-3.9.9.jar
2025-04-13 16:47:20,904 [Worker-18: Launching Executing test in C__Users_Rosmira_Downloads_PruebasOK_2_PruebasBBVA_workspace_servicio-conversion-divisas] INFO  o.eclipse.m2e.core.internal.Bundles - 	Entry: C:\Users\Rosmira\OneDrive\Documentos\CapacitacionSpring\sts-4.29.1.RELEASE\plugins\org.eclipse.m2e.maven.runtime_3.9.900.20250220-2013\jars\maven-resolver-spi-1.9.22.jar
2025-04-13 16:47:20,904 [Worker-18: Launching Executing test in C__Users_Rosmira_Downloads_PruebasOK_2_PruebasBBVA_workspace_servicio-conversion-divisas] INFO  o.eclipse.m2e.core.internal.Bundles - 	Entry: C:\Users\Rosmira\OneDrive\Documentos\CapacitacionSpring\sts-4.29.1.RELEASE\plugins\org.eclipse.m2e.maven.runtime_3.9.900.20250220-2013\jars\maven-resolver-transport-file-1.9.22.jar
2025-04-13 16:47:20,904 [Worker-18: Launching Executing test in C__Users_Rosmira_Downloads_PruebasOK_2_PruebasBBVA_workspace_servicio-conversion-divisas] INFO  o.eclipse.m2e.core.internal.Bundles - 	Entry: C:\Users\Rosmira\OneDrive\Documentos\CapacitacionSpring\sts-4.29.1.RELEASE\plugins\org.eclipse.m2e.maven.runtime_3.9.900.20250220-2013\jars\maven-resolver-transport-http-1.9.22.jar
2025-04-13 16:47:20,904 [Worker-18: Launching Executing test in C__Users_Rosmira_Downloads_PruebasOK_2_PruebasBBVA_workspace_servicio-conversion-divisas] INFO  o.eclipse.m2e.core.internal.Bundles - 	Entry: C:\Users\Rosmira\OneDrive\Documentos\CapacitacionSpring\sts-4.29.1.RELEASE\plugins\org.eclipse.m2e.maven.runtime_3.9.900.20250220-2013\jars\maven-resolver-transport-wagon-1.9.22.jar
2025-04-13 16:47:20,904 [Worker-18: Launching Executing test in C__Users_Rosmira_Downloads_PruebasOK_2_PruebasBBVA_workspace_servicio-conversion-divisas] INFO  o.eclipse.m2e.core.internal.Bundles - 	Entry: C:\Users\Rosmira\OneDrive\Documentos\CapacitacionSpring\sts-4.29.1.RELEASE\plugins\org.eclipse.m2e.maven.runtime_3.9.900.20250220-2013\jars\maven-resolver-util-1.9.22.jar
2025-04-13 16:47:20,904 [Worker-18: Launching Executing test in C__Users_Rosmira_Downloads_PruebasOK_2_PruebasBBVA_workspace_servicio-conversion-divisas] INFO  o.eclipse.m2e.core.internal.Bundles - 	Entry: C:\Users\Rosmira\OneDrive\Documentos\CapacitacionSpring\sts-4.29.1.RELEASE\plugins\org.eclipse.m2e.maven.runtime_3.9.900.20250220-2013\jars\maven-settings-3.9.9.jar
2025-04-13 16:47:20,905 [Worker-18: Launching Executing test in C__Users_Rosmira_Downloads_PruebasOK_2_PruebasBBVA_workspace_servicio-conversion-divisas] INFO  o.eclipse.m2e.core.internal.Bundles - 	Entry: C:\Users\Rosmira\OneDrive\Documentos\CapacitacionSpring\sts-4.29.1.RELEASE\plugins\org.eclipse.m2e.maven.runtime_3.9.900.20250220-2013\jars\maven-settings-builder-3.9.9.jar
2025-04-13 16:47:20,905 [Worker-18: Launching Executing test in C__Users_Rosmira_Downloads_PruebasOK_2_PruebasBBVA_workspace_servicio-conversion-divisas] INFO  o.eclipse.m2e.core.internal.Bundles - 	Entry: C:\Users\Rosmira\OneDrive\Documentos\CapacitacionSpring\sts-4.29.1.RELEASE\plugins\org.eclipse.m2e.maven.runtime_3.9.900.20250220-2013\jars\maven-shared-utils-3.4.2.jar
2025-04-13 16:47:20,905 [Worker-18: Launching Executing test in C__Users_Rosmira_Downloads_PruebasOK_2_PruebasBBVA_workspace_servicio-conversion-divisas] INFO  o.eclipse.m2e.core.internal.Bundles - 	Entry: C:\Users\Rosmira\OneDrive\Documentos\CapacitacionSpring\sts-4.29.1.RELEASE\plugins\org.eclipse.m2e.maven.runtime_3.9.900.20250220-2013\jars\org.eclipse.sisu.inject-0.9.0.M3.jar
2025-04-13 16:47:20,905 [Worker-18: Launching Executing test in C__Users_Rosmira_Downloads_PruebasOK_2_PruebasBBVA_workspace_servicio-conversion-divisas] INFO  o.eclipse.m2e.core.internal.Bundles - 	Entry: C:\Users\Rosmira\OneDrive\Documentos\CapacitacionSpring\sts-4.29.1.RELEASE\plugins\org.eclipse.m2e.maven.runtime_3.9.900.20250220-2013\jars\org.eclipse.sisu.plexus-0.9.0.M3.jar
2025-04-13 16:47:20,905 [Worker-18: Launching Executing test in C__Users_Rosmira_Downloads_PruebasOK_2_PruebasBBVA_workspace_servicio-conversion-divisas] INFO  o.eclipse.m2e.core.internal.Bundles - 	Entry: C:\Users\Rosmira\OneDrive\Documentos\CapacitacionSpring\sts-4.29.1.RELEASE\plugins\org.eclipse.m2e.maven.runtime_3.9.900.20250220-2013\jars\plexus-build-api-0.0.7.jar
2025-04-13 16:47:20,905 [Worker-18: Launching Executing test in C__Users_Rosmira_Downloads_PruebasOK_2_PruebasBBVA_workspace_servicio-conversion-divisas] INFO  o.eclipse.m2e.core.internal.Bundles - 	Entry: C:\Users\Rosmira\OneDrive\Documentos\CapacitacionSpring\sts-4.29.1.RELEASE\plugins\org.eclipse.m2e.maven.runtime_3.9.900.20250220-2013\jars\plexus-build-api-1.2.0.jar
2025-04-13 16:47:20,905 [Worker-18: Launching Executing test in C__Users_Rosmira_Downloads_PruebasOK_2_PruebasBBVA_workspace_servicio-conversion-divisas] INFO  o.eclipse.m2e.core.internal.Bundles - 	Entry: C:\Users\Rosmira\OneDrive\Documentos\CapacitacionSpring\sts-4.29.1.RELEASE\plugins\org.eclipse.m2e.maven.runtime_3.9.900.20250220-2013\jars\plexus-cipher-2.0.jar
2025-04-13 16:47:20,905 [Worker-18: Launching Executing test in C__Users_Rosmira_Downloads_PruebasOK_2_PruebasBBVA_workspace_servicio-conversion-divisas] INFO  o.eclipse.m2e.core.internal.Bundles - 	Entry: C:\Users\Rosmira\OneDrive\Documentos\CapacitacionSpring\sts-4.29.1.RELEASE\plugins\org.eclipse.m2e.maven.runtime_3.9.900.20250220-2013\jars\plexus-classworlds-2.8.0.jar
2025-04-13 16:47:20,905 [Worker-18: Launching Executing test in C__Users_Rosmira_Downloads_PruebasOK_2_PruebasBBVA_workspace_servicio-conversion-divisas] INFO  o.eclipse.m2e.core.internal.Bundles - 	Entry: C:\Users\Rosmira\OneDrive\Documentos\CapacitacionSpring\sts-4.29.1.RELEASE\plugins\org.eclipse.m2e.maven.runtime_3.9.900.20250220-2013\jars\plexus-component-annotations-2.1.0.jar
2025-04-13 16:47:20,905 [Worker-18: Launching Executing test in C__Users_Rosmira_Downloads_PruebasOK_2_PruebasBBVA_workspace_servicio-conversion-divisas] INFO  o.eclipse.m2e.core.internal.Bundles - 	Entry: C:\Users\Rosmira\OneDrive\Documentos\CapacitacionSpring\sts-4.29.1.RELEASE\plugins\org.eclipse.m2e.maven.runtime_3.9.900.20250220-2013\jars\plexus-interpolation-1.27.jar
2025-04-13 16:47:20,905 [Worker-18: Launching Executing test in C__Users_Rosmira_Downloads_PruebasOK_2_PruebasBBVA_workspace_servicio-conversion-divisas] INFO  o.eclipse.m2e.core.internal.Bundles - 	Entry: C:\Users\Rosmira\OneDrive\Documentos\CapacitacionSpring\sts-4.29.1.RELEASE\plugins\org.eclipse.m2e.maven.runtime_3.9.900.20250220-2013\jars\plexus-sec-dispatcher-2.0.jar
2025-04-13 16:47:20,905 [Worker-18: Launching Executing test in C__Users_Rosmira_Downloads_PruebasOK_2_PruebasBBVA_workspace_servicio-conversion-divisas] INFO  o.eclipse.m2e.core.internal.Bundles - 	Entry: C:\Users\Rosmira\OneDrive\Documentos\CapacitacionSpring\sts-4.29.1.RELEASE\plugins\org.eclipse.m2e.maven.runtime_3.9.900.20250220-2013\jars\plexus-utils-3.5.1.jar
2025-04-13 16:47:20,905 [Worker-18: Launching Executing test in C__Users_Rosmira_Downloads_PruebasOK_2_PruebasBBVA_workspace_servicio-conversion-divisas] INFO  o.eclipse.m2e.core.internal.Bundles - 	Entry: C:\Users\Rosmira\OneDrive\Documentos\CapacitacionSpring\sts-4.29.1.RELEASE\plugins\org.eclipse.m2e.maven.runtime_3.9.900.20250220-2013\jars\plexus-xml-3.0.1.jar
2025-04-13 16:47:20,905 [Worker-18: Launching Executing test in C__Users_Rosmira_Downloads_PruebasOK_2_PruebasBBVA_workspace_servicio-conversion-divisas] INFO  o.eclipse.m2e.core.internal.Bundles - 	Entry: C:\Users\Rosmira\OneDrive\Documentos\CapacitacionSpring\sts-4.29.1.RELEASE\plugins\org.eclipse.m2e.maven.runtime_3.9.900.20250220-2013\jars\wagon-file-3.5.3.jar
2025-04-13 16:47:20,905 [Worker-18: Launching Executing test in C__Users_Rosmira_Downloads_PruebasOK_2_PruebasBBVA_workspace_servicio-conversion-divisas] INFO  o.eclipse.m2e.core.internal.Bundles - 	Entry: C:\Users\Rosmira\OneDrive\Documentos\CapacitacionSpring\sts-4.29.1.RELEASE\plugins\org.eclipse.m2e.maven.runtime_3.9.900.20250220-2013\jars\wagon-http-3.5.3.jar
2025-04-13 16:47:20,906 [Worker-18: Launching Executing test in C__Users_Rosmira_Downloads_PruebasOK_2_PruebasBBVA_workspace_servicio-conversion-divisas] INFO  o.eclipse.m2e.core.internal.Bundles - 	Entry: C:\Users\Rosmira\OneDrive\Documentos\CapacitacionSpring\sts-4.29.1.RELEASE\plugins\org.eclipse.m2e.maven.runtime_3.9.900.20250220-2013\jars\wagon-http-shared-3.5.3.jar
2025-04-13 16:47:20,906 [Worker-18: Launching Executing test in C__Users_Rosmira_Downloads_PruebasOK_2_PruebasBBVA_workspace_servicio-conversion-divisas] INFO  o.eclipse.m2e.core.internal.Bundles - 	Entry: C:\Users\Rosmira\OneDrive\Documentos\CapacitacionSpring\sts-4.29.1.RELEASE\plugins\org.eclipse.m2e.maven.runtime_3.9.900.20250220-2013\jars\wagon-provider-api-3.5.3.jar
2025-04-13 16:47:20,906 [Worker-18: Launching Executing test in C__Users_Rosmira_Downloads_PruebasOK_2_PruebasBBVA_workspace_servicio-conversion-divisas] INFO  o.eclipse.m2e.core.internal.Bundles - getClasspathEntries(Bundle=com.google.guava_33.4.0.jre [29])
2025-04-13 16:47:20,906 [Worker-18: Launching Executing test in C__Users_Rosmira_Downloads_PruebasOK_2_PruebasBBVA_workspace_servicio-conversion-divisas] INFO  o.eclipse.m2e.core.internal.Bundles - 	Entry: C:\Users\Rosmira\OneDrive\Documentos\CapacitacionSpring\sts-4.29.1.RELEASE\plugins\com.google.guava_33.4.0.jre.jar
2025-04-13 16:47:20,906 [Worker-18: Launching Executing test in C__Users_Rosmira_Downloads_PruebasOK_2_PruebasBBVA_workspace_servicio-conversion-divisas] INFO  o.eclipse.m2e.core.internal.Bundles - getClasspathEntries(Bundle=slf4j.api_2.0.17 [608])
2025-04-13 16:47:20,907 [Worker-18: Launching Executing test in C__Users_Rosmira_Downloads_PruebasOK_2_PruebasBBVA_workspace_servicio-conversion-divisas] INFO  o.eclipse.m2e.core.internal.Bundles - 	Entry: C:\Users\Rosmira\OneDrive\Documentos\CapacitacionSpring\sts-4.29.1.RELEASE\plugins\slf4j.api_2.0.17.jar
2025-04-13 16:47:20,907 [Worker-18: Launching Executing test in C__Users_Rosmira_Downloads_PruebasOK_2_PruebasBBVA_workspace_servicio-conversion-divisas] INFO  o.eclipse.m2e.core.internal.Bundles - getClasspathEntries(Bundle=jakarta.inject.jakarta.inject-api_1.0.5 [45])
2025-04-13 16:47:20,907 [Worker-18: Launching Executing test in C__Users_Rosmira_Downloads_PruebasOK_2_PruebasBBVA_workspace_servicio-conversion-divisas] INFO  o.eclipse.m2e.core.internal.Bundles - 	Entry: C:\Users\Rosmira\OneDrive\Documentos\CapacitacionSpring\sts-4.29.1.RELEASE\plugins\jakarta.inject.jakarta.inject-api_1.0.5.jar
2025-04-13 16:47:20,907 [Worker-18: Launching Executing test in C__Users_Rosmira_Downloads_PruebasOK_2_PruebasBBVA_workspace_servicio-conversion-divisas] INFO  o.eclipse.m2e.core.internal.Bundles - getClasspathEntries(Bundle=jakarta.annotation-api_1.3.5 [41])
2025-04-13 16:47:20,907 [Worker-18: Launching Executing test in C__Users_Rosmira_Downloads_PruebasOK_2_PruebasBBVA_workspace_servicio-conversion-divisas] INFO  o.eclipse.m2e.core.internal.Bundles - 	Entry: C:\Users\Rosmira\OneDrive\Documentos\CapacitacionSpring\sts-4.29.1.RELEASE\plugins\jakarta.annotation-api_1.3.5.jar
2025-04-13 16:47:20,907 [Worker-18: Launching Executing test in C__Users_Rosmira_Downloads_PruebasOK_2_PruebasBBVA_workspace_servicio-conversion-divisas] INFO  o.eclipse.m2e.core.internal.Bundles - getClasspathEntries(Bundle=org.apache.commons.cli_1.9.0 [77])
2025-04-13 16:47:20,907 [Worker-18: Launching Executing test in C__Users_Rosmira_Downloads_PruebasOK_2_PruebasBBVA_workspace_servicio-conversion-divisas] INFO  o.eclipse.m2e.core.internal.Bundles - 	Entry: C:\Users\Rosmira\OneDrive\Documentos\CapacitacionSpring\sts-4.29.1.RELEASE\plugins\org.apache.commons.cli_1.9.0.jar
2025-04-13 16:47:20,907 [Worker-18: Launching Executing test in C__Users_Rosmira_Downloads_PruebasOK_2_PruebasBBVA_workspace_servicio-conversion-divisas] INFO  o.eclipse.m2e.core.internal.Bundles - getClasspathEntries(Bundle=org.apache.commons.commons-codec_1.16.0 [79])
2025-04-13 16:47:20,907 [Worker-18: Launching Executing test in C__Users_Rosmira_Downloads_PruebasOK_2_PruebasBBVA_workspace_servicio-conversion-divisas] INFO  o.eclipse.m2e.core.internal.Bundles - 	Entry: C:\Users\Rosmira\OneDrive\Documentos\CapacitacionSpring\sts-4.29.1.RELEASE\plugins\org.apache.commons.commons-codec_1.16.0.jar
2025-04-13 16:47:20,907 [Worker-18: Launching Executing test in C__Users_Rosmira_Downloads_PruebasOK_2_PruebasBBVA_workspace_servicio-conversion-divisas] INFO  o.eclipse.m2e.core.internal.Bundles - getClasspathEntries(Bundle=com.google.guava.failureaccess_1.0.2 [30])
2025-04-13 16:47:20,909 [Worker-18: Launching Executing test in C__Users_Rosmira_Downloads_PruebasOK_2_PruebasBBVA_workspace_servicio-conversion-divisas] INFO  o.eclipse.m2e.core.internal.Bundles - 	Entry: C:\Users\Rosmira\OneDrive\Documentos\CapacitacionSpring\sts-4.29.1.RELEASE\plugins\com.google.guava.failureaccess_1.0.2.jar
2025-04-13 16:47:20,909 [Worker-18: Launching Executing test in C__Users_Rosmira_Downloads_PruebasOK_2_PruebasBBVA_workspace_servicio-conversion-divisas] INFO  o.e.m.i.launch.MavenLaunchDelegate - Run build in "C:\Users\Rosmira\Downloads\PruebasOK_2\PruebasBBVA\workspace\servicio-conversion-divisas":
2025-04-13 16:47:20,910 [Worker-18: Launching Executing test in C__Users_Rosmira_Downloads_PruebasOK_2_PruebasBBVA_workspace_servicio-conversion-divisas] INFO  o.e.m.i.launch.MavenLaunchDelegate -  mvn  -Ppom.xml -B -Dstyle.color=always test
2025-04-13 16:47:29,901 [Worker-19: Building] ERROR o.e.m.c.i.URLConnectionCaches - Unexpected URLConnection defaultUseCaches enabled
2025-04-13 16:49:20,590 [Worker-20: Building] ERROR o.e.m.c.i.URLConnectionCaches - Unexpected URLConnection defaultUseCaches enabled
2025-04-13 16:49:20,594 [Worker-20: Building] INFO  o.a.m.s.f.DefaultMavenResourcesFiltering - Copying 1 resource from src\main\resources to target\classes
2025-04-13 16:49:20,600 [Worker-20: Building] INFO  o.a.m.s.f.DefaultMavenResourcesFiltering - Copying 2 resources from src\main\resources to target\classes
2025-04-13 16:49:20,601 [Worker-20: Building] INFO  o.a.m.s.f.DefaultMavenResourcesFiltering - skip non existing resourceDirectory C:\Users\Rosmira\Downloads\PruebasOK_2\PruebasBBVA\workspace\servicio-conversion-divisas\src\test\resources
2025-04-13 16:49:31,026 [Worker-10: Building] ERROR o.e.m.c.i.URLConnectionCaches - Unexpected URLConnection defaultUseCaches enabled
2025-04-13 16:49:31,028 [Worker-10: Building] INFO  o.a.m.s.f.DefaultMavenResourcesFiltering - Copying 1 resource from src\main\resources to target\classes
2025-04-13 16:49:31,034 [Worker-10: Building] INFO  o.a.m.s.f.DefaultMavenResourcesFiltering - Copying 2 resources from src\main\resources to target\classes
2025-04-13 16:49:31,036 [Worker-10: Building] INFO  o.a.m.s.f.DefaultMavenResourcesFiltering - skip non existing resourceDirectory C:\Users\Rosmira\Downloads\PruebasOK_2\PruebasBBVA\workspace\servicio-conversion-divisas\src\test\resources
2025-04-13 16:50:05,924 [Worker-21: Launching Executing test in C__Users_Rosmira_Downloads_PruebasOK_2_PruebasBBVA_workspace_servicio-conversion-divisas] INFO  o.eclipse.m2e.core.internal.Bundles - getClasspathEntries(Bundle=org.eclipse.m2e.maven.runtime_3.9.900.20250220-2013 [361])
2025-04-13 16:50:05,925 [Worker-21: Launching Executing test in C__Users_Rosmira_Downloads_PruebasOK_2_PruebasBBVA_workspace_servicio-conversion-divisas] INFO  o.eclipse.m2e.core.internal.Bundles - 	Entry: C:\Users\Rosmira\OneDrive\Documentos\CapacitacionSpring\sts-4.29.1.RELEASE\plugins\org.eclipse.m2e.maven.runtime_3.9.900.20250220-2013
2025-04-13 16:50:05,925 [Worker-21: Launching Executing test in C__Users_Rosmira_Downloads_PruebasOK_2_PruebasBBVA_workspace_servicio-conversion-divisas] INFO  o.eclipse.m2e.core.internal.Bundles - 	Entry: C:\Users\Rosmira\OneDrive\Documentos\CapacitacionSpring\sts-4.29.1.RELEASE\plugins\org.eclipse.m2e.maven.runtime_3.9.900.20250220-2013\jars\aopalliance-1.0.jar
2025-04-13 16:50:05,925 [Worker-21: Launching Executing test in C__Users_Rosmira_Downloads_PruebasOK_2_PruebasBBVA_workspace_servicio-conversion-divisas] INFO  o.eclipse.m2e.core.internal.Bundles - 	Entry: C:\Users\Rosmira\OneDrive\Documentos\CapacitacionSpring\sts-4.29.1.RELEASE\plugins\org.eclipse.m2e.maven.runtime_3.9.900.20250220-2013\jars\guice-5.1.0.jar
2025-04-13 16:50:05,925 [Worker-21: Launching Executing test in C__Users_Rosmira_Downloads_PruebasOK_2_PruebasBBVA_workspace_servicio-conversion-divisas] INFO  o.eclipse.m2e.core.internal.Bundles - 	Entry: C:\Users\Rosmira\OneDrive\Documentos\CapacitacionSpring\sts-4.29.1.RELEASE\plugins\org.eclipse.m2e.maven.runtime_3.9.900.20250220-2013\jars\httpclient-4.5.14.jar
2025-04-13 16:50:05,925 [Worker-21: Launching Executing test in C__Users_Rosmira_Downloads_PruebasOK_2_PruebasBBVA_workspace_servicio-conversion-divisas] INFO  o.eclipse.m2e.core.internal.Bundles - 	Entry: C:\Users\Rosmira\OneDrive\Documentos\CapacitacionSpring\sts-4.29.1.RELEASE\plugins\org.eclipse.m2e.maven.runtime_3.9.900.20250220-2013\jars\httpcore-4.4.16.jar
2025-04-13 16:50:05,926 [Worker-21: Launching Executing test in C__Users_Rosmira_Downloads_PruebasOK_2_PruebasBBVA_workspace_servicio-conversion-divisas] INFO  o.eclipse.m2e.core.internal.Bundles - 	Entry: C:\Users\Rosmira\OneDrive\Documentos\CapacitacionSpring\sts-4.29.1.RELEASE\plugins\org.eclipse.m2e.maven.runtime_3.9.900.20250220-2013\jars\jansi-2.4.1.jar
2025-04-13 16:50:05,926 [Worker-21: Launching Executing test in C__Users_Rosmira_Downloads_PruebasOK_2_PruebasBBVA_workspace_servicio-conversion-divisas] INFO  o.eclipse.m2e.core.internal.Bundles - 	Entry: C:\Users\Rosmira\OneDrive\Documentos\CapacitacionSpring\sts-4.29.1.RELEASE\plugins\org.eclipse.m2e.maven.runtime_3.9.900.20250220-2013\jars\jcl-over-slf4j-1.7.36.jar
2025-04-13 16:50:05,926 [Worker-21: Launching Executing test in C__Users_Rosmira_Downloads_PruebasOK_2_PruebasBBVA_workspace_servicio-conversion-divisas] INFO  o.eclipse.m2e.core.internal.Bundles - 	Entry: C:\Users\Rosmira\OneDrive\Documentos\CapacitacionSpring\sts-4.29.1.RELEASE\plugins\org.eclipse.m2e.maven.runtime_3.9.900.20250220-2013\jars\maven-artifact-3.9.9.jar
2025-04-13 16:50:05,926 [Worker-21: Launching Executing test in C__Users_Rosmira_Downloads_PruebasOK_2_PruebasBBVA_workspace_servicio-conversion-divisas] INFO  o.eclipse.m2e.core.internal.Bundles - 	Entry: C:\Users\Rosmira\OneDrive\Documentos\CapacitacionSpring\sts-4.29.1.RELEASE\plugins\org.eclipse.m2e.maven.runtime_3.9.900.20250220-2013\jars\maven-builder-support-3.9.9.jar
2025-04-13 16:50:05,926 [Worker-21: Launching Executing test in C__Users_Rosmira_Downloads_PruebasOK_2_PruebasBBVA_workspace_servicio-conversion-divisas] INFO  o.eclipse.m2e.core.internal.Bundles - 	Entry: C:\Users\Rosmira\OneDrive\Documentos\CapacitacionSpring\sts-4.29.1.RELEASE\plugins\org.eclipse.m2e.maven.runtime_3.9.900.20250220-2013\jars\maven-compat-3.9.9.jar
2025-04-13 16:50:05,926 [Worker-21: Launching Executing test in C__Users_Rosmira_Downloads_PruebasOK_2_PruebasBBVA_workspace_servicio-conversion-divisas] INFO  o.eclipse.m2e.core.internal.Bundles - 	Entry: C:\Users\Rosmira\OneDrive\Documentos\CapacitacionSpring\sts-4.29.1.RELEASE\plugins\org.eclipse.m2e.maven.runtime_3.9.900.20250220-2013\jars\maven-core-3.9.9.jar
2025-04-13 16:50:05,926 [Worker-21: Launching Executing test in C__Users_Rosmira_Downloads_PruebasOK_2_PruebasBBVA_workspace_servicio-conversion-divisas] INFO  o.eclipse.m2e.core.internal.Bundles - 	Entry: C:\Users\Rosmira\OneDrive\Documentos\CapacitacionSpring\sts-4.29.1.RELEASE\plugins\org.eclipse.m2e.maven.runtime_3.9.900.20250220-2013\jars\maven-embedder-3.9.9.jar
2025-04-13 16:50:05,926 [Worker-21: Launching Executing test in C__Users_Rosmira_Downloads_PruebasOK_2_PruebasBBVA_workspace_servicio-conversion-divisas] INFO  o.eclipse.m2e.core.internal.Bundles - 	Entry: C:\Users\Rosmira\OneDrive\Documentos\CapacitacionSpring\sts-4.29.1.RELEASE\plugins\org.eclipse.m2e.maven.runtime_3.9.900.20250220-2013\jars\maven-model-3.9.9.jar
2025-04-13 16:50:05,926 [Worker-21: Launching Executing test in C__Users_Rosmira_Downloads_PruebasOK_2_PruebasBBVA_workspace_servicio-conversion-divisas] INFO  o.eclipse.m2e.core.internal.Bundles - 	Entry: C:\Users\Rosmira\OneDrive\Documentos\CapacitacionSpring\sts-4.29.1.RELEASE\plugins\org.eclipse.m2e.maven.runtime_3.9.900.20250220-2013\jars\maven-model-builder-3.9.9.jar
2025-04-13 16:50:05,927 [Worker-21: Launching Executing test in C__Users_Rosmira_Downloads_PruebasOK_2_PruebasBBVA_workspace_servicio-conversion-divisas] INFO  o.eclipse.m2e.core.internal.Bundles - 	Entry: C:\Users\Rosmira\OneDrive\Documentos\CapacitacionSpring\sts-4.29.1.RELEASE\plugins\org.eclipse.m2e.maven.runtime_3.9.900.20250220-2013\jars\maven-plugin-api-3.9.9.jar
2025-04-13 16:50:05,927 [Worker-21: Launching Executing test in C__Users_Rosmira_Downloads_PruebasOK_2_PruebasBBVA_workspace_servicio-conversion-divisas] INFO  o.eclipse.m2e.core.internal.Bundles - 	Entry: C:\Users\Rosmira\OneDrive\Documentos\CapacitacionSpring\sts-4.29.1.RELEASE\plugins\org.eclipse.m2e.maven.runtime_3.9.900.20250220-2013\jars\maven-repository-metadata-3.9.9.jar
2025-04-13 16:50:05,927 [Worker-21: Launching Executing test in C__Users_Rosmira_Downloads_PruebasOK_2_PruebasBBVA_workspace_servicio-conversion-divisas] INFO  o.eclipse.m2e.core.internal.Bundles - 	Entry: C:\Users\Rosmira\OneDrive\Documentos\CapacitacionSpring\sts-4.29.1.RELEASE\plugins\org.eclipse.m2e.maven.runtime_3.9.900.20250220-2013\jars\maven-resolver-api-1.9.22.jar
2025-04-13 16:50:05,927 [Worker-21: Launching Executing test in C__Users_Rosmira_Downloads_PruebasOK_2_PruebasBBVA_workspace_servicio-conversion-divisas] INFO  o.eclipse.m2e.core.internal.Bundles - 	Entry: C:\Users\Rosmira\OneDrive\Documentos\CapacitacionSpring\sts-4.29.1.RELEASE\plugins\org.eclipse.m2e.maven.runtime_3.9.900.20250220-2013\jars\maven-resolver-connector-basic-1.9.22.jar
2025-04-13 16:50:05,927 [Worker-21: Launching Executing test in C__Users_Rosmira_Downloads_PruebasOK_2_PruebasBBVA_workspace_servicio-conversion-divisas] INFO  o.eclipse.m2e.core.internal.Bundles - 	Entry: C:\Users\Rosmira\OneDrive\Documentos\CapacitacionSpring\sts-4.29.1.RELEASE\plugins\org.eclipse.m2e.maven.runtime_3.9.900.20250220-2013\jars\maven-resolver-impl-1.9.22.jar
2025-04-13 16:50:05,927 [Worker-21: Launching Executing test in C__Users_Rosmira_Downloads_PruebasOK_2_PruebasBBVA_workspace_servicio-conversion-divisas] INFO  o.eclipse.m2e.core.internal.Bundles - 	Entry: C:\Users\Rosmira\OneDrive\Documentos\CapacitacionSpring\sts-4.29.1.RELEASE\plugins\org.eclipse.m2e.maven.runtime_3.9.900.20250220-2013\jars\maven-resolver-named-locks-1.9.22.jar
2025-04-13 16:50:05,927 [Worker-21: Launching Executing test in C__Users_Rosmira_Downloads_PruebasOK_2_PruebasBBVA_workspace_servicio-conversion-divisas] INFO  o.eclipse.m2e.core.internal.Bundles - 	Entry: C:\Users\Rosmira\OneDrive\Documentos\CapacitacionSpring\sts-4.29.1.RELEASE\plugins\org.eclipse.m2e.maven.runtime_3.9.900.20250220-2013\jars\maven-resolver-provider-3.9.9.jar
2025-04-13 16:50:05,927 [Worker-21: Launching Executing test in C__Users_Rosmira_Downloads_PruebasOK_2_PruebasBBVA_workspace_servicio-conversion-divisas] INFO  o.eclipse.m2e.core.internal.Bundles - 	Entry: C:\Users\Rosmira\OneDrive\Documentos\CapacitacionSpring\sts-4.29.1.RELEASE\plugins\org.eclipse.m2e.maven.runtime_3.9.900.20250220-2013\jars\maven-resolver-spi-1.9.22.jar
2025-04-13 16:50:05,927 [Worker-21: Launching Executing test in C__Users_Rosmira_Downloads_PruebasOK_2_PruebasBBVA_workspace_servicio-conversion-divisas] INFO  o.eclipse.m2e.core.internal.Bundles - 	Entry: C:\Users\Rosmira\OneDrive\Documentos\CapacitacionSpring\sts-4.29.1.RELEASE\plugins\org.eclipse.m2e.maven.runtime_3.9.900.20250220-2013\jars\maven-resolver-transport-file-1.9.22.jar
2025-04-13 16:50:05,927 [Worker-21: Launching Executing test in C__Users_Rosmira_Downloads_PruebasOK_2_PruebasBBVA_workspace_servicio-conversion-divisas] INFO  o.eclipse.m2e.core.internal.Bundles - 	Entry: C:\Users\Rosmira\OneDrive\Documentos\CapacitacionSpring\sts-4.29.1.RELEASE\plugins\org.eclipse.m2e.maven.runtime_3.9.900.20250220-2013\jars\maven-resolver-transport-http-1.9.22.jar
2025-04-13 16:50:05,928 [Worker-21: Launching Executing test in C__Users_Rosmira_Downloads_PruebasOK_2_PruebasBBVA_workspace_servicio-conversion-divisas] INFO  o.eclipse.m2e.core.internal.Bundles - 	Entry: C:\Users\Rosmira\OneDrive\Documentos\CapacitacionSpring\sts-4.29.1.RELEASE\plugins\org.eclipse.m2e.maven.runtime_3.9.900.20250220-2013\jars\maven-resolver-transport-wagon-1.9.22.jar
2025-04-13 16:50:05,928 [Worker-21: Launching Executing test in C__Users_Rosmira_Downloads_PruebasOK_2_PruebasBBVA_workspace_servicio-conversion-divisas] INFO  o.eclipse.m2e.core.internal.Bundles - 	Entry: C:\Users\Rosmira\OneDrive\Documentos\CapacitacionSpring\sts-4.29.1.RELEASE\plugins\org.eclipse.m2e.maven.runtime_3.9.900.20250220-2013\jars\maven-resolver-util-1.9.22.jar
2025-04-13 16:50:05,928 [Worker-21: Launching Executing test in C__Users_Rosmira_Downloads_PruebasOK_2_PruebasBBVA_workspace_servicio-conversion-divisas] INFO  o.eclipse.m2e.core.internal.Bundles - 	Entry: C:\Users\Rosmira\OneDrive\Documentos\CapacitacionSpring\sts-4.29.1.RELEASE\plugins\org.eclipse.m2e.maven.runtime_3.9.900.20250220-2013\jars\maven-settings-3.9.9.jar
2025-04-13 16:50:05,928 [Worker-21: Launching Executing test in C__Users_Rosmira_Downloads_PruebasOK_2_PruebasBBVA_workspace_servicio-conversion-divisas] INFO  o.eclipse.m2e.core.internal.Bundles - 	Entry: C:\Users\Rosmira\OneDrive\Documentos\CapacitacionSpring\sts-4.29.1.RELEASE\plugins\org.eclipse.m2e.maven.runtime_3.9.900.20250220-2013\jars\maven-settings-builder-3.9.9.jar
2025-04-13 16:50:05,928 [Worker-21: Launching Executing test in C__Users_Rosmira_Downloads_PruebasOK_2_PruebasBBVA_workspace_servicio-conversion-divisas] INFO  o.eclipse.m2e.core.internal.Bundles - 	Entry: C:\Users\Rosmira\OneDrive\Documentos\CapacitacionSpring\sts-4.29.1.RELEASE\plugins\org.eclipse.m2e.maven.runtime_3.9.900.20250220-2013\jars\maven-shared-utils-3.4.2.jar
2025-04-13 16:50:05,928 [Worker-21: Launching Executing test in C__Users_Rosmira_Downloads_PruebasOK_2_PruebasBBVA_workspace_servicio-conversion-divisas] INFO  o.eclipse.m2e.core.internal.Bundles - 	Entry: C:\Users\Rosmira\OneDrive\Documentos\CapacitacionSpring\sts-4.29.1.RELEASE\plugins\org.eclipse.m2e.maven.runtime_3.9.900.20250220-2013\jars\org.eclipse.sisu.inject-0.9.0.M3.jar
2025-04-13 16:50:05,928 [Worker-21: Launching Executing test in C__Users_Rosmira_Downloads_PruebasOK_2_PruebasBBVA_workspace_servicio-conversion-divisas] INFO  o.eclipse.m2e.core.internal.Bundles - 	Entry: C:\Users\Rosmira\OneDrive\Documentos\CapacitacionSpring\sts-4.29.1.RELEASE\plugins\org.eclipse.m2e.maven.runtime_3.9.900.20250220-2013\jars\org.eclipse.sisu.plexus-0.9.0.M3.jar
2025-04-13 16:50:05,928 [Worker-21: Launching Executing test in C__Users_Rosmira_Downloads_PruebasOK_2_PruebasBBVA_workspace_servicio-conversion-divisas] INFO  o.eclipse.m2e.core.internal.Bundles - 	Entry: C:\Users\Rosmira\OneDrive\Documentos\CapacitacionSpring\sts-4.29.1.RELEASE\plugins\org.eclipse.m2e.maven.runtime_3.9.900.20250220-2013\jars\plexus-build-api-0.0.7.jar
2025-04-13 16:50:05,928 [Worker-21: Launching Executing test in C__Users_Rosmira_Downloads_PruebasOK_2_PruebasBBVA_workspace_servicio-conversion-divisas] INFO  o.eclipse.m2e.core.internal.Bundles - 	Entry: C:\Users\Rosmira\OneDrive\Documentos\CapacitacionSpring\sts-4.29.1.RELEASE\plugins\org.eclipse.m2e.maven.runtime_3.9.900.20250220-2013\jars\plexus-build-api-1.2.0.jar
2025-04-13 16:50:05,929 [Worker-21: Launching Executing test in C__Users_Rosmira_Downloads_PruebasOK_2_PruebasBBVA_workspace_servicio-conversion-divisas] INFO  o.eclipse.m2e.core.internal.Bundles - 	Entry: C:\Users\Rosmira\OneDrive\Documentos\CapacitacionSpring\sts-4.29.1.RELEASE\plugins\org.eclipse.m2e.maven.runtime_3.9.900.20250220-2013\jars\plexus-cipher-2.0.jar
2025-04-13 16:50:05,929 [Worker-21: Launching Executing test in C__Users_Rosmira_Downloads_PruebasOK_2_PruebasBBVA_workspace_servicio-conversion-divisas] INFO  o.eclipse.m2e.core.internal.Bundles - 	Entry: C:\Users\Rosmira\OneDrive\Documentos\CapacitacionSpring\sts-4.29.1.RELEASE\plugins\org.eclipse.m2e.maven.runtime_3.9.900.20250220-2013\jars\plexus-classworlds-2.8.0.jar
2025-04-13 16:50:05,929 [Worker-21: Launching Executing test in C__Users_Rosmira_Downloads_PruebasOK_2_PruebasBBVA_workspace_servicio-conversion-divisas] INFO  o.eclipse.m2e.core.internal.Bundles - 	Entry: C:\Users\Rosmira\OneDrive\Documentos\CapacitacionSpring\sts-4.29.1.RELEASE\plugins\org.eclipse.m2e.maven.runtime_3.9.900.20250220-2013\jars\plexus-component-annotations-2.1.0.jar
2025-04-13 16:50:05,929 [Worker-21: Launching Executing test in C__Users_Rosmira_Downloads_PruebasOK_2_PruebasBBVA_workspace_servicio-conversion-divisas] INFO  o.eclipse.m2e.core.internal.Bundles - 	Entry: C:\Users\Rosmira\OneDrive\Documentos\CapacitacionSpring\sts-4.29.1.RELEASE\plugins\org.eclipse.m2e.maven.runtime_3.9.900.20250220-2013\jars\plexus-interpolation-1.27.jar
2025-04-13 16:50:05,930 [Worker-21: Launching Executing test in C__Users_Rosmira_Downloads_PruebasOK_2_PruebasBBVA_workspace_servicio-conversion-divisas] INFO  o.eclipse.m2e.core.internal.Bundles - 	Entry: C:\Users\Rosmira\OneDrive\Documentos\CapacitacionSpring\sts-4.29.1.RELEASE\plugins\org.eclipse.m2e.maven.runtime_3.9.900.20250220-2013\jars\plexus-sec-dispatcher-2.0.jar
2025-04-13 16:50:05,930 [Worker-21: Launching Executing test in C__Users_Rosmira_Downloads_PruebasOK_2_PruebasBBVA_workspace_servicio-conversion-divisas] INFO  o.eclipse.m2e.core.internal.Bundles - 	Entry: C:\Users\Rosmira\OneDrive\Documentos\CapacitacionSpring\sts-4.29.1.RELEASE\plugins\org.eclipse.m2e.maven.runtime_3.9.900.20250220-2013\jars\plexus-utils-3.5.1.jar
2025-04-13 16:50:05,930 [Worker-21: Launching Executing test in C__Users_Rosmira_Downloads_PruebasOK_2_PruebasBBVA_workspace_servicio-conversion-divisas] INFO  o.eclipse.m2e.core.internal.Bundles - 	Entry: C:\Users\Rosmira\OneDrive\Documentos\CapacitacionSpring\sts-4.29.1.RELEASE\plugins\org.eclipse.m2e.maven.runtime_3.9.900.20250220-2013\jars\plexus-xml-3.0.1.jar
2025-04-13 16:50:05,930 [Worker-21: Launching Executing test in C__Users_Rosmira_Downloads_PruebasOK_2_PruebasBBVA_workspace_servicio-conversion-divisas] INFO  o.eclipse.m2e.core.internal.Bundles - 	Entry: C:\Users\Rosmira\OneDrive\Documentos\CapacitacionSpring\sts-4.29.1.RELEASE\plugins\org.eclipse.m2e.maven.runtime_3.9.900.20250220-2013\jars\wagon-file-3.5.3.jar
2025-04-13 16:50:05,930 [Worker-21: Launching Executing test in C__Users_Rosmira_Downloads_PruebasOK_2_PruebasBBVA_workspace_servicio-conversion-divisas] INFO  o.eclipse.m2e.core.internal.Bundles - 	Entry: C:\Users\Rosmira\OneDrive\Documentos\CapacitacionSpring\sts-4.29.1.RELEASE\plugins\org.eclipse.m2e.maven.runtime_3.9.900.20250220-2013\jars\wagon-http-3.5.3.jar
2025-04-13 16:50:05,930 [Worker-21: Launching Executing test in C__Users_Rosmira_Downloads_PruebasOK_2_PruebasBBVA_workspace_servicio-conversion-divisas] INFO  o.eclipse.m2e.core.internal.Bundles - 	Entry: C:\Users\Rosmira\OneDrive\Documentos\CapacitacionSpring\sts-4.29.1.RELEASE\plugins\org.eclipse.m2e.maven.runtime_3.9.900.20250220-2013\jars\wagon-http-shared-3.5.3.jar
2025-04-13 16:50:05,930 [Worker-21: Launching Executing test in C__Users_Rosmira_Downloads_PruebasOK_2_PruebasBBVA_workspace_servicio-conversion-divisas] INFO  o.eclipse.m2e.core.internal.Bundles - 	Entry: C:\Users\Rosmira\OneDrive\Documentos\CapacitacionSpring\sts-4.29.1.RELEASE\plugins\org.eclipse.m2e.maven.runtime_3.9.900.20250220-2013\jars\wagon-provider-api-3.5.3.jar
2025-04-13 16:50:05,930 [Worker-21: Launching Executing test in C__Users_Rosmira_Downloads_PruebasOK_2_PruebasBBVA_workspace_servicio-conversion-divisas] INFO  o.eclipse.m2e.core.internal.Bundles - getClasspathEntries(Bundle=com.google.guava_33.4.0.jre [29])
2025-04-13 16:50:05,931 [Worker-21: Launching Executing test in C__Users_Rosmira_Downloads_PruebasOK_2_PruebasBBVA_workspace_servicio-conversion-divisas] INFO  o.eclipse.m2e.core.internal.Bundles - 	Entry: C:\Users\Rosmira\OneDrive\Documentos\CapacitacionSpring\sts-4.29.1.RELEASE\plugins\com.google.guava_33.4.0.jre.jar
2025-04-13 16:50:05,931 [Worker-21: Launching Executing test in C__Users_Rosmira_Downloads_PruebasOK_2_PruebasBBVA_workspace_servicio-conversion-divisas] INFO  o.eclipse.m2e.core.internal.Bundles - getClasspathEntries(Bundle=slf4j.api_2.0.17 [608])
2025-04-13 16:50:05,931 [Worker-21: Launching Executing test in C__Users_Rosmira_Downloads_PruebasOK_2_PruebasBBVA_workspace_servicio-conversion-divisas] INFO  o.eclipse.m2e.core.internal.Bundles - 	Entry: C:\Users\Rosmira\OneDrive\Documentos\CapacitacionSpring\sts-4.29.1.RELEASE\plugins\slf4j.api_2.0.17.jar
2025-04-13 16:50:05,931 [Worker-21: Launching Executing test in C__Users_Rosmira_Downloads_PruebasOK_2_PruebasBBVA_workspace_servicio-conversion-divisas] INFO  o.eclipse.m2e.core.internal.Bundles - getClasspathEntries(Bundle=jakarta.inject.jakarta.inject-api_1.0.5 [45])
2025-04-13 16:50:05,932 [Worker-21: Launching Executing test in C__Users_Rosmira_Downloads_PruebasOK_2_PruebasBBVA_workspace_servicio-conversion-divisas] INFO  o.eclipse.m2e.core.internal.Bundles - 	Entry: C:\Users\Rosmira\OneDrive\Documentos\CapacitacionSpring\sts-4.29.1.RELEASE\plugins\jakarta.inject.jakarta.inject-api_1.0.5.jar
2025-04-13 16:50:05,932 [Worker-21: Launching Executing test in C__Users_Rosmira_Downloads_PruebasOK_2_PruebasBBVA_workspace_servicio-conversion-divisas] INFO  o.eclipse.m2e.core.internal.Bundles - getClasspathEntries(Bundle=jakarta.annotation-api_1.3.5 [41])
2025-04-13 16:50:05,932 [Worker-21: Launching Executing test in C__Users_Rosmira_Downloads_PruebasOK_2_PruebasBBVA_workspace_servicio-conversion-divisas] INFO  o.eclipse.m2e.core.internal.Bundles - 	Entry: C:\Users\Rosmira\OneDrive\Documentos\CapacitacionSpring\sts-4.29.1.RELEASE\plugins\jakarta.annotation-api_1.3.5.jar
2025-04-13 16:50:05,932 [Worker-21: Launching Executing test in C__Users_Rosmira_Downloads_PruebasOK_2_PruebasBBVA_workspace_servicio-conversion-divisas] INFO  o.eclipse.m2e.core.internal.Bundles - getClasspathEntries(Bundle=org.apache.commons.cli_1.9.0 [77])
2025-04-13 16:50:05,933 [Worker-21: Launching Executing test in C__Users_Rosmira_Downloads_PruebasOK_2_PruebasBBVA_workspace_servicio-conversion-divisas] INFO  o.eclipse.m2e.core.internal.Bundles - 	Entry: C:\Users\Rosmira\OneDrive\Documentos\CapacitacionSpring\sts-4.29.1.RELEASE\plugins\org.apache.commons.cli_1.9.0.jar
2025-04-13 16:50:05,933 [Worker-21: Launching Executing test in C__Users_Rosmira_Downloads_PruebasOK_2_PruebasBBVA_workspace_servicio-conversion-divisas] INFO  o.eclipse.m2e.core.internal.Bundles - getClasspathEntries(Bundle=org.apache.commons.commons-codec_1.16.0 [79])
2025-04-13 16:50:05,933 [Worker-21: Launching Executing test in C__Users_Rosmira_Downloads_PruebasOK_2_PruebasBBVA_workspace_servicio-conversion-divisas] INFO  o.eclipse.m2e.core.internal.Bundles - 	Entry: C:\Users\Rosmira\OneDrive\Documentos\CapacitacionSpring\sts-4.29.1.RELEASE\plugins\org.apache.commons.commons-codec_1.16.0.jar
2025-04-13 16:50:05,933 [Worker-21: Launching Executing test in C__Users_Rosmira_Downloads_PruebasOK_2_PruebasBBVA_workspace_servicio-conversion-divisas] INFO  o.eclipse.m2e.core.internal.Bundles - getClasspathEntries(Bundle=com.google.guava.failureaccess_1.0.2 [30])
2025-04-13 16:50:05,933 [Worker-21: Launching Executing test in C__Users_Rosmira_Downloads_PruebasOK_2_PruebasBBVA_workspace_servicio-conversion-divisas] INFO  o.eclipse.m2e.core.internal.Bundles - 	Entry: C:\Users\Rosmira\OneDrive\Documentos\CapacitacionSpring\sts-4.29.1.RELEASE\plugins\com.google.guava.failureaccess_1.0.2.jar
2025-04-13 16:50:05,934 [Worker-21: Launching Executing test in C__Users_Rosmira_Downloads_PruebasOK_2_PruebasBBVA_workspace_servicio-conversion-divisas] INFO  o.e.m.i.launch.MavenLaunchDelegate - Run build in "C:\Users\Rosmira\Downloads\PruebasOK_2\PruebasBBVA\workspace\servicio-conversion-divisas":
2025-04-13 16:50:05,934 [Worker-21: Launching Executing test in C__Users_Rosmira_Downloads_PruebasOK_2_PruebasBBVA_workspace_servicio-conversion-divisas] INFO  o.e.m.i.launch.MavenLaunchDelegate -  mvn  -Ppom.xml -B -Dstyle.color=always test
2025-04-13 16:50:15,093 [Worker-18: Building] ERROR o.e.m.c.i.URLConnectionCaches - Unexpected URLConnection defaultUseCaches enabled
2025-04-13 16:53:30,950 [Worker-22: Building] ERROR o.e.m.c.i.URLConnectionCaches - Unexpected URLConnection defaultUseCaches enabled
2025-04-13 16:53:30,954 [Worker-22: Building] INFO  o.a.m.s.f.DefaultMavenResourcesFiltering - Copying 0 resource from src\main\resources to target\classes
2025-04-13 16:53:30,954 [Worker-22: Building] INFO  o.a.m.s.f.DefaultMavenResourcesFiltering - Copying 0 resource from src\main\resources to target\classes
2025-04-13 16:53:30,956 [Worker-22: Building] INFO  o.a.m.s.f.DefaultMavenResourcesFiltering - skip non existing resourceDirectory C:\Users\Rosmira\Downloads\PruebasOK_2\PruebasBBVA\workspace\servicio-conversion-divisas\src\test\resources
2025-04-13 17:02:48,851 [Worker-25: Building] ERROR o.e.m.c.i.URLConnectionCaches - Unexpected URLConnection defaultUseCaches enabled
2025-04-13 17:02:48,854 [Worker-25: Building] INFO  o.a.m.s.f.DefaultMavenResourcesFiltering - Copying 0 resource from src\main\resources to target\classes
2025-04-13 17:02:48,854 [Worker-25: Building] INFO  o.a.m.s.f.DefaultMavenResourcesFiltering - Copying 0 resource from src\main\resources to target\classes
2025-04-13 17:02:48,856 [Worker-25: Building] INFO  o.a.m.s.f.DefaultMavenResourcesFiltering - skip non existing resourceDirectory C:\Users\Rosmira\Downloads\PruebasOK_2\PruebasBBVA\workspace\servicio-conversion-divisas\src\test\resources
2025-04-13 17:03:26,896 [Worker-25: Building] ERROR o.e.m.c.i.URLConnectionCaches - Unexpected URLConnection defaultUseCaches enabled
2025-04-13 17:03:26,898 [Worker-25: Building] INFO  o.a.m.s.f.DefaultMavenResourcesFiltering - Copying 0 resource from src\main\resources to target\classes
2025-04-13 17:03:26,898 [Worker-25: Building] INFO  o.a.m.s.f.DefaultMavenResourcesFiltering - Copying 0 resource from src\main\resources to target\classes
2025-04-13 17:03:26,900 [Worker-25: Building] INFO  o.a.m.s.f.DefaultMavenResourcesFiltering - skip non existing resourceDirectory C:\Users\Rosmira\Downloads\PruebasOK_2\PruebasBBVA\workspace\servicio-conversion-divisas\src\test\resources
2025-04-13 17:04:51,449 [Worker-22: Building] ERROR o.e.m.c.i.URLConnectionCaches - Unexpected URLConnection defaultUseCaches enabled
2025-04-13 17:04:51,452 [Worker-22: Building] INFO  o.a.m.s.f.DefaultMavenResourcesFiltering - Copying 0 resource from src\main\resources to target\classes
2025-04-13 17:04:51,453 [Worker-22: Building] INFO  o.a.m.s.f.DefaultMavenResourcesFiltering - Copying 0 resource from src\main\resources to target\classes
2025-04-13 17:04:51,455 [Worker-22: Building] INFO  o.a.m.s.f.DefaultMavenResourcesFiltering - skip non existing resourceDirectory C:\Users\Rosmira\Downloads\PruebasOK_2\PruebasBBVA\workspace\servicio-conversion-divisas\src\test\resources
2025-04-13 17:05:27,837 [Worker-17: Building] ERROR o.e.m.c.i.URLConnectionCaches - Unexpected URLConnection defaultUseCaches enabled
2025-04-13 17:05:27,840 [Worker-17: Building] INFO  o.a.m.s.f.DefaultMavenResourcesFiltering - Copying 0 resource from src\main\resources to target\classes
2025-04-13 17:05:27,840 [Worker-17: Building] INFO  o.a.m.s.f.DefaultMavenResourcesFiltering - Copying 0 resource from src\main\resources to target\classes
2025-04-13 17:05:27,841 [Worker-17: Building] INFO  o.a.m.s.f.DefaultMavenResourcesFiltering - skip non existing resourceDirectory C:\Users\Rosmira\Downloads\PruebasOK_2\PruebasBBVA\workspace\servicio-conversion-divisas\src\test\resources
2025-04-13 17:05:47,854 [Worker-23: Building] ERROR o.e.m.c.i.URLConnectionCaches - Unexpected URLConnection defaultUseCaches enabled
2025-04-13 17:05:47,856 [Worker-23: Building] INFO  o.a.m.s.f.DefaultMavenResourcesFiltering - Copying 0 resource from src\main\resources to target\classes
2025-04-13 17:05:47,856 [Worker-23: Building] INFO  o.a.m.s.f.DefaultMavenResourcesFiltering - Copying 0 resource from src\main\resources to target\classes
2025-04-13 17:05:47,858 [Worker-23: Building] INFO  o.a.m.s.f.DefaultMavenResourcesFiltering - skip non existing resourceDirectory C:\Users\Rosmira\Downloads\PruebasOK_2\PruebasBBVA\workspace\servicio-conversion-divisas\src\test\resources
2025-04-13 17:06:08,783 [Worker-25: Building] ERROR o.e.m.c.i.URLConnectionCaches - Unexpected URLConnection defaultUseCaches enabled
2025-04-13 17:06:08,785 [Worker-25: Building] INFO  o.a.m.s.f.DefaultMavenResourcesFiltering - Copying 0 resource from src\main\resources to target\classes
2025-04-13 17:06:08,786 [Worker-25: Building] INFO  o.a.m.s.f.DefaultMavenResourcesFiltering - Copying 0 resource from src\main\resources to target\classes
2025-04-13 17:06:08,787 [Worker-25: Building] INFO  o.a.m.s.f.DefaultMavenResourcesFiltering - skip non existing resourceDirectory C:\Users\Rosmira\Downloads\PruebasOK_2\PruebasBBVA\workspace\servicio-conversion-divisas\src\test\resources
2025-04-13 17:07:00,045 [Worker-20: Building] ERROR o.e.m.c.i.URLConnectionCaches - Unexpected URLConnection defaultUseCaches enabled
2025-04-13 17:07:00,048 [Worker-20: Building] INFO  o.a.m.s.f.DefaultMavenResourcesFiltering - Copying 0 resource from src\main\resources to target\classes
2025-04-13 17:07:00,049 [Worker-20: Building] INFO  o.a.m.s.f.DefaultMavenResourcesFiltering - Copying 0 resource from src\main\resources to target\classes
2025-04-13 17:07:00,050 [Worker-20: Building] INFO  o.a.m.s.f.DefaultMavenResourcesFiltering - skip non existing resourceDirectory C:\Users\Rosmira\Downloads\PruebasOK_2\PruebasBBVA\workspace\servicio-conversion-divisas\src\test\resources
2025-04-13 17:09:25,691 [Worker-22: Building] ERROR o.e.m.c.i.URLConnectionCaches - Unexpected URLConnection defaultUseCaches enabled
2025-04-13 17:09:25,693 [Worker-22: Building] INFO  o.a.m.s.f.DefaultMavenResourcesFiltering - Copying 0 resource from src\main\resources to target\classes
2025-04-13 17:09:25,694 [Worker-22: Building] INFO  o.a.m.s.f.DefaultMavenResourcesFiltering - Copying 0 resource from src\main\resources to target\classes
2025-04-13 17:09:25,695 [Worker-22: Building] INFO  o.a.m.s.f.DefaultMavenResourcesFiltering - skip non existing resourceDirectory C:\Users\Rosmira\Downloads\PruebasOK_2\PruebasBBVA\workspace\servicio-conversion-divisas\src\test\resources
2025-04-13 17:10:34,586 [Worker-23: Building] ERROR o.e.m.c.i.URLConnectionCaches - Unexpected URLConnection defaultUseCaches enabled
2025-04-13 17:10:34,588 [Worker-23: Building] INFO  o.a.m.s.f.DefaultMavenResourcesFiltering - Copying 0 resource from src\main\resources to target\classes
2025-04-13 17:10:34,588 [Worker-23: Building] INFO  o.a.m.s.f.DefaultMavenResourcesFiltering - Copying 0 resource from src\main\resources to target\classes
2025-04-13 17:10:34,590 [Worker-23: Building] INFO  o.a.m.s.f.DefaultMavenResourcesFiltering - skip non existing resourceDirectory C:\Users\Rosmira\Downloads\PruebasOK_2\PruebasBBVA\workspace\servicio-conversion-divisas\src\test\resources
2025-04-13 17:18:06,437 [Worker-22: Building] ERROR o.e.m.c.i.URLConnectionCaches - Unexpected URLConnection defaultUseCaches enabled
2025-04-13 17:18:06,441 [Worker-22: Building] INFO  o.a.m.s.f.DefaultMavenResourcesFiltering - Copying 0 resource from src\main\resources to target\classes
2025-04-13 17:18:06,441 [Worker-22: Building] INFO  o.a.m.s.f.DefaultMavenResourcesFiltering - Copying 0 resource from src\main\resources to target\classes
2025-04-13 17:18:06,442 [Worker-22: Building] INFO  o.a.m.s.f.DefaultMavenResourcesFiltering - skip non existing resourceDirectory C:\Users\Rosmira\Downloads\PruebasOK_2\PruebasBBVA\workspace\servicio-conversion-divisas\src\test\resources
2025-04-13 17:18:54,762 [Worker-25: Building] ERROR o.e.m.c.i.URLConnectionCaches - Unexpected URLConnection defaultUseCaches enabled
2025-04-13 17:18:54,764 [Worker-25: Building] INFO  o.a.m.s.f.DefaultMavenResourcesFiltering - Copying 0 resource from src\main\resources to target\classes
2025-04-13 17:18:54,764 [Worker-25: Building] INFO  o.a.m.s.f.DefaultMavenResourcesFiltering - Copying 0 resource from src\main\resources to target\classes
2025-04-13 17:18:54,765 [Worker-25: Building] INFO  o.a.m.s.f.DefaultMavenResourcesFiltering - skip non existing resourceDirectory C:\Users\Rosmira\Downloads\PruebasOK_2\PruebasBBVA\workspace\servicio-conversion-divisas\src\test\resources
2025-04-13 17:24:29,489 [Worker-20: Building] ERROR o.e.m.c.i.URLConnectionCaches - Unexpected URLConnection defaultUseCaches enabled
2025-04-13 17:24:29,491 [Worker-20: Building] INFO  o.a.m.s.f.DefaultMavenResourcesFiltering - Copying 0 resource from src\main\resources to target\classes
2025-04-13 17:24:29,492 [Worker-20: Building] INFO  o.a.m.s.f.DefaultMavenResourcesFiltering - Copying 0 resource from src\main\resources to target\classes
2025-04-13 17:24:29,493 [Worker-20: Building] INFO  o.a.m.s.f.DefaultMavenResourcesFiltering - skip non existing resourceDirectory C:\Users\Rosmira\Downloads\PruebasOK_2\PruebasBBVA\workspace\servicio-conversion-divisas\src\test\resources
2025-04-13 17:24:57,149 [Worker-26: Building] ERROR o.e.m.c.i.URLConnectionCaches - Unexpected URLConnection defaultUseCaches enabled
2025-04-13 17:24:57,152 [Worker-26: Building] INFO  o.a.m.s.f.DefaultMavenResourcesFiltering - Copying 0 resource from src\main\resources to target\classes
2025-04-13 17:24:57,152 [Worker-26: Building] INFO  o.a.m.s.f.DefaultMavenResourcesFiltering - Copying 0 resource from src\main\resources to target\classes
2025-04-13 17:24:57,153 [Worker-26: Building] INFO  o.a.m.s.f.DefaultMavenResourcesFiltering - skip non existing resourceDirectory C:\Users\Rosmira\Downloads\PruebasOK_2\PruebasBBVA\workspace\servicio-conversion-divisas\src\test\resources
2025-04-13 17:25:27,202 [Worker-19: Launching Executing test in C__Users_Rosmira_Downloads_PruebasOK_2_PruebasBBVA_workspace_servicio-conversion-divisas] INFO  o.eclipse.m2e.core.internal.Bundles - getClasspathEntries(Bundle=org.eclipse.m2e.maven.runtime_3.9.900.20250220-2013 [361])
2025-04-13 17:25:27,202 [Worker-19: Launching Executing test in C__Users_Rosmira_Downloads_PruebasOK_2_PruebasBBVA_workspace_servicio-conversion-divisas] INFO  o.eclipse.m2e.core.internal.Bundles - 	Entry: C:\Users\Rosmira\OneDrive\Documentos\CapacitacionSpring\sts-4.29.1.RELEASE\plugins\org.eclipse.m2e.maven.runtime_3.9.900.20250220-2013
2025-04-13 17:25:27,203 [Worker-19: Launching Executing test in C__Users_Rosmira_Downloads_PruebasOK_2_PruebasBBVA_workspace_servicio-conversion-divisas] INFO  o.eclipse.m2e.core.internal.Bundles - 	Entry: C:\Users\Rosmira\OneDrive\Documentos\CapacitacionSpring\sts-4.29.1.RELEASE\plugins\org.eclipse.m2e.maven.runtime_3.9.900.20250220-2013\jars\aopalliance-1.0.jar
2025-04-13 17:25:27,203 [Worker-19: Launching Executing test in C__Users_Rosmira_Downloads_PruebasOK_2_PruebasBBVA_workspace_servicio-conversion-divisas] INFO  o.eclipse.m2e.core.internal.Bundles - 	Entry: C:\Users\Rosmira\OneDrive\Documentos\CapacitacionSpring\sts-4.29.1.RELEASE\plugins\org.eclipse.m2e.maven.runtime_3.9.900.20250220-2013\jars\guice-5.1.0.jar
2025-04-13 17:25:27,203 [Worker-19: Launching Executing test in C__Users_Rosmira_Downloads_PruebasOK_2_PruebasBBVA_workspace_servicio-conversion-divisas] INFO  o.eclipse.m2e.core.internal.Bundles - 	Entry: C:\Users\Rosmira\OneDrive\Documentos\CapacitacionSpring\sts-4.29.1.RELEASE\plugins\org.eclipse.m2e.maven.runtime_3.9.900.20250220-2013\jars\httpclient-4.5.14.jar
2025-04-13 17:25:27,203 [Worker-19: Launching Executing test in C__Users_Rosmira_Downloads_PruebasOK_2_PruebasBBVA_workspace_servicio-conversion-divisas] INFO  o.eclipse.m2e.core.internal.Bundles - 	Entry: C:\Users\Rosmira\OneDrive\Documentos\CapacitacionSpring\sts-4.29.1.RELEASE\plugins\org.eclipse.m2e.maven.runtime_3.9.900.20250220-2013\jars\httpcore-4.4.16.jar
2025-04-13 17:25:27,203 [Worker-19: Launching Executing test in C__Users_Rosmira_Downloads_PruebasOK_2_PruebasBBVA_workspace_servicio-conversion-divisas] INFO  o.eclipse.m2e.core.internal.Bundles - 	Entry: C:\Users\Rosmira\OneDrive\Documentos\CapacitacionSpring\sts-4.29.1.RELEASE\plugins\org.eclipse.m2e.maven.runtime_3.9.900.20250220-2013\jars\jansi-2.4.1.jar
2025-04-13 17:25:27,203 [Worker-19: Launching Executing test in C__Users_Rosmira_Downloads_PruebasOK_2_PruebasBBVA_workspace_servicio-conversion-divisas] INFO  o.eclipse.m2e.core.internal.Bundles - 	Entry: C:\Users\Rosmira\OneDrive\Documentos\CapacitacionSpring\sts-4.29.1.RELEASE\plugins\org.eclipse.m2e.maven.runtime_3.9.900.20250220-2013\jars\jcl-over-slf4j-1.7.36.jar
2025-04-13 17:25:27,203 [Worker-19: Launching Executing test in C__Users_Rosmira_Downloads_PruebasOK_2_PruebasBBVA_workspace_servicio-conversion-divisas] INFO  o.eclipse.m2e.core.internal.Bundles - 	Entry: C:\Users\Rosmira\OneDrive\Documentos\CapacitacionSpring\sts-4.29.1.RELEASE\plugins\org.eclipse.m2e.maven.runtime_3.9.900.20250220-2013\jars\maven-artifact-3.9.9.jar
2025-04-13 17:25:27,203 [Worker-19: Launching Executing test in C__Users_Rosmira_Downloads_PruebasOK_2_PruebasBBVA_workspace_servicio-conversion-divisas] INFO  o.eclipse.m2e.core.internal.Bundles - 	Entry: C:\Users\Rosmira\OneDrive\Documentos\CapacitacionSpring\sts-4.29.1.RELEASE\plugins\org.eclipse.m2e.maven.runtime_3.9.900.20250220-2013\jars\maven-builder-support-3.9.9.jar
2025-04-13 17:25:27,203 [Worker-19: Launching Executing test in C__Users_Rosmira_Downloads_PruebasOK_2_PruebasBBVA_workspace_servicio-conversion-divisas] INFO  o.eclipse.m2e.core.internal.Bundles - 	Entry: C:\Users\Rosmira\OneDrive\Documentos\CapacitacionSpring\sts-4.29.1.RELEASE\plugins\org.eclipse.m2e.maven.runtime_3.9.900.20250220-2013\jars\maven-compat-3.9.9.jar
2025-04-13 17:25:27,203 [Worker-19: Launching Executing test in C__Users_Rosmira_Downloads_PruebasOK_2_PruebasBBVA_workspace_servicio-conversion-divisas] INFO  o.eclipse.m2e.core.internal.Bundles - 	Entry: C:\Users\Rosmira\OneDrive\Documentos\CapacitacionSpring\sts-4.29.1.RELEASE\plugins\org.eclipse.m2e.maven.runtime_3.9.900.20250220-2013\jars\maven-core-3.9.9.jar
2025-04-13 17:25:27,203 [Worker-19: Launching Executing test in C__Users_Rosmira_Downloads_PruebasOK_2_PruebasBBVA_workspace_servicio-conversion-divisas] INFO  o.eclipse.m2e.core.internal.Bundles - 	Entry: C:\Users\Rosmira\OneDrive\Documentos\CapacitacionSpring\sts-4.29.1.RELEASE\plugins\org.eclipse.m2e.maven.runtime_3.9.900.20250220-2013\jars\maven-embedder-3.9.9.jar
2025-04-13 17:25:27,203 [Worker-19: Launching Executing test in C__Users_Rosmira_Downloads_PruebasOK_2_PruebasBBVA_workspace_servicio-conversion-divisas] INFO  o.eclipse.m2e.core.internal.Bundles - 	Entry: C:\Users\Rosmira\OneDrive\Documentos\CapacitacionSpring\sts-4.29.1.RELEASE\plugins\org.eclipse.m2e.maven.runtime_3.9.900.20250220-2013\jars\maven-model-3.9.9.jar
2025-04-13 17:25:27,203 [Worker-19: Launching Executing test in C__Users_Rosmira_Downloads_PruebasOK_2_PruebasBBVA_workspace_servicio-conversion-divisas] INFO  o.eclipse.m2e.core.internal.Bundles - 	Entry: C:\Users\Rosmira\OneDrive\Documentos\CapacitacionSpring\sts-4.29.1.RELEASE\plugins\org.eclipse.m2e.maven.runtime_3.9.900.20250220-2013\jars\maven-model-builder-3.9.9.jar
2025-04-13 17:25:27,204 [Worker-19: Launching Executing test in C__Users_Rosmira_Downloads_PruebasOK_2_PruebasBBVA_workspace_servicio-conversion-divisas] INFO  o.eclipse.m2e.core.internal.Bundles - 	Entry: C:\Users\Rosmira\OneDrive\Documentos\CapacitacionSpring\sts-4.29.1.RELEASE\plugins\org.eclipse.m2e.maven.runtime_3.9.900.20250220-2013\jars\maven-plugin-api-3.9.9.jar
2025-04-13 17:25:27,204 [Worker-19: Launching Executing test in C__Users_Rosmira_Downloads_PruebasOK_2_PruebasBBVA_workspace_servicio-conversion-divisas] INFO  o.eclipse.m2e.core.internal.Bundles - 	Entry: C:\Users\Rosmira\OneDrive\Documentos\CapacitacionSpring\sts-4.29.1.RELEASE\plugins\org.eclipse.m2e.maven.runtime_3.9.900.20250220-2013\jars\maven-repository-metadata-3.9.9.jar
2025-04-13 17:25:27,204 [Worker-19: Launching Executing test in C__Users_Rosmira_Downloads_PruebasOK_2_PruebasBBVA_workspace_servicio-conversion-divisas] INFO  o.eclipse.m2e.core.internal.Bundles - 	Entry: C:\Users\Rosmira\OneDrive\Documentos\CapacitacionSpring\sts-4.29.1.RELEASE\plugins\org.eclipse.m2e.maven.runtime_3.9.900.20250220-2013\jars\maven-resolver-api-1.9.22.jar
2025-04-13 17:25:27,204 [Worker-19: Launching Executing test in C__Users_Rosmira_Downloads_PruebasOK_2_PruebasBBVA_workspace_servicio-conversion-divisas] INFO  o.eclipse.m2e.core.internal.Bundles - 	Entry: C:\Users\Rosmira\OneDrive\Documentos\CapacitacionSpring\sts-4.29.1.RELEASE\plugins\org.eclipse.m2e.maven.runtime_3.9.900.20250220-2013\jars\maven-resolver-connector-basic-1.9.22.jar
2025-04-13 17:25:27,204 [Worker-19: Launching Executing test in C__Users_Rosmira_Downloads_PruebasOK_2_PruebasBBVA_workspace_servicio-conversion-divisas] INFO  o.eclipse.m2e.core.internal.Bundles - 	Entry: C:\Users\Rosmira\OneDrive\Documentos\CapacitacionSpring\sts-4.29.1.RELEASE\plugins\org.eclipse.m2e.maven.runtime_3.9.900.20250220-2013\jars\maven-resolver-impl-1.9.22.jar
2025-04-13 17:25:27,204 [Worker-19: Launching Executing test in C__Users_Rosmira_Downloads_PruebasOK_2_PruebasBBVA_workspace_servicio-conversion-divisas] INFO  o.eclipse.m2e.core.internal.Bundles - 	Entry: C:\Users\Rosmira\OneDrive\Documentos\CapacitacionSpring\sts-4.29.1.RELEASE\plugins\org.eclipse.m2e.maven.runtime_3.9.900.20250220-2013\jars\maven-resolver-named-locks-1.9.22.jar
2025-04-13 17:25:27,204 [Worker-19: Launching Executing test in C__Users_Rosmira_Downloads_PruebasOK_2_PruebasBBVA_workspace_servicio-conversion-divisas] INFO  o.eclipse.m2e.core.internal.Bundles - 	Entry: C:\Users\Rosmira\OneDrive\Documentos\CapacitacionSpring\sts-4.29.1.RELEASE\plugins\org.eclipse.m2e.maven.runtime_3.9.900.20250220-2013\jars\maven-resolver-provider-3.9.9.jar
2025-04-13 17:25:27,204 [Worker-19: Launching Executing test in C__Users_Rosmira_Downloads_PruebasOK_2_PruebasBBVA_workspace_servicio-conversion-divisas] INFO  o.eclipse.m2e.core.internal.Bundles - 	Entry: C:\Users\Rosmira\OneDrive\Documentos\CapacitacionSpring\sts-4.29.1.RELEASE\plugins\org.eclipse.m2e.maven.runtime_3.9.900.20250220-2013\jars\maven-resolver-spi-1.9.22.jar
2025-04-13 17:25:27,204 [Worker-19: Launching Executing test in C__Users_Rosmira_Downloads_PruebasOK_2_PruebasBBVA_workspace_servicio-conversion-divisas] INFO  o.eclipse.m2e.core.internal.Bundles - 	Entry: C:\Users\Rosmira\OneDrive\Documentos\CapacitacionSpring\sts-4.29.1.RELEASE\plugins\org.eclipse.m2e.maven.runtime_3.9.900.20250220-2013\jars\maven-resolver-transport-file-1.9.22.jar
2025-04-13 17:25:27,204 [Worker-19: Launching Executing test in C__Users_Rosmira_Downloads_PruebasOK_2_PruebasBBVA_workspace_servicio-conversion-divisas] INFO  o.eclipse.m2e.core.internal.Bundles - 	Entry: C:\Users\Rosmira\OneDrive\Documentos\CapacitacionSpring\sts-4.29.1.RELEASE\plugins\org.eclipse.m2e.maven.runtime_3.9.900.20250220-2013\jars\maven-resolver-transport-http-1.9.22.jar
2025-04-13 17:25:27,204 [Worker-19: Launching Executing test in C__Users_Rosmira_Downloads_PruebasOK_2_PruebasBBVA_workspace_servicio-conversion-divisas] INFO  o.eclipse.m2e.core.internal.Bundles - 	Entry: C:\Users\Rosmira\OneDrive\Documentos\CapacitacionSpring\sts-4.29.1.RELEASE\plugins\org.eclipse.m2e.maven.runtime_3.9.900.20250220-2013\jars\maven-resolver-transport-wagon-1.9.22.jar
2025-04-13 17:25:27,204 [Worker-19: Launching Executing test in C__Users_Rosmira_Downloads_PruebasOK_2_PruebasBBVA_workspace_servicio-conversion-divisas] INFO  o.eclipse.m2e.core.internal.Bundles - 	Entry: C:\Users\Rosmira\OneDrive\Documentos\CapacitacionSpring\sts-4.29.1.RELEASE\plugins\org.eclipse.m2e.maven.runtime_3.9.900.20250220-2013\jars\maven-resolver-util-1.9.22.jar
2025-04-13 17:25:27,204 [Worker-19: Launching Executing test in C__Users_Rosmira_Downloads_PruebasOK_2_PruebasBBVA_workspace_servicio-conversion-divisas] INFO  o.eclipse.m2e.core.internal.Bundles - 	Entry: C:\Users\Rosmira\OneDrive\Documentos\CapacitacionSpring\sts-4.29.1.RELEASE\plugins\org.eclipse.m2e.maven.runtime_3.9.900.20250220-2013\jars\maven-settings-3.9.9.jar
2025-04-13 17:25:27,204 [Worker-19: Launching Executing test in C__Users_Rosmira_Downloads_PruebasOK_2_PruebasBBVA_workspace_servicio-conversion-divisas] INFO  o.eclipse.m2e.core.internal.Bundles - 	Entry: C:\Users\Rosmira\OneDrive\Documentos\CapacitacionSpring\sts-4.29.1.RELEASE\plugins\org.eclipse.m2e.maven.runtime_3.9.900.20250220-2013\jars\maven-settings-builder-3.9.9.jar
2025-04-13 17:25:27,204 [Worker-19: Launching Executing test in C__Users_Rosmira_Downloads_PruebasOK_2_PruebasBBVA_workspace_servicio-conversion-divisas] INFO  o.eclipse.m2e.core.internal.Bundles - 	Entry: C:\Users\Rosmira\OneDrive\Documentos\CapacitacionSpring\sts-4.29.1.RELEASE\plugins\org.eclipse.m2e.maven.runtime_3.9.900.20250220-2013\jars\maven-shared-utils-3.4.2.jar
2025-04-13 17:25:27,204 [Worker-19: Launching Executing test in C__Users_Rosmira_Downloads_PruebasOK_2_PruebasBBVA_workspace_servicio-conversion-divisas] INFO  o.eclipse.m2e.core.internal.Bundles - 	Entry: C:\Users\Rosmira\OneDrive\Documentos\CapacitacionSpring\sts-4.29.1.RELEASE\plugins\org.eclipse.m2e.maven.runtime_3.9.900.20250220-2013\jars\org.eclipse.sisu.inject-0.9.0.M3.jar
2025-04-13 17:25:27,204 [Worker-19: Launching Executing test in C__Users_Rosmira_Downloads_PruebasOK_2_PruebasBBVA_workspace_servicio-conversion-divisas] INFO  o.eclipse.m2e.core.internal.Bundles - 	Entry: C:\Users\Rosmira\OneDrive\Documentos\CapacitacionSpring\sts-4.29.1.RELEASE\plugins\org.eclipse.m2e.maven.runtime_3.9.900.20250220-2013\jars\org.eclipse.sisu.plexus-0.9.0.M3.jar
2025-04-13 17:25:27,205 [Worker-19: Launching Executing test in C__Users_Rosmira_Downloads_PruebasOK_2_PruebasBBVA_workspace_servicio-conversion-divisas] INFO  o.eclipse.m2e.core.internal.Bundles - 	Entry: C:\Users\Rosmira\OneDrive\Documentos\CapacitacionSpring\sts-4.29.1.RELEASE\plugins\org.eclipse.m2e.maven.runtime_3.9.900.20250220-2013\jars\plexus-build-api-0.0.7.jar
2025-04-13 17:25:27,205 [Worker-19: Launching Executing test in C__Users_Rosmira_Downloads_PruebasOK_2_PruebasBBVA_workspace_servicio-conversion-divisas] INFO  o.eclipse.m2e.core.internal.Bundles - 	Entry: C:\Users\Rosmira\OneDrive\Documentos\CapacitacionSpring\sts-4.29.1.RELEASE\plugins\org.eclipse.m2e.maven.runtime_3.9.900.20250220-2013\jars\plexus-build-api-1.2.0.jar
2025-04-13 17:25:27,205 [Worker-19: Launching Executing test in C__Users_Rosmira_Downloads_PruebasOK_2_PruebasBBVA_workspace_servicio-conversion-divisas] INFO  o.eclipse.m2e.core.internal.Bundles - 	Entry: C:\Users\Rosmira\OneDrive\Documentos\CapacitacionSpring\sts-4.29.1.RELEASE\plugins\org.eclipse.m2e.maven.runtime_3.9.900.20250220-2013\jars\plexus-cipher-2.0.jar
2025-04-13 17:25:27,205 [Worker-19: Launching Executing test in C__Users_Rosmira_Downloads_PruebasOK_2_PruebasBBVA_workspace_servicio-conversion-divisas] INFO  o.eclipse.m2e.core.internal.Bundles - 	Entry: C:\Users\Rosmira\OneDrive\Documentos\CapacitacionSpring\sts-4.29.1.RELEASE\plugins\org.eclipse.m2e.maven.runtime_3.9.900.20250220-2013\jars\plexus-classworlds-2.8.0.jar
2025-04-13 17:25:27,205 [Worker-19: Launching Executing test in C__Users_Rosmira_Downloads_PruebasOK_2_PruebasBBVA_workspace_servicio-conversion-divisas] INFO  o.eclipse.m2e.core.internal.Bundles - 	Entry: C:\Users\Rosmira\OneDrive\Documentos\CapacitacionSpring\sts-4.29.1.RELEASE\plugins\org.eclipse.m2e.maven.runtime_3.9.900.20250220-2013\jars\plexus-component-annotations-2.1.0.jar
2025-04-13 17:25:27,205 [Worker-19: Launching Executing test in C__Users_Rosmira_Downloads_PruebasOK_2_PruebasBBVA_workspace_servicio-conversion-divisas] INFO  o.eclipse.m2e.core.internal.Bundles - 	Entry: C:\Users\Rosmira\OneDrive\Documentos\CapacitacionSpring\sts-4.29.1.RELEASE\plugins\org.eclipse.m2e.maven.runtime_3.9.900.20250220-2013\jars\plexus-interpolation-1.27.jar
2025-04-13 17:25:27,205 [Worker-19: Launching Executing test in C__Users_Rosmira_Downloads_PruebasOK_2_PruebasBBVA_workspace_servicio-conversion-divisas] INFO  o.eclipse.m2e.core.internal.Bundles - 	Entry: C:\Users\Rosmira\OneDrive\Documentos\CapacitacionSpring\sts-4.29.1.RELEASE\plugins\org.eclipse.m2e.maven.runtime_3.9.900.20250220-2013\jars\plexus-sec-dispatcher-2.0.jar
2025-04-13 17:25:27,205 [Worker-19: Launching Executing test in C__Users_Rosmira_Downloads_PruebasOK_2_PruebasBBVA_workspace_servicio-conversion-divisas] INFO  o.eclipse.m2e.core.internal.Bundles - 	Entry: C:\Users\Rosmira\OneDrive\Documentos\CapacitacionSpring\sts-4.29.1.RELEASE\plugins\org.eclipse.m2e.maven.runtime_3.9.900.20250220-2013\jars\plexus-utils-3.5.1.jar
2025-04-13 17:25:27,205 [Worker-19: Launching Executing test in C__Users_Rosmira_Downloads_PruebasOK_2_PruebasBBVA_workspace_servicio-conversion-divisas] INFO  o.eclipse.m2e.core.internal.Bundles - 	Entry: C:\Users\Rosmira\OneDrive\Documentos\CapacitacionSpring\sts-4.29.1.RELEASE\plugins\org.eclipse.m2e.maven.runtime_3.9.900.20250220-2013\jars\plexus-xml-3.0.1.jar
2025-04-13 17:25:27,205 [Worker-19: Launching Executing test in C__Users_Rosmira_Downloads_PruebasOK_2_PruebasBBVA_workspace_servicio-conversion-divisas] INFO  o.eclipse.m2e.core.internal.Bundles - 	Entry: C:\Users\Rosmira\OneDrive\Documentos\CapacitacionSpring\sts-4.29.1.RELEASE\plugins\org.eclipse.m2e.maven.runtime_3.9.900.20250220-2013\jars\wagon-file-3.5.3.jar
2025-04-13 17:25:27,205 [Worker-19: Launching Executing test in C__Users_Rosmira_Downloads_PruebasOK_2_PruebasBBVA_workspace_servicio-conversion-divisas] INFO  o.eclipse.m2e.core.internal.Bundles - 	Entry: C:\Users\Rosmira\OneDrive\Documentos\CapacitacionSpring\sts-4.29.1.RELEASE\plugins\org.eclipse.m2e.maven.runtime_3.9.900.20250220-2013\jars\wagon-http-3.5.3.jar
2025-04-13 17:25:27,205 [Worker-19: Launching Executing test in C__Users_Rosmira_Downloads_PruebasOK_2_PruebasBBVA_workspace_servicio-conversion-divisas] INFO  o.eclipse.m2e.core.internal.Bundles - 	Entry: C:\Users\Rosmira\OneDrive\Documentos\CapacitacionSpring\sts-4.29.1.RELEASE\plugins\org.eclipse.m2e.maven.runtime_3.9.900.20250220-2013\jars\wagon-http-shared-3.5.3.jar
2025-04-13 17:25:27,205 [Worker-19: Launching Executing test in C__Users_Rosmira_Downloads_PruebasOK_2_PruebasBBVA_workspace_servicio-conversion-divisas] INFO  o.eclipse.m2e.core.internal.Bundles - 	Entry: C:\Users\Rosmira\OneDrive\Documentos\CapacitacionSpring\sts-4.29.1.RELEASE\plugins\org.eclipse.m2e.maven.runtime_3.9.900.20250220-2013\jars\wagon-provider-api-3.5.3.jar
2025-04-13 17:25:27,205 [Worker-19: Launching Executing test in C__Users_Rosmira_Downloads_PruebasOK_2_PruebasBBVA_workspace_servicio-conversion-divisas] INFO  o.eclipse.m2e.core.internal.Bundles - getClasspathEntries(Bundle=com.google.guava_33.4.0.jre [29])
2025-04-13 17:25:27,206 [Worker-19: Launching Executing test in C__Users_Rosmira_Downloads_PruebasOK_2_PruebasBBVA_workspace_servicio-conversion-divisas] INFO  o.eclipse.m2e.core.internal.Bundles - 	Entry: C:\Users\Rosmira\OneDrive\Documentos\CapacitacionSpring\sts-4.29.1.RELEASE\plugins\com.google.guava_33.4.0.jre.jar
2025-04-13 17:25:27,206 [Worker-19: Launching Executing test in C__Users_Rosmira_Downloads_PruebasOK_2_PruebasBBVA_workspace_servicio-conversion-divisas] INFO  o.eclipse.m2e.core.internal.Bundles - getClasspathEntries(Bundle=slf4j.api_2.0.17 [608])
2025-04-13 17:25:27,206 [Worker-19: Launching Executing test in C__Users_Rosmira_Downloads_PruebasOK_2_PruebasBBVA_workspace_servicio-conversion-divisas] INFO  o.eclipse.m2e.core.internal.Bundles - 	Entry: C:\Users\Rosmira\OneDrive\Documentos\CapacitacionSpring\sts-4.29.1.RELEASE\plugins\slf4j.api_2.0.17.jar
2025-04-13 17:25:27,206 [Worker-19: Launching Executing test in C__Users_Rosmira_Downloads_PruebasOK_2_PruebasBBVA_workspace_servicio-conversion-divisas] INFO  o.eclipse.m2e.core.internal.Bundles - getClasspathEntries(Bundle=jakarta.inject.jakarta.inject-api_1.0.5 [45])
2025-04-13 17:25:27,206 [Worker-19: Launching Executing test in C__Users_Rosmira_Downloads_PruebasOK_2_PruebasBBVA_workspace_servicio-conversion-divisas] INFO  o.eclipse.m2e.core.internal.Bundles - 	Entry: C:\Users\Rosmira\OneDrive\Documentos\CapacitacionSpring\sts-4.29.1.RELEASE\plugins\jakarta.inject.jakarta.inject-api_1.0.5.jar
2025-04-13 17:25:27,206 [Worker-19: Launching Executing test in C__Users_Rosmira_Downloads_PruebasOK_2_PruebasBBVA_workspace_servicio-conversion-divisas] INFO  o.eclipse.m2e.core.internal.Bundles - getClasspathEntries(Bundle=jakarta.annotation-api_1.3.5 [41])
2025-04-13 17:25:27,206 [Worker-19: Launching Executing test in C__Users_Rosmira_Downloads_PruebasOK_2_PruebasBBVA_workspace_servicio-conversion-divisas] INFO  o.eclipse.m2e.core.internal.Bundles - 	Entry: C:\Users\Rosmira\OneDrive\Documentos\CapacitacionSpring\sts-4.29.1.RELEASE\plugins\jakarta.annotation-api_1.3.5.jar
2025-04-13 17:25:27,206 [Worker-19: Launching Executing test in C__Users_Rosmira_Downloads_PruebasOK_2_PruebasBBVA_workspace_servicio-conversion-divisas] INFO  o.eclipse.m2e.core.internal.Bundles - getClasspathEntries(Bundle=org.apache.commons.cli_1.9.0 [77])
2025-04-13 17:25:27,207 [Worker-19: Launching Executing test in C__Users_Rosmira_Downloads_PruebasOK_2_PruebasBBVA_workspace_servicio-conversion-divisas] INFO  o.eclipse.m2e.core.internal.Bundles - 	Entry: C:\Users\Rosmira\OneDrive\Documentos\CapacitacionSpring\sts-4.29.1.RELEASE\plugins\org.apache.commons.cli_1.9.0.jar
2025-04-13 17:25:27,207 [Worker-19: Launching Executing test in C__Users_Rosmira_Downloads_PruebasOK_2_PruebasBBVA_workspace_servicio-conversion-divisas] INFO  o.eclipse.m2e.core.internal.Bundles - getClasspathEntries(Bundle=org.apache.commons.commons-codec_1.16.0 [79])
2025-04-13 17:25:27,207 [Worker-19: Launching Executing test in C__Users_Rosmira_Downloads_PruebasOK_2_PruebasBBVA_workspace_servicio-conversion-divisas] INFO  o.eclipse.m2e.core.internal.Bundles - 	Entry: C:\Users\Rosmira\OneDrive\Documentos\CapacitacionSpring\sts-4.29.1.RELEASE\plugins\org.apache.commons.commons-codec_1.16.0.jar
2025-04-13 17:25:27,207 [Worker-19: Launching Executing test in C__Users_Rosmira_Downloads_PruebasOK_2_PruebasBBVA_workspace_servicio-conversion-divisas] INFO  o.eclipse.m2e.core.internal.Bundles - getClasspathEntries(Bundle=com.google.guava.failureaccess_1.0.2 [30])
2025-04-13 17:25:27,207 [Worker-19: Launching Executing test in C__Users_Rosmira_Downloads_PruebasOK_2_PruebasBBVA_workspace_servicio-conversion-divisas] INFO  o.eclipse.m2e.core.internal.Bundles - 	Entry: C:\Users\Rosmira\OneDrive\Documentos\CapacitacionSpring\sts-4.29.1.RELEASE\plugins\com.google.guava.failureaccess_1.0.2.jar
2025-04-13 17:25:27,208 [Worker-19: Launching Executing test in C__Users_Rosmira_Downloads_PruebasOK_2_PruebasBBVA_workspace_servicio-conversion-divisas] INFO  o.e.m.i.launch.MavenLaunchDelegate - Run build in "C:\Users\Rosmira\Downloads\PruebasOK_2\PruebasBBVA\workspace\servicio-conversion-divisas":
2025-04-13 17:25:27,208 [Worker-19: Launching Executing test in C__Users_Rosmira_Downloads_PruebasOK_2_PruebasBBVA_workspace_servicio-conversion-divisas] INFO  o.e.m.i.launch.MavenLaunchDelegate -  mvn  -Ppom.xml -B -Dstyle.color=always test
2025-04-13 17:25:36,328 [Worker-24: Building] ERROR o.e.m.c.i.URLConnectionCaches - Unexpected URLConnection defaultUseCaches enabled
2025-04-13 17:32:07,976 [Worker-6: Loading available Gradle versions] INFO  o.e.b.c.i.u.g.PublishedGradleVersions - Gradle version information cache is up-to-date. Trying to read.
2025-04-13 17:36:06,394 [Worker-18: Building] ERROR o.e.m.c.i.URLConnectionCaches - Unexpected URLConnection defaultUseCaches enabled
2025-04-13 17:36:06,480 [Worker-18: Building] INFO  o.a.m.s.f.DefaultMavenResourcesFiltering - Copying 1 resource from src\main\resources to target\classes
2025-04-13 17:36:06,491 [Worker-18: Building] INFO  o.a.m.s.f.DefaultMavenResourcesFiltering - Copying 2 resources from src\main\resources to target\classes
2025-04-13 17:36:06,495 [Worker-18: Building] INFO  o.a.m.s.f.DefaultMavenResourcesFiltering - skip non existing resourceDirectory C:\PruebasBBVA\PruebasBBVA\workspace\servicio-conversion-divisas\src\test\resources
2025-04-13 17:36:32,244 [Worker-9: Building] ERROR o.e.m.c.i.URLConnectionCaches - Unexpected URLConnection defaultUseCaches enabled
2025-04-13 17:36:32,248 [Worker-9: Building] INFO  o.a.m.s.f.DefaultMavenResourcesFiltering - Copying 1 resource from src\main\resources to target\classes
2025-04-13 17:36:32,252 [Worker-9: Building] INFO  o.a.m.s.f.DefaultMavenResourcesFiltering - Copying 2 resources from src\main\resources to target\classes
2025-04-13 17:36:32,255 [Worker-9: Building] INFO  o.a.m.s.f.DefaultMavenResourcesFiltering - skip non existing resourceDirectory C:\PruebasBBVA\PruebasBBVA\workspace\servicio-conversion-divisas\src\test\resources
